name,    designation,    rho,    P_target,    P_1comp,    P_1compv,    N_sample
HD 140901,Gaia DR3 6009538585839374336,2.738513990852678,[0.92625959],[1.69643953e-01 5.82400237e-15],[3.13230864e-01 2.28557978e-50],600
GU Psc,Gaia DR3 2784120641627589760,6.435800139879736,[0.98798962],[1.49713055e-01 1.12214273e-11],[3.20820851e-01 3.76399110e-53],600
GJ 393,Gaia DR3 3855208897392952192,3.9573500478258685,[0.98474203],[1.67276668e-01 8.90911946e-15],[3.32890061e-01 5.30188842e-57],600
K2-349,Gaia DR3 3608708904525885440,0.3797215259169397,[0.07048063],[2.50266940e-01 3.65308588e-32],[3.33477418e-01 2.09438341e-57],600
K2-209,Gaia DR3 2537467988442521600,0.06707244247396954,[8.24554247e-05],[2.11074741e-01 6.45682722e-23],[3.33905614e-01 2.34177201e-57],600
K2-48,Gaia DR3 3799841752426128896,0.9670033249171642,[0.72117083],[2.00480835e-01 1.36192178e-20],[3.42431538e-01 1.35894072e-60],600
Kepler-974,Gaia DR3 2103377980301947264,5.242793991468076,[0.98550867],[1.65790614e-01 3.47666400e-14],[3.20566048e-01 1.06427966e-52],600
Kepler-1774,Gaia DR3 2102110724433416960,0.29724693438161237,[0.04968181],[2.19530495e-01 5.52582006e-25],[3.23365007e-01 9.87719533e-54],600
Kepler-138,Gaia DR3 2102053446751282944,2.024870321355425,[0.30525357],[1.91825101e-01 4.88429462e-19],[3.36368122e-01 1.26004687e-58],600
Kepler-463,Gaia DR3 2079192121810035840,0.014157601244464007,[1.73933548e-07],[1.74804305e-01 6.06139633e-16],[3.33013751e-01 9.50221299e-57],600
HD 77338,Gaia DR3 5649661592466640000,0.26362332031472246,[0.07702286],[1.84223376e-01 9.89242521e-18],[3.24855291e-01 2.48869759e-54],600
Kepler-219,Gaia DR3 2127771917075703424,2.69845278226722,[0.98880341],[2.11826882e-01 1.96630397e-23],[3.28003127e-01 2.08721159e-55],600
HD 207897,Gaia DR3 2300641567596591488,1.9116632709079682,[0.83443245],[1.73910164e-01 1.18578329e-15],[3.33408620e-01 5.51511024e-57],600
HD 22946,Gaia DR3 4848767461548943104,1.7579512274751123,[0.84817812],[1.44297529e-01 6.26645008e-11],[3.17097767e-01 4.38684730e-52],600
TOI-1333,Gaia DR3 1978027916667478656,3.9936095521707853,[0.97849769],[1.86052325e-01 8.32725794e-18],[3.34274447e-01 1.38272515e-57],600
HD 5278,Gaia DR3 4617759514501503616,0.27470565790650003,[0.18277243],[1.35906324e-01 8.34400957e-10],[3.15546294e-01 2.16359214e-51],600
K2-186,Gaia DR3 612404474610535936,0.600828916348674,[0.00090239],[2.07613398e-01 2.28489226e-22],[3.43480743e-01 5.66863829e-61],600
Kepler-1770,Gaia DR3 2075969526254302848,1.2507494282157667,[0.83742522],[1.92480891e-01 2.69545394e-19],[3.36844810e-01 1.71574096e-58],600
Kepler-158,Gaia DR3 2103295173333142784,0.06476110500272687,[0.01924058],[1.06286904e-01 4.62563662e-06],[3.10997374e-01 1.68074747e-50],600
Kepler-971,Gaia DR3 2103712163117363200,9.429533179128669,[0.99704161],[1.12935000e-01 8.67080831e-07],[3.05861111e-01 1.41446566e-48],600
TOI-1411,Gaia DR3 1401760747118886016,0.49930086157171166,[0.30111091],[1.69722391e-01 5.02742261e-15],[3.23150675e-01 7.60573151e-54],600
G 9-40,Gaia DR3 684992690384102528,0.288105958080533,[0.03717626],[1.65748514e-01 2.83230792e-14],[3.30894987e-01 8.51714164e-57],600
TOI-2443,Gaia DR3 2501948402746099456,0.07515055969716755,[0.01699111],[1.30321171e-01 6.69693359e-09],[3.29907848e-01 3.67867259e-56],600
TOI-2981,Gaia DR3 5458258092906639232,0.31086372429176784,[0.03104041],[2.18645058e-01 9.63851665e-25],[3.35661221e-01 7.13970119e-58],600
TOI-2537,Gaia DR3 12320268307415552,0.13737494608677084,[0.03396662],[1.49963470e-01 9.83167763e-12],[3.10705906e-01 1.83941890e-49],600
HD 104985,Gaia DR3 1693159194226600192,0.036151481286094925,[2.79361136e-05],[1.6351069e-01 6.0043158e-14],[3.27772261e-01 2.50554456e-55],600
WASP-54,Gaia DR3 3661983850663908608,3.210199977942614,[0.9878772],[2.25563166e-01 4.70678018e-26],[3.27440459e-01 1.08491493e-55],600
HATS-67,Gaia DR3 6144060260072337024,2.6485713730455807,[0.94920151],[2.23326711e-01 6.19191844e-20],[3.19553603e-01 7.93563028e-41],464
EPIC 206024342,Gaia DR3 6839540362940861568,0.28886049334738867,[0.06566551],[2.38404315e-01 3.85380611e-29],[3.30809553e-01 6.88274049e-56],600
K2-292,Gaia DR3 3616931735377523712,4.162777685040361,[0.97466087],[1.52783959e-01 2.50474261e-12],[3.23681366e-01 9.57093931e-54],600
HD 12235,Gaia DR3 2511794495013074048,0.7927202828967097,[0.62458392],[1.54421279e-01 2.03224424e-12],[3.24523040e-01 1.68918223e-54],600
WASP-92,Gaia DR3 1424011082893734272,1.8823737270026935,[0.97186705],[2.47414678e-01 1.42611967e-30],[3.34870841e-01 1.35164198e-55],579
HD 106315,Gaia DR3 3698307419878650240,2.303051642285938,[0.96351457],[1.75610412e-01 6.71668378e-16],[3.30082751e-01 3.19928273e-56],600
HD 109833,Gaia DR3 5838450865699668736,11.795208270498394,[0.97319518],[1.08401918e-01 3.16280711e-06],[3.13590667e-01 1.74407138e-50],600
Kepler-1365,Gaia DR3 2125716891183392640,0.21019356521291305,[0.01357551],[2.31190359e-01 3.56146984e-27],[3.48800134e-01 3.89749168e-63],600
TOI-1268,Gaia DR3 1675923009431370880,1.8914262608240486,[0.8963831],[1.71577779e-01 3.41374949e-15],[3.07149456e-01 7.99333623e-49],600
Kepler-312,Gaia DR3 2078450436800904448,2.985312846451991,[0.99162466],[2.10049248e-01 1.17127931e-22],[3.4173749e-01 1.4968316e-60],600
HD 10975,Gaia DR3 343449606741529728,0.48487062616646404,[0.43848996],[1.78415303e-01 1.11592021e-16],[3.21552971e-01 1.72538559e-53],600
TOI-2120,Gaia DR3 513299860904522752,1.167016569300612,[0.7950417],[1.34480882e-01 1.62975080e-09],[3.38150966e-01 3.68914182e-59],600
HD 221416,Gaia DR3 2388463203438164096,0.027956224350276806,[3.12425524e-05],[1.54488575e-01 1.63725604e-12],[3.26504498e-01 5.47687544e-55],600
GJ 2030,Gaia DR3 5168359139139252352,0.1643803186439079,[0.22977085],[1.12176855e-01 1.13791049e-06],[3.08143446e-01 1.00835007e-48],600
TOI-4603,Gaia DR3 3402980516507429888,1.8604795789554078,[0.95462077],[1.86799281e-01 4.54541944e-18],[3.29081065e-01 1.10863673e-55],600
TOI-2048,Gaia DR3 1404488390652463872,30.914833895638164,[0.98561556],[1.48148525e-01 2.29780545e-11],[3.05248229e-01 2.22597867e-48],600
Kepler-1654,Gaia DR3 2105415302330571008,0.07952812904651098,[2.83419862e-05],[2.16579951e-01 2.53733168e-24],[3.22107614e-01 2.62110099e-53],600
HD 224693,Gaia DR3 2340155679036275200,0.5654998823212737,[0.47551722],[1.69404716e-01 6.40307369e-15],[3.37249484e-01 1.96774105e-58],600
K2-194,Gaia DR3 3618361345307363584,1.3129368820977059,[0.91201239],[2.64244077e-01 1.66750422e-21],[3.38580883e-01 1.75448514e-35],360
Kepler-1771,Gaia DR3 2129746468160336768,0.7887752551947211,[0.66867424],[2.39501487e-01 1.85044192e-29],[3.48149588e-01 4.98711686e-62],600
Kepler-1029,Gaia DR3 2101670026430316416,0.0300939325583145,[0.00089847],[1.34634391e-01 1.73278452e-09],[3.19927514e-01 6.09355041e-53],600
TOI-2005,Gaia DR3 5388416255319817856,8.346495110341424,[0.98834389],[1.63101700e-01 7.81280051e-14],[3.22832851e-01 5.13452437e-54],600
Kepler-527,Gaia DR3 2129162283888866688,1.7750841855944528,[0.96716598],[2.32006955e-01 1.19184716e-27],[3.16537313e-01 1.53175455e-51],600
BD-13 2130,Gaia DR3 3030262468592291072,2075.060638348324,1.0,[0.09496869 0.00026847],[3.55567515e-01 8.81962238e-66],600
K2-208,Gaia DR3 2534388703049641472,0.4944167818348181,[0.43405284],[2.13108656e-01 3.38794668e-23],[3.41003897e-01 7.16758429e-60],600
HD 60292,Gaia DR3 1095822117729707264,1.164701387257658,[0.57404431],[2.21878555e-01 1.61772683e-25],[3.42690561e-01 4.17046115e-61],600
Kepler-962,Gaia DR3 2080453025427246848,1.906314333912804,[0.95831606],[2.24523721e-01 1.22461248e-25],[3.06493141e-01 6.03868559e-48],600
G 268-110,Gaia DR3 2358022227591374336,0.6587421884999162,[0.77433729],[1.58658385e-01 5.06083302e-13],[3.23451809e-01 2.69693521e-53],600
HD 73583,Gaia DR3 5746824674801810816,4.8719295097535085,[0.97847759],[1.59539272e-01 3.30319219e-13],[3.21892727e-01 3.82764536e-53],600
HD 175607,Gaia DR3 6434759761383343744,0.02986971058448361,[3.86553167e-05],[1.50434322e-01 6.95425384e-12],[3.22170514e-01 8.62055118e-54],600
HD 5608,Gaia DR3 362706006713454208,1.528209556181981,[0.9364973],[1.76670069e-01 2.98547621e-16],[3.23080560e-01 6.48627482e-54],600
K2-246,Gaia DR3 3697828548204889344,0.7953613747013143,[0.94174677],[2.40208219e-01 3.78273203e-11],[3.34332130e-01 3.93503049e-21],217
TOI-332,Gaia DR3 6529471108882243840,1.4243330244421737,[0.91458102],[2.18426857e-01 9.79719765e-25],[3.32482326e-01 1.45263964e-56],600
TYC 1422-614-1,Gaia DR3 625078240201245568,0.8942403789616605,[0.91875047],[2.53478822e-01 2.31966622e-11],[3.35448436e-01 1.14400177e-19],200
TOI-1751,Gaia DR3 1629404184289170688,0.04750421478226502,[6.22104575e-05],[1.62526769e-01 8.73789187e-14],[3.32846018e-01 6.89513623e-57],600
Kepler-1723,Gaia DR3 2128157158464165504,0.6223758465234739,[0.62354497],[2.06920533e-01 2.69906797e-22],[3.35402570e-01 6.98614125e-58],600
Kepler-613,Gaia DR3 2107102988257870336,1.1210499084263144,[0.6675832],[2.62886555e-01 7.34078430e-36],[3.3081283e-01 1.0756274e-55],599
Kepler-289,Gaia DR3 2078515170549178880,3.5725927282733183,[0.98954217],[2.14793382e-01 1.60552452e-23],[3.23707626e-01 1.68258829e-54],600
Kepler-1285,Gaia DR3 2105291955168605440,2.573647229622507,[0.98523917],[1.80493433e-01 6.84870838e-17],[3.33990429e-01 4.34705167e-57],600
Kepler-203,Gaia DR3 2076792648144511104,1.0393603942400516,[0.8555717],[2.04050718e-01 1.80982497e-21],[3.32906888e-01 1.33611543e-57],600
GJ 2056,Gaia DR3 5617244278837970816,1.303820074505771,[0.90365291],[1.72179421e-01 2.68508192e-15],[3.27674527e-01 2.17192535e-55],600
HD 109271,Gaia DR3 3578137842709899648,0.6514501309032786,[0.48544909],[1.6812102e-01 9.4809392e-15],[3.24125614e-01 6.34229820e-55],600
HD 25723,Gaia DR3 3188967248247014784,2.8852801872411074,[0.96133312],[1.58832136e-01 3.50176746e-13],[3.22286114e-01 4.32217732e-53],600
CoRoT-1,Gaia DR3 3105507886130792448,1.373429168149478,[0.91132714],[1.75261172e-01 6.43241296e-16],[3.19169747e-01 5.80912875e-52],600
HIP 63242,Gaia DR3 5858576597131420288,0.06077669439475008,[0.00457588],[1.37101888e-01 8.30286285e-10],[3.11127676e-01 3.36156844e-50],600
HD 96127,Gaia DR3 781999921242524160,1.4807169156636661,[0.94611887],[2.82771486e-01 3.91205565e-30],[3.65347668e-01 6.37087107e-50],434
K2-261,Gaia DR3 3807826337147474176,0.5784043466705311,[0.58576133],[1.89717068e-01 1.34863036e-18],[3.54849522e-01 1.01340876e-64],600
Kepler-36,Gaia DR3 2129931456691176576,2.0976701966404683,[0.95602706],[2.08037325e-01 2.02468567e-22],[3.30700105e-01 5.99736498e-56],600
HD 80913,Gaia DR3 5195752440555653504,0.029052941009834035,[0.00059553],[1.21639673e-01 6.16269555e-08],[3.31119211e-01 1.11502023e-56],600
Kepler-391,Gaia DR3 2133196151531241216,0.04887395063780974,[7.07620013e-08],[2.43088143e-01 2.70496368e-30],[3.38068559e-01 1.61469015e-58],600
HD 110014,Gaia DR3 3676091134604409728,1.7091364671862845,[0.93760157],[1.65321682e-01 3.16088279e-14],[3.14140043e-01 3.43370156e-51],600
K2-54,Gaia DR3 2594546351459477760,3.157339337816297,[0.99424721],[2.30505774e-01 3.00614187e-27],[3.19045262e-01 2.25222107e-52],600
K2-266,Gaia DR3 3855246074629979264,0.7916565552943131,[0.54302059],[1.71298809e-01 2.24155541e-15],[3.17023705e-01 7.00755052e-52],600
GJ 887,Gaia DR3 6553614253923452800,0.021100907350237147,[1.43922216e-06],[1.62041653e-01 1.29760529e-13],[3.11148520e-01 7.30675369e-50],600
HD 113538,Gaia DR3 6080301367488384896,0.05801172880877261,[0.00144451],[1.50274515e-01 8.05545358e-12],[3.05620435e-01 7.78401735e-48],600
Kepler-208,Gaia DR3 2077750803804146176,2.1819478050668333,[0.97899236],[2.17148545e-01 1.29403343e-24],[3.32369160e-01 1.58989597e-56],600
Kepler-1049,Gaia DR3 2131059628640021120,1.2375863732500763,[0.82934012],[1.69976075e-01 4.81630318e-15],[3.36862065e-01 1.06148878e-58],600
HD 10180,Gaia DR3 4716158250340258944,0.6025525644577899,[0.62255784],[1.51853710e-01 4.20996629e-12],[3.20146435e-01 1.46928372e-52],600
TOI-2152,Gaia DR3 562109759036198272,2.777671237894919,[0.98199936],[2.16153320e-01 2.37836464e-24],[3.24968822e-01 1.18937133e-54],600
Kepler-543,Gaia DR3 2099620777272914944,8.150324203843288,[0.99908631],[1.69268904e-01 7.15780293e-15],[3.30398648e-01 1.98691023e-56],600
K2-253,Gaia DR3 3584368019189709952,0.6009273081994122,[0.27187472],[3.37560721e-01 2.70751853e-12],[3.57648410e-01 1.46971472e-13],119
WASP-55,Gaia DR3 3603529272750802560,2.0362966116798247,[0.97051875],[2.02551498e-01 3.13519238e-21],[3.46624222e-01 7.18823763e-63],600
TOI-2567,Gaia DR3 2254929887069708160,0.0470850266413095,[9.13156514e-10],[2.46979260e-01 3.23148972e-31],[3.24622964e-01 1.01375575e-54],600
HD 153950,Gaia DR3 5965406010180880640,0.26735822311141666,[0.02685365],[1.50993075e-01 5.45492349e-12],[3.31322751e-01 1.18610792e-56],600
K2-160,Gaia DR3 3598004677793811584,3.973090978033287,[0.9833356],[2.29152859e-01 2.15679954e-27],[3.43356538e-01 2.38465594e-61],600
GJ 832,Gaia DR3 6562924609150908416,1.932675863280782,[0.87793781],[1.56182141e-01 1.37536624e-12],[3.14984974e-01 4.06183333e-51],600
Kepler-1658,Gaia DR3 2052194374009877376,2.408983113209919,[0.97791624],[1.91896728e-01 3.51393959e-19],[3.36023087e-01 5.32617867e-58],600
HD 76920,Gaia DR3 5224124307320401024,0.1970207829215515,[0.00854167],[1.62704216e-01 1.25067237e-13],[3.20598451e-01 1.02431544e-53],600
HAT-P-57,Gaia DR3 4483640815570090368,3.974119085571409,[0.99586667],[1.56927285e-01 8.20560397e-13],[3.13645939e-01 6.11523470e-51],600
HD 103891,Gaia DR3 3594183153334105216,3.781748826516438,[0.95621734],[1.51951695e-01 4.06587786e-12],[3.39519951e-01 1.19474032e-59],600
Kepler-1040,Gaia DR3 2131701365472538112,1.0662259295001892,[0.90785681],[2.32185447e-01 9.69252857e-28],[3.28891987e-01 2.72526265e-56],600
Kepler-1264,Gaia DR3 2127065652653876992,0.6327287282216101,[0.56516259],[2.0475724e-01 9.1918789e-22],[3.29163342e-01 1.29707507e-55],600
HD 142245,Gaia DR3 1193193836691820032,0.7894557135406827,[0.55414966],[1.66461551e-01 1.92198126e-14],[3.41049248e-01 8.76874781e-60],600
Kepler-839,Gaia DR3 2127396880530950272,1.4554688456877196,[0.93746239],[2.30753312e-01 1.70794501e-27],[3.26803718e-01 1.03841462e-54],600
TOI-532,Gaia DR3 3340265717587057536,1.2910176213240263,[0.89696487],[1.56873669e-01 6.86482557e-13],[3.24516303e-01 9.54809792e-54],600
K2-36,Gaia DR3 3811989156889528320,1.6431604660028976,[0.85045916],[1.56259817e-01 7.41945619e-13],[3.17982611e-01 4.13384920e-52],600
LHS 1140,Gaia DR3 2371032916186181760,0.36309601429831156,[0.25988356],[1.51379290e-01 4.54310035e-12],[3.20590933e-01 1.28876991e-52],600
K2-402,Gaia DR3 3865287467650348928,1.1680883125804689,[0.84046783],[2.40539428e-01 7.23116111e-30],[3.65755271e-01 5.52237841e-69],600
Kepler-1718,Gaia DR3 2125814129244571264,0.7285512347148242,[0.73938303],[1.50036357e-01 6.98289278e-12],[3.17011302e-01 2.98640925e-51],600
Kepler-1543,Gaia DR3 2080362899836411136,2.1425415203082094,[0.98802042],[2.35575602e-01 1.49137420e-28],[3.32965876e-01 3.97334685e-57],600
K2-57,Gaia DR3 2603155390066307456,1.134212488585416,[0.93395579],[2.27904948e-01 8.90129404e-27],[3.24609122e-01 2.43146552e-54],600
TOI-2328,Gaia DR3 4619939536821435904,2.0120029422222894,[0.98244714],[1.93277323e-01 3.17756422e-19],[3.24330587e-01 1.96508490e-54],600
HD 173416,Gaia DR3 2096524140211914368,0.5101720011927513,[0.22280643],[1.72498198e-01 1.46353819e-15],[3.23061464e-01 6.58375347e-54],600
HATS-26,Gaia DR3 5656896924435896832,1.636471271374594,[0.95450554],[2.16478105e-01 1.11512652e-20],[3.45750601e-01 1.29127038e-52],509
WASP-124,Gaia DR3 6614751532833886464,2.3929007811853156,[0.96769317],[2.21916044e-01 1.93576062e-25],[3.42777026e-01 3.41052233e-60],600
K2-394,Gaia DR3 3406132644545570432,2.7888789344610148,[0.97958469],[1.82539462e-01 3.06973568e-17],[3.25178091e-01 8.81179605e-54],600
HD 217958,Gaia DR3 2382836143445759488,0.5915698965999996,[0.53723263],[1.51970829e-01 5.33563862e-12],[3.22557004e-01 3.50724224e-53],600
30 Ari B,Gaia DR3 102082477749475200,5.686210548034042,[0.92714643],[1.67471121e-01 2.27806136e-14],[3.05933861e-01 3.48798711e-48],600
Kepler-561,Gaia DR3 2126454633427425664,2.027462352325768,[0.98029354],[2.25103921e-01 2.64172929e-26],[3.51121809e-01 1.14535083e-63],600
Kepler-1827,Gaia DR3 2053573711340731392,0.21190544005610742,[0.04499801],[1.94079950e-01 2.21064709e-19],[3.51616598e-01 9.67822207e-64],600
Kepler-1876,Gaia DR3 2075132209486310912,0.6214884365442295,[0.46618833],[1.82073214e-01 3.50258755e-17],[3.13849165e-01 2.62852224e-50],600
Kepler-318,Gaia DR3 2085559604106082688,3.8722718786813575,[0.99396484],[2.24559787e-01 6.51604169e-26],[3.47957511e-01 1.08816170e-63],600
Kepler-960,Gaia DR3 2119194936102585472,3.0263532747765196,[0.99214753],[1.66294686e-01 1.73562743e-14],[3.17795492e-01 3.87969649e-52],600
TOI-2374,Gaia DR3 6828814283414902912,3.0850830548639077,[0.98441435],[2.05361471e-01 7.46825989e-22],[3.19127446e-01 9.18104550e-53],600
WASP-129,Gaia DR3 5380888758195682944,0.8070078437297304,[0.63427137],[1.69871448e-01 7.99121180e-15],[3.27115988e-01 1.56973777e-54],600
TOI-2338,Gaia DR3 4822916912388338176,0.11694882488629035,[0.00056537],[2.15628764e-01 6.01240015e-24],[3.32442570e-01 1.49945878e-56],600
K2-26,Gaia DR3 3425691139632545152,0.05832033050249889,[1.00898918e-06],[2.09869704e-01 8.96235155e-23],[3.26456257e-01 8.80749458e-55],600
Kepler-1772,Gaia DR3 2101002725951186560,1.239397585794804,[0.92993718],[2.06166244e-01 8.45648913e-22],[3.27456060e-01 9.65891455e-55],600
HD 195019,Gaia DR3 1815418118373631360,0.08560406272504868,[0.00036757],[1.79153878e-01 8.71157326e-17],[3.19056407e-01 1.81283281e-52],600
K2-323,Gaia DR3 3859431674878660864,1.861594146969396,[0.95008477],[1.44825361e-01 4.24916595e-11],[3.31134608e-01 4.24783472e-56],600
WASP-46,Gaia DR3 6462994429708755072,4.440308850708606,[0.96806185],[2.38347023e-01 3.54706507e-29],[3.33091415e-01 2.85999724e-57],600
GJ 3082,Gaia DR3 4915139584039259392,1.2603822153032616,[0.78960031],[1.56006242e-01 1.46520743e-12],[3.21986761e-01 1.23062631e-53],600
HD 87883,Gaia DR3 747266452000257280,3.271859842873778,[0.95934997],[1.56553554e-01 6.99560372e-13],[3.21388794e-01 1.28403116e-53],600
Kepler-1228,Gaia DR3 2080534148769345408,0.0010187072717470324,[1.03416762e-21],[2.06274806e-01 6.75855930e-22],[3.1678225e-01 1.0350828e-51],600
Kepler-1644,Gaia DR3 2131523450748131456,0.9671481394941053,[0.43730844],[2.36825776e-01 3.50800508e-23],[3.60116686e-01 1.18760411e-52],478
Kepler-414,Gaia DR3 2086519821353411456,2.958824739605405,[0.94256911],[2.09752315e-01 1.03808422e-22],[3.36350607e-01 2.03425774e-58],600
WASP-10,Gaia DR3 1909762228985058944,4.290442680175274,[0.92736681],[2.09705392e-01 1.06240359e-22],[3.10450842e-01 8.29713246e-50],600
HD 133131 B,Gaia DR3 6224633983987511552,0.09846788441244081,[0.0107459],[1.57601994e-01 5.51920652e-13],[3.29179984e-01 6.57138336e-56],600
Kepler-9,Gaia DR3 2099925719951103872,1.1874045262178177,[0.89048072],[2.36095229e-01 7.95791145e-29],[3.34369648e-01 1.01771713e-57],600
CoRoT-6,Gaia DR3 4285684673395749120,3.880011558712524,[0.99602717],[1.79058426e-01 1.10097477e-16],[3.20701010e-01 5.09892858e-53],600
WASP-1,Gaia DR3 2862548428079638912,1.9758250965894455,[0.94972296],[2.43038946e-01 2.46831912e-30],[3.43818250e-01 6.95300974e-61],600
Kepler-1203,Gaia DR3 2126343823271448832,2.3171116456439282,[0.96814349],[1.55303314e-01 1.16082993e-12],[3.12495604e-01 1.78423528e-50],600
Kepler-1937,Gaia DR3 2101567359532639872,3.5659683458585736,[0.98929426],[2.01957518e-01 4.90440305e-21],[3.35550510e-01 1.23992377e-57],600
HD 189567,Gaia DR3 6427244702486210816,0.0695132532635651,[0.00094288],[1.52675416e-01 2.86043548e-12],[3.09495054e-01 1.69543675e-49],600
HD 113337,Gaia DR3 1676282377934772608,5.605879743932457,[0.95415474],[1.73575174e-01 1.20287597e-15],[3.10275477e-01 1.70793562e-49],600
TAP 26,Gaia DR3 47316005432912256,7.1931727553364375,[0.97230012],[1.06236629e-01 6.87977162e-06],[3.08682437e-01 1.79400951e-48],600
TOI-5232,Gaia DR3 2048174967505679488,0.04368285810616182,[0.00017629],[1.57305037e-01 6.80088737e-13],[3.19786296e-01 1.27414985e-52],600
HD 13189,Gaia DR3 325494788018024576,0.9707376136153428,[0.65802855],[2.10699938e-01 2.89786470e-23],[3.65885687e-01 1.62769303e-69],600
K2-200,Gaia DR3 3635174042031610496,0.15624856959415148,[0.00652252],[1.96209769e-01 6.14026285e-20],[3.44877959e-01 2.24913773e-61],600
KIC 3526061,Gaia DR3 2100133252769956224,2.3307975452082323,[0.97862577],[1.18328576e-01 2.01029609e-07],[2.98599004e-01 4.93766264e-46],600
TOI-5005,Gaia DR3 5984530842395365248,2.1499175759033164,[0.92665818],[1.62137564e-01 1.31956353e-13],[3.03783789e-01 2.96090619e-47],600
HD 9174,Gaia DR3 5044029491007060608,0.11673555383473408,[0.00079247],[1.73486431e-01 1.90590995e-15],[3.19214587e-01 3.00190056e-52],600
Kepler-440,Gaia DR3 2103871317426712448,0.6401773466099975,[0.59930753],[1.59931241e-01 3.16582660e-13],[3.04153627e-01 3.41961386e-48],600
Kepler-336,Gaia DR3 2101792175301394048,1.4906400416935632,[0.96063809],[2.20353871e-01 3.26102347e-25],[3.51372226e-01 7.17155396e-64],600
Kepler-1590,Gaia DR3 2129295049918456960,0.11506148709477398,[9.94204041e-05],[2.30537785e-01 1.54927160e-27],[3.31995196e-01 3.36744863e-56],600
Kepler-110,Gaia DR3 2128925579652377472,1.5873703215037411,[0.94242109],[2.22455438e-01 1.61188422e-25],[3.32514878e-01 8.99045320e-57],600
WASP-161,Gaia DR3 5751177095877066496,3.829010190044605,[0.9816877],[1.99316902e-01 1.33569747e-20],[3.40934632e-01 4.70652250e-60],600
WASP-80,Gaia DR3 4223507222112425344,0.7028884180613786,[0.44356628],[1.81091439e-01 5.68033837e-17],[3.27306029e-01 4.51163920e-55],600
Kepler-181,Gaia DR3 2135292507890372224,0.077906978806354,[4.20622656e-05],[2.01545679e-01 5.49055408e-21],[3.25858398e-01 3.81511841e-55],600
Kepler-1634,Gaia DR3 2127953233416258432,1.7631086813060908,[0.97348525],[2.05486838e-01 7.02799484e-22],[3.44685038e-01 5.50118052e-61],600
WASP-2,Gaia DR3 1748596020745038208,0.8995102569923329,[0.61552718],[1.92767531e-01 3.99786646e-19],[3.14337499e-01 1.97161745e-51],600
HD 45184,Gaia DR3 2898239468873596800,2.3373595773107607,[0.93874153],[1.50716610e-01 7.55773184e-12],[3.09390835e-01 2.22878604e-49],600
TOI-1278,Gaia DR3 1867491607542113536,0.3081951843659983,[0.23717703],[1.69074786e-01 4.34664932e-15],[3.20985060e-01 6.24226066e-53],600
HATS-63,Gaia DR3 4891362198412001408,0.20217314726607932,[0.00323775],[2.37309839e-01 1.05455177e-25],[3.46395247e-01 1.56857316e-54],530
Kepler-511,Gaia DR3 2107644188496163200,0.009368893116044818,[4.8817894e-14],[2.34055790e-01 3.46353608e-28],[3.40842822e-01 8.18615015e-60],600
Kepler-569,Gaia DR3 2131729780976557952,0.9902163603285274,[0.83158511],[2.35057672e-01 1.98870780e-28],[3.29043167e-01 4.69957230e-56],600
LHS 3844,Gaia DR3 6385548541499112448,0.1696462329476138,[0.02032494],[1.51890979e-01 3.14534581e-12],[3.36530685e-01 1.39189605e-58],600
TOI-444,Gaia DR3 4895489043507741440,1.1458076080613746,[0.87035302],[1.17252821e-01 2.47779761e-07],[3.20996488e-01 7.64155567e-53],600
K2-90,Gaia DR3 65331198513957376,0.7580359157591327,[0.82899788],[1.17842107e-01 3.78885251e-07],[3.10688542e-01 1.52947975e-49],600
HIP 74890,Gaia DR3 6004107513791584512,0.7585795504797891,[0.68908574],[1.47397893e-01 2.96631207e-11],[3.11282098e-01 9.82795774e-50],600
TOI-4551,Gaia DR3 3476605537386300032,0.4929104296507734,[0.27157726],[1.98849115e-01 1.95131767e-20],[3.45574784e-01 2.04994104e-61],600
TOI-833,Gaia DR3 5250780970316845696,10.749747682016164,[0.98501392],[1.58431274e-01 6.39992292e-13],[3.15879678e-01 1.67846731e-51],600
WASP-192,Gaia DR3 6198312362812872320,1.9369337534594622,[0.9728958],[1.95637147e-01 9.32852620e-20],[3.20253813e-01 8.88825905e-53],600
BD+15 2375,Gaia DR3 3924009634910406912,0.43738120119793095,[0.17266832],[2.84967606e-01 1.15596320e-16],[3.46774460e-01 6.81743398e-25],238
42 Dra,Gaia DR3 2256800156349110528,0.018084885538360802,[1.9645714e-06],[1.70924039e-01 4.17414460e-15],[3.27899260e-01 7.52442995e-56],600
HD 109286,Gaia DR3 3902370696320119296,6.059104404536798,[0.97257689],[1.67988852e-01 1.18433399e-14],[3.29804652e-01 7.80128543e-56],600
K2-162,Gaia DR3 3694878833385971840,0.3794942689346972,[0.0795807],[1.88945252e-01 1.64401141e-18],[3.20898862e-01 4.37517781e-53],600
K2-247,Gaia DR3 3578596339057980160,2.367248787232879,[0.97937901],[2.14731181e-01 1.81796913e-23],[3.24404793e-01 2.30000276e-54],600
Kepler-1777,Gaia DR3 2051104586182508928,1.5526468528433874,[0.9604846],[1.85289380e-01 9.40792099e-18],[3.35974181e-01 4.39499971e-58],600
Kepler-573,Gaia DR3 2133242846415831936,0.13879692208400937,[0.00039286],[2.35393491e-01 1.47511610e-28],[3.32889780e-01 6.65738963e-57],600
HD 95089,Gaia DR3 3808410933735817472,2.1775034521150674,[0.86308336],[1.66116125e-01 2.45676216e-14],[3.29235607e-01 7.85208636e-56],600
HD 108147,Gaia DR3 6053512007260865280,4.660460097439031,[0.98383733],[1.49193532e-01 1.17475760e-11],[3.21005381e-01 7.58939425e-53],600
HD 213519,Gaia DR3 1982946891164168576,0.23228614717597237,[0.00796817],[1.81494814e-01 7.61928292e-17],[3.20070248e-01 5.45599496e-53],600
Kepler-204,Gaia DR3 2104071978297949056,0.816014861807207,[0.65093369],[2.43438114e-01 2.21312326e-30],[3.55496979e-01 2.65766388e-65],600
Kepler-985,Gaia DR3 2126878048483137152,4.186547772980855,[0.99815931],[2.21422914e-01 3.37444287e-25],[3.26929482e-01 3.14510601e-55],600
Kepler-185,Gaia DR3 2105316247502568576,0.6084489587357338,[0.52352727],[2.15556589e-01 4.70523931e-24],[3.52230297e-01 1.59127557e-63],600
TOI-5143,Gaia DR3 3815937670648091392,5.066431087867978,[0.98921284],[2.01957412e-01 4.51702589e-21],[3.36540095e-01 1.09459247e-58],600
XO-4,Gaia DR3 990291507088739072,1.2212537853109295,[0.7744455],[1.94368473e-01 1.42997174e-19],[3.47222548e-01 1.90955813e-62],600
HIP 79431,Gaia DR3 6245870673116518784,2.284184861141275,[0.93706206],[1.73120250e-01 1.84139343e-15],[3.10216873e-01 2.17217235e-49],600
HD 168863,Gaia DR3 4096449891854565760,0.43283372140147935,[0.47157704],[1.63238472e-01 8.71095886e-14],[3.08651761e-01 6.92809476e-49],600
Kepler-191,Gaia DR3 2126648731589350272,1.189027408360213,[0.90077786],[2.08250964e-01 1.28412301e-22],[3.42710552e-01 5.83948528e-60],600
HAT-P-56,Gaia DR3 3385777286999240576,1.6694236670953517,[0.83244574],[2.23694713e-01 8.39608003e-26],[3.18044613e-01 7.51836160e-53],600
Kepler-1361,Gaia DR3 2107563271311787136,1.0606977275560658,[0.81680375],[1.79519523e-01 8.49672746e-17],[3.12989140e-01 1.00596037e-50],600
Kepler-651,Gaia DR3 2130322955850385280,0.3829145710450385,[0.15620024],[2.02701249e-01 3.17149563e-21],[3.32742557e-01 7.49138079e-57],600
TOI-2136,Gaia DR3 2096535783864546944,2.593652685273444,[0.96485098],[1.71451228e-01 3.38388114e-15],[3.20187395e-01 1.75646633e-52],600
Kepler-506,Gaia DR3 2103452266056715392,8.054311809729676,[0.99199371],[1.40107379e-01 2.31971548e-10],[3.11227245e-01 1.02383732e-49],600
TOI-3884,Gaia DR3 3919169687804622336,7.645613746348537,[0.99775431],[1.80820415e-01 5.58389159e-17],[3.39142972e-01 2.06517802e-59],600
TOI-6628,Gaia DR3 6200734415129509504,1.1975142772574552,[0.93230119],[2.05132217e-01 9.89075656e-22],[3.23882391e-01 6.60238483e-54],600
HIP 105854,Gaia DR3 6583094222249556224,0.06290712931261049,[0.00165641],[1.56990497e-01 7.63072417e-13],[3.21596953e-01 5.94487127e-53],600
Kepler-1452,Gaia DR3 2051937638040407808,0.7794254198162481,[0.75249744],[1.87354406e-01 3.56345843e-18],[3.44372710e-01 2.10731465e-61],600
HAT-P-59,Gaia DR3 2241743203599727744,0.6803175351816344,[0.49333273],[1.73453670e-01 1.11947221e-15],[3.28704063e-01 9.59562819e-56],600
Kepler-68,Gaia DR3 2129550445852902656,2.4652890848757862,[0.92937758],[1.71899333e-01 2.23028406e-15],[2.98153651e-01 9.76947589e-46],600
Kepler-131,Gaia DR3 2102110174677569664,8.233609491847679,[0.9931314],[1.64899869e-01 2.98815967e-14],[3.12320959e-01 3.03375034e-50],600
Kepler-199,Gaia DR3 2076391669999950720,2.3035455557922484,[0.99021607],[1.41293908e-01 2.34534438e-10],[3.33232478e-01 5.05698456e-57],600
Kepler-1231,Gaia DR3 2102711882417133952,0.19111983185345474,[0.00241673],[2.32415741e-01 3.13720644e-25],[3.21252713e-01 1.63972754e-47],542
Kepler-845,Gaia DR3 2129939398090453504,0.32012856398157996,[0.28737923],[1.90832597e-01 5.68393157e-19],[3.13184811e-01 1.29582457e-50],600
Kepler-1689,Gaia DR3 2052740449026979584,1.2465220251044948,[0.79774615],[1.38575362e-01 3.96989372e-10],[3.29509385e-01 4.04555000e-56],600
Kepler-909,Gaia DR3 2127259505997243648,1.9694869522994831,[0.94367544],[1.75931559e-01 7.10262515e-16],[3.04512718e-01 1.19405077e-47],600
TOI-1777,Gaia DR3 810069697186043264,4.208783923538559,[0.97827492],[1.73532122e-01 9.60446946e-16],[3.32188689e-01 1.52066721e-57],600
HD 210193,Gaia DR3 6570039342736534784,3.7471477129541446,[0.95986606],[1.72059009e-01 2.35613014e-15],[3.31935734e-01 5.78416159e-57],600
HD 29021,Gaia DR3 471536354830504448,1.2658753799039206,[0.90589348],[1.46554528e-01 3.94582092e-11],[3.12754890e-01 3.26675893e-50],600
HD 159868,Gaia DR3 5955841736510622208,0.06386753287507922,[0.00029626],[1.58906439e-01 3.58393415e-13],[3.32506429e-01 3.65217833e-57],600
Kepler-249,Gaia DR3 2078807228323035008,0.6882387030636266,[0.69274921],[1.66707586e-01 2.30964654e-14],[3.03521772e-01 1.68622023e-47],600
Kepler-189,Gaia DR3 2106137960646125312,0.0541642587772321,[6.6256741e-06],[2.14983850e-01 7.59076523e-24],[3.43314182e-01 3.14863485e-61],600
Kepler-401,Gaia DR3 2133178765503484160,1.2674803424896044,[0.87151565],[2.05054038e-01 1.94807157e-09],[3.77081021e-01 2.70641222e-31],254
Kepler-977,Gaia DR3 2101760014585798528,0.535906458981063,[0.53770024],[2.08750459e-01 1.70000216e-22],[3.45026583e-01 4.57110504e-62],600
Kepler-186,Gaia DR3 2079000330051813504,0.47349647232813497,[0.07937075],[1.76092542e-01 3.56249530e-16],[3.23121084e-01 9.64010194e-54],600
TOI-908,Gaia DR3 4619238087059206784,3.4278884797622133,[0.99311155],[1.80760534e-01 3.61269415e-17],[3.53052623e-01 2.83101475e-64],600
Kepler-1020,Gaia DR3 2128262161823652480,0.5627542304968645,[0.53053108],[2.11463089e-01 5.83011078e-23],[3.35053325e-01 7.36084913e-58],600
HD 222076,Gaia DR3 6386468454774591744,0.4493649410510046,[0.37002994],[1.66400174e-01 2.08128657e-14],[3.22635833e-01 1.40610823e-53],600
16 Cyg B,Gaia DR3 2135550755683407232,1.0333469166317018,[0.74179457],[1.74251792e-01 8.59299367e-16],[3.13640333e-01 2.51290266e-50],600
Kepler-978,Gaia DR3 2105597825559486336,1.1483423182107142,[0.95016151],[2.43744698e-01 1.01626213e-30],[3.49639895e-01 4.04917294e-63],600
Kepler-270,Gaia DR3 2105415306628609024,1.934209004251804,[0.97644213],[2.36964349e-01 1.49199451e-19],[3.58553468e-01 1.37273989e-44],402
AU Mic,Gaia DR3 6794047652729201024,7.105934910156237,[0.97616731],[1.78134383e-01 1.25621658e-16],[3.28383845e-01 2.40269702e-55],600
HAT-P-25,Gaia DR3 111322601672419712,1.8976784643803026,[0.95442973],[1.97141038e-01 3.41212841e-20],[3.39115026e-01 6.88645158e-59],600
HD 136418,Gaia DR3 1392396172224832896,0.029877825077230573,[0.0001047],[1.50739109e-01 7.16362131e-12],[2.95629470e-01 2.40899251e-45],600
GJ 687,Gaia DR3 1637645127018395776,0.9082999228251548,[0.73888368],[1.70835292e-01 3.22330324e-15],[3.15330499e-01 2.54964043e-51],600
GJ 876,Gaia DR3 2603090003484152064,6.238289667812329,[0.97674519],[1.46982712e-01 2.41247871e-11],[3.40684138e-01 3.07500322e-59],600
Kepler-1570,Gaia DR3 2085225627448615424,0.008058685222399699,[1.30917256e-19],[2.58441825e-01 7.87025822e-34],[3.33141504e-01 1.10433468e-57],600
HD 55696,Gaia DR3 5565208310497615232,4.207293767490732,[0.95040968],[1.68119312e-01 1.12528652e-14],[3.26045000e-01 5.08801905e-55],600
K2-37,Gaia DR3 6049595065740634624,1.3582695001094693,[0.79984229],[0.08747561 0.00050339],[2.91866645e-01 8.26886254e-44],600
HD 216520,Gaia DR3 2299942278201276288,1.403412260788641,[0.78933075],[1.65632854e-01 2.80266882e-14],[3.18081482e-01 1.36016802e-52],600
HD 100655,Gaia DR3 3979226627820659072,4.582016863597739,[0.98994231],[1.84604153e-01 1.35532464e-17],[3.32034490e-01 1.32048201e-56],600
Kepler-544,Gaia DR3 2052388643966743424,2.1832946944615,[0.96599961],[2.07698954e-01 4.03168187e-22],[3.42729377e-01 5.13951808e-61],600
K2-273,Gaia DR3 659701895721176192,0.22810286946388994,[0.00346368],[2.05079701e-01 1.01444286e-21],[3.39846914e-01 1.36606602e-60],600
HD 179079,Gaia DR3 4261265619668314624,0.1273256362949045,[0.00210505],[1.78998488e-01 1.20435534e-16],[3.23537034e-01 5.62571174e-54],600
K2-119,Gaia DR3 658274970145911424,0.16234430280856596,[5.71029383e-07],[2.12276636e-01 2.96313742e-23],[3.37379671e-01 5.49911609e-59],600
K2-409,Gaia DR3 6307338080392893696,0.20015903521700698,[0.00272047],[2.42452826e-01 2.72144229e-30],[3.33487382e-01 1.65356364e-57],600
Kepler-1688,Gaia DR3 2101475241074002176,1.3479769526990475,[0.94334662],[1.94914613e-01 1.63388953e-19],[3.45052855e-01 3.17027354e-61],600
Kepler-1643,Gaia DR3 2082142734285082368,33.447630690383995,[0.98928229],[0.07995021 0.0014087 ],[3.12485955e-01 7.27655647e-50],600
WASP-61,Gaia DR3 2959177048983750016,3.6139272761285204,[0.9305837],[2.53505786e-01 5.30077175e-33],[3.41029930e-01 2.12332264e-60],600
Kepler-450,Gaia DR3 2135590578620605568,4.151822647156718,[0.9960094],[2.07568166e-01 3.30876313e-22],[3.28189555e-01 9.28235062e-56],600
Kepler-770,Gaia DR3 2099980386293545216,0.45048531648534723,[0.22600511],[2.34696083e-01 4.74614291e-28],[3.35610405e-01 1.48889426e-57],600
TOI-6255,Gaia DR3 1956328333130770048,0.5390768308367896,[0.22714788],[1.80046563e-01 1.07390297e-16],[3.17851767e-01 1.28551045e-51],600
WASP-104,Gaia DR3 3868603216762016256,2.231430473862881,[0.89230045],[1.83568429e-01 1.61200938e-17],[3.28941921e-01 6.36133792e-56],600
TOI-6130,Gaia DR3 2736716262948031872,3.0004763659696763,[0.98306664],[1.97477688e-01 5.06004732e-20],[3.25949363e-01 1.05476558e-54],600
Kepler-1298,Gaia DR3 2132178725317511936,3.3095958268512438,[0.98797044],[2.19423167e-01 8.62494262e-25],[3.43444723e-01 1.20922645e-60],600
HD 134060,Gaia DR3 5876112300125320448,0.7435257180163011,[0.54396181],[1.59986396e-01 2.65791066e-13],[3.26457970e-01 1.36163687e-54],600
TOI-1842,Gaia DR3 3719927426253118848,3.152435556460562,[0.97725325],[2.28665193e-01 6.56742683e-27],[3.45532047e-01 2.71583999e-61],600
HD 167677,Gaia DR3 4153949058525858048,0.10174333688792186,[8.87612487e-05],[1.76410599e-01 3.53949578e-16],[3.31191392e-01 8.40181066e-57],600
XO-1,Gaia DR3 1316708918505350528,0.9457880778140116,[0.87036073],[1.75276626e-01 5.64790151e-16],[3.18806878e-01 1.44838499e-52],600
KELT-20,Gaia DR3 2033123654092592384,7.204949466398264,[0.98217059],[1.70722271e-01 3.57641041e-15],[3.06128927e-01 7.87518634e-48],600
Kepler-406,Gaia DR3 2126601108991279872,0.29308174729165554,[0.13122283],[1.60155654e-01 2.37008115e-13],[3.19938644e-01 1.72338887e-52],600
WASP-67,Gaia DR3 6868476691490044672,2.6262558630776818,[0.98421081],[1.94787269e-01 1.48544420e-19],[3.17753903e-01 1.42477330e-52],600
Kepler-1700,Gaia DR3 2106262274180389376,1.0506590099004918,[0.93938442],[1.97707857e-01 2.23782234e-20],[3.22274741e-01 1.50457675e-53],600
K2-159,Gaia DR3 3600851450836925312,2.4610650644291754,[0.9485213],[1.76141271e-01 5.75559093e-16],[3.42609878e-01 3.50559063e-61],600
K2-104,Gaia DR3 664292459846946560,433083.5633074796,1.0,[1.11165009e-01 3.33789295e-06],[3.03324842e-01 2.83495392e-47],600
Kepler-200,Gaia DR3 2103671481186902912,1.5025813022334549,[0.95841161],[2.32759077e-01 4.56252219e-28],[3.39715477e-01 5.34621984e-59],600
HD 102329,Gaia DR3 3895948101012579456,2.4058060791625104,[0.969213],[1.92858521e-01 2.44665330e-19],[3.37988801e-01 6.73911033e-59],600
Kepler-753,Gaia DR3 2051905030647886976,0.2997907507919962,[0.15721718],[1.55199831e-01 1.39390893e-12],[3.1091709e-01 1.0586720e-49],600
HIP 19976,Gaia DR3 4840909492463387136,0.9623210629921402,[0.70046446],[1.55412126e-01 1.17124279e-12],[3.37656707e-01 6.99635136e-59],600
Kepler-133,Gaia DR3 2086718317558873984,0.057113102865744024,[1.50449751e-06],[2.18217889e-01 2.14150753e-24],[3.46528198e-01 5.62930152e-62],600
Kepler-1848,Gaia DR3 2085242360641759616,0.23823932653096133,[0.14939616],[1.31901273e-01 3.74329844e-09],[3.24007883e-01 4.82817064e-54],600
Kepler-1948,Gaia DR3 2131059972237410560,0.6718626733851696,[0.6730955],[1.51770468e-01 4.14007720e-12],[3.06369361e-01 1.17564466e-48],600
K2-165,Gaia DR3 3700016198387202304,2.240924211319856,[0.93017006],[1.74273294e-01 9.05509012e-16],[3.21968744e-01 1.90855448e-53],600
KELT-18,Gaia DR3 1612165353793791488,6.496480542228021,[0.97165926],[2.00155889e-01 7.65510743e-21],[3.37936250e-01 2.75275813e-59],600
WASP-4,Gaia DR3 6535499658122055552,0.0166742256242372,[1.57170422e-09],[2.08913867e-01 1.56885313e-22],[3.34641103e-01 1.29352823e-57],600
WASP-98,Gaia DR3 4859136199796131200,0.04578686228003674,[8.54272473e-07],[2.23049015e-01 7.88953347e-26],[3.58786755e-01 1.51514129e-66],600
GJ 436,Gaia DR3 4017860992519744384,0.2769292680088775,[0.05106197],[1.63057568e-01 6.76699581e-14],[3.18539100e-01 2.69768128e-52],600
NGTS-15,Gaia DR3 4873830691665395584,2.892234922300834,[0.93852647],[2.40611626e-01 4.80492796e-17],[3.41718308e-01 2.81743917e-34],338
TOI-3693,Gaia DR3 404433018447476096,2.360311500898408,[0.98012409],[1.88603576e-01 2.54841461e-18],[3.19922965e-01 1.74424924e-52],600
K2-388,Gaia DR3 2433621314222365312,2.353530377287496,[0.98494429],[2.12916414e-01 1.36070889e-23],[3.65730732e-01 5.64451718e-69],600
HD 196885 A,Gaia DR3 1754430373040023168,4.17332422400449,[0.98646001],[1.71990250e-01 2.42208373e-15],[3.15923149e-01 5.53188999e-51],600
GJ 682,Gaia DR3 5955305209191546112,2.2372531430830582,[0.94132725],[1.40402784e-01 2.46709614e-10],[3.39036946e-01 1.77944576e-59],600
Kepler-626,Gaia DR3 2099728391973441920,0.1642968045362262,[0.01208541],[2.02420437e-01 2.39723452e-21],[3.31622510e-01 2.88207486e-56],600
K2-377,Gaia DR3 3610557458450018944,0.5925523835195564,[0.60113476],[1.89573196e-01 1.66175431e-18],[3.30205936e-01 1.48211785e-56],600
Kepler-732,Gaia DR3 2107406178588473728,0.3642140183075225,[0.14922966],[1.83370117e-01 2.63679321e-17],[2.97417483e-01 1.97834942e-45],600
Kepler-847,Gaia DR3 2131884640317332608,3.119816829442131,[0.9690876],[2.08007440e-01 2.24223863e-22],[3.41362145e-01 2.04579767e-60],600
LTT 3780,Gaia DR3 3767281845873242112,0.7318277152401947,[0.4209183],[1.71858385e-01 1.49535081e-15],[3.20243670e-01 7.26079081e-53],600
TOI-1467,Gaia DR3 403141126645929728,1.9937951604982882,[0.87935475],[1.59100582e-01 4.76273003e-13],[3.31697167e-01 2.16697207e-56],600
K2-114,Gaia DR3 602494855483616256,2.522542423700209,[0.8131559],[2.06836238e-01 3.64537763e-22],[3.44796615e-01 8.17485021e-61],600
K2-47,Gaia DR3 3811760011794444928,0.1488645493763088,[0.00192294],[2.08310583e-01 2.30266025e-22],[3.60423987e-01 3.60150018e-67],600
HAT-P-64,Gaia DR3 3279418602369232000,4.411803884512348,[0.98746073],[2.48552502e-01 4.30978322e-30],[3.33055718e-01 6.77143148e-54],563
TOI-1416,Gaia DR3 1491634483976350720,0.6719507446657629,[0.59950749],[1.64542467e-01 4.04123835e-14],[3.32630209e-01 4.14770552e-57],600
HAT-P-5,Gaia DR3 4606030169272920320,0.6053876691009581,[0.64194841],[1.76620410e-01 3.45565925e-16],[3.24110564e-01 2.89699864e-54],600
HD 164922,Gaia DR3 4582680493669880704,0.05363561561435121,[5.56582746e-05],[1.73502732e-01 1.16590754e-15],[3.10705029e-01 2.24240158e-49],600
Kepler-542,Gaia DR3 2052695678282371840,0.21985237141290803,[0.11736211],[1.44014523e-01 5.14758922e-11],[3.32689538e-01 9.80998789e-57],600
Kepler-1544,Gaia DR3 2086784185178032384,0.08958270724115272,[0.00728197],[1.66823727e-01 2.92182019e-14],[3.27873785e-01 2.31218035e-55],600
Kepler-1942,Gaia DR3 2079825273006700160,0.4611864663183511,[0.32707117],[2.26557809e-01 2.50432244e-26],[3.23329087e-01 3.47988840e-54],600
HD 89307,Gaia DR3 3886688327612984704,4.057464568561022,[0.97200883],[1.67193443e-01 1.44425849e-14],[3.18973291e-01 2.38015032e-52],600
TOI-2107,Gaia DR3 6633448311454447232,4.621612251047789,[0.99302135],[1.85031364e-01 1.12716664e-17],[3.27368347e-01 3.44790883e-55],600
GJ 3323,Gaia DR3 3187115498866675456,0.4496542511521016,[0.09582705],[1.76472329e-01 5.35227103e-16],[3.18725047e-01 1.00319140e-51],600
Kepler-1185,Gaia DR3 2100408508633587712,1.4104559239350012,[0.94149688],[1.70583208e-01 4.25072946e-15],[3.24685288e-01 1.03952217e-53],600
TOI-132,Gaia DR3 6520880040423258240,1.1687191079398378,[0.90000167],[1.98916063e-01 1.74611004e-20],[3.36284858e-01 2.70734912e-58],600
TOI-3819,Gaia DR3 876608292608416512,0.5423717542454619,[0.01038748],[2.07183161e-01 2.82154278e-22],[3.44718391e-01 5.35057610e-61],600
Kepler-126,Gaia DR3 2126918008858627712,1.1413464470059695,[0.83944983],[1.69521660e-01 6.47732599e-15],[3.16099444e-01 6.26403091e-52],600
HD 4732,Gaia DR3 2345744256120965504,1.7641560472064375,[0.89857535],[1.39359815e-01 2.53311629e-10],[3.33740079e-01 1.69388404e-57],600
HD 67087,Gaia DR3 877846136542812160,3.9561459965171983,[0.96430301],[1.6367292e-01 4.3097830e-14],[3.32700094e-01 4.92063595e-57],600
K2-117,Gaia DR3 597829077890316928,1.7309027424032504,[0.74272517],[2.05059198e-01 1.21413201e-21],[3.34654246e-01 1.01697316e-57],600
WASP-35,Gaia DR3 3211188618762023424,1.0723347516758321,[0.67658842],[1.76337200e-01 3.42704479e-16],[3.45385134e-01 2.40205833e-61],600
11 UMi,Gaia DR3 1696798367260229376,3.209402562666773,[0.96737959],[1.66245952e-01 2.91832745e-14],[3.05799864e-01 5.64042914e-48],600
TOI-640,Gaia DR3 5580554052549277056,3.3539230377289373,[0.95063866],[2.00743272e-01 8.02218549e-21],[3.53417458e-01 3.46229238e-64],600
HATS-35,Gaia DR3 6441034841743467776,0.7857519674268064,[0.80419383],[2.23351599e-01 1.11298655e-25],[3.22539406e-01 4.39984859e-53],600
HD 108236,Gaia DR3 6125644402384918784,4.893409405973506,[0.98264047],[1.65919500e-01 2.00966175e-14],[3.36742618e-01 2.35380579e-58],600
Kepler-900,Gaia DR3 2080548957816447872,3.1348337457428816,[0.99118752],[2.18829086e-01 1.06354068e-24],[3.02796645e-01 3.44878357e-47],600
HAT-P-16,Gaia DR3 381592313648387200,2.8482286810212183,[0.97531017],[1.96826736e-01 6.31175532e-20],[3.28253283e-01 8.82305545e-56],600
TOI-1451,Gaia DR3 1581799694493008384,0.9233661740731863,[0.61325105],[1.92394982e-01 3.50634804e-19],[3.23975394e-01 6.14076595e-54],600
Kepler-421,Gaia DR3 2106891671567353728,1.558986959206546,[0.95525647],[1.62468485e-01 1.44079050e-13],[2.93903698e-01 1.39538442e-44],600
CoRoT-18,Gaia DR3 3120058170178779392,2.37822421369957,[0.98632949],[2.08918319e-01 8.44535277e-23],[3.20129009e-01 1.48907755e-52],600
TOI-1898,Gaia DR3 644224345413418880,1.7726898696071998,[0.92438377],[1.89021282e-01 1.97290295e-18],[3.25554291e-01 1.15766337e-54],600
WASP-165,Gaia DR3 2415410962124813056,0.4937177328534685,[0.21885472],[2.31221129e-01 4.13541362e-18],[3.28380236e-01 2.50788971e-36],392
Kepler-1965,Gaia DR3 2051918293507634048,0.6986924151176623,[0.72716656],[1.61615422e-01 2.20020039e-13],[3.16720509e-01 1.33234691e-51],600
HD 75289,Gaia DR3 5524982093479504384,1.0891286854336135,[0.75136982],[1.50825773e-01 8.34383608e-12],[3.28792812e-01 8.94197130e-56],600
HD 90156,Gaia DR3 5461620846141553024,0.6614125398442312,[0.29825639],[1.75968306e-01 4.24871836e-16],[3.43960073e-01 2.97796992e-61],600
Kepler-61,Gaia DR3 2077889892023816960,0.655345401412631,[0.69807039],[1.23879122e-01 3.66312271e-08],[3.16308783e-01 8.03359775e-52],600
K2-11,Gaia DR3 3810535361999701376,0.21959462071425873,[0.00342396],[2.09351255e-01 9.69997592e-23],[3.50618647e-01 2.91912564e-63],600
Kepler-1067,Gaia DR3 2106374557504930944,0.8592228306113785,[0.78969574],[2.40578126e-01 8.94326829e-30],[3.23120179e-01 5.07734382e-54],600
Kepler-610,Gaia DR3 2126509368492076928,1.2166322904452593,[0.92452412],[2.04396719e-01 1.97479812e-21],[3.38154650e-01 1.19035684e-58],600
TYC 4282-00605-1,Gaia DR3 2207199228316679808,0.09737733414705282,[0.00928122],[1.61510572e-01 1.95419103e-13],[2.88657575e-01 1.07582078e-42],600
HD 94834,Gaia DR3 3995918691799173248,0.9191191713014728,[0.80074235],[1.56185659e-01 9.27749454e-13],[3.24789019e-01 4.03941766e-54],600
Kepler-1482,Gaia DR3 2131965454422070784,3.664979825060683,[0.99246768],[2.33142007e-01 9.93887335e-28],[3.28340872e-01 5.28777462e-56],600
HD 28185,Gaia DR3 3179384931394690304,0.9058323610298796,[0.83644654],[1.43983621e-01 8.94007968e-11],[3.09317440e-01 1.59173712e-49],600
K2-150,Gaia DR3 2579495171146737280,5.195822976018546,[0.99067542],[1.58429955e-01 4.27547552e-13],[3.17816180e-01 8.73322353e-52],600
Kepler-489,Gaia DR3 2052616586468670976,0.04026729311357094,[0.00395144],[1.20176867e-01 1.43973546e-07],[3.24436097e-01 1.45770532e-54],600
Kepler-821,Gaia DR3 2100279865772807424,2.5003520690287004,[0.98246553],[2.39424494e-01 3.07573651e-29],[3.32769119e-01 7.33357278e-57],600
Kepler-1522,Gaia DR3 2139306790481711232,0.3177613062050323,[0.09570054],[2.23207274e-01 8.02389324e-26],[3.44870867e-01 3.69017012e-61],600
HD 307842,Gaia DR3 5251941573573934080,0.3451330461243413,[0.13634785],[1.55631062e-01 1.03010006e-12],[3.38635174e-01 1.54655577e-59],600
K2-31,Gaia DR3 6050191241556876672,0.38699536091864695,[0.46737277],[0.08582139 0.00074979],[2.89614128e-01 3.95577608e-43],600
Kepler-105,Gaia DR3 2130368310704421120,1.040747859620483,[0.81295777],[1.80520611e-01 6.77050065e-17],[3.30121982e-01 3.10060613e-56],600
Kepler-1785,Gaia DR3 2080645611761634432,2.0983883449290217,[0.98822108],[2.13336726e-01 1.74210968e-23],[3.35317718e-01 1.88421202e-57],600
HD 164595,Gaia DR3 4584639307993378432,0.4549412839781495,[0.21899922],[1.68963544e-01 6.05787191e-15],[3.15320251e-01 2.09645506e-51],600
Kepler-378,Gaia DR3 2080095512350543744,0.2092720592920222,[0.01068968],[1.80345732e-01 5.98863471e-17],[3.12312178e-01 3.72825018e-50],600
17 Sco,Gaia DR3 4342464209753404416,5.135797938814566,[0.98073625],[1.17860406e-01 5.57009988e-07],[3.01654476e-01 1.99878687e-46],600
WASP-160 B,Gaia DR3 2910755484609597312,0.21720314364365667,[0.01282443],[1.75314322e-01 5.22733998e-16],[3.34565493e-01 6.90088094e-58],600
Kepler-37,Gaia DR3 2106674071344722688,0.7421726303502055,[0.52595548],[1.71503837e-01 2.77427302e-15],[3.30828703e-01 2.20574764e-56],600
K2-188,Gaia DR3 666195851913506816,0.7458449963112105,[0.43183651],[2.17263813e-01 1.34107577e-24],[3.37813946e-01 2.40837588e-59],600
Kepler-1719,Gaia DR3 2100196646487547776,0.55932955588415,[0.54750593],[2.11549764e-01 5.58513323e-23],[3.45740979e-01 2.28116757e-61],600
HD 18015,Gaia DR3 5173468908975401856,2.43017599164295,[0.94262632],[1.72966241e-01 1.07253092e-15],[3.25083291e-01 5.67441037e-55],600
HATS-42,Gaia DR3 5603100779728361088,1.5559070885550987,[0.94451109],[2.29236044e-01 3.90090646e-27],[3.49007907e-01 8.89868771e-63],600
HD 96992,Gaia DR3 779018698542966272,0.10606120913014261,[0.0009005],[2.17040540e-01 2.00288216e-24],[3.58950876e-01 1.71163225e-66],600
HIP 55507,Gaia DR3 788340461203094912,7.28689394334462,[0.98238965],[1.68188281e-01 9.23279586e-15],[3.29549287e-01 1.49157455e-55],600
HD 21693,Gaia DR3 4729947569262040960,0.9826472743330051,[0.84577564],[1.51335969e-01 4.61357435e-12],[3.10414968e-01 8.52306081e-50],600
WASP-170,Gaia DR3 5656184406542140032,6.0889107482588996,[0.99475428],[1.9977743e-01 1.0755907e-20],[3.37852064e-01 7.53690229e-59],600
CoRoT-19,Gaia DR3 3120002649138831360,0.8428362133496826,[0.5652409],[2.19833065e-01 5.73933445e-25],[3.32217427e-01 2.33681403e-57],600
GJ 328,Gaia DR3 577602496345490176,0.01875535032643597,[2.033713e-06],[1.64663733e-01 5.96750672e-14],[3.33447898e-01 1.08158836e-57],600
TOI-1184,Gaia DR3 2158781336134901760,1.5233120853480864,[0.89934796],[1.79406176e-01 1.23265091e-16],[3.30729257e-01 7.77584348e-57],600
K2-336,Gaia DR3 611580390645372672,0.4635045704155141,[0.25331089],[1.71936360e-01 2.19727952e-15],[3.15232730e-01 1.82856613e-51],600
WASP-81,Gaia DR3 4244243354278985472,0.14425158335901977,[0.00211545],[2.06845673e-01 3.05276755e-22],[3.25879434e-01 5.11553812e-54],600
Kepler-1715,Gaia DR3 2077420842932795776,0.939201507155352,[0.82956807],[1.63571869e-01 6.18982955e-14],[3.21016951e-01 1.14735824e-52],600
TOI-4010,Gaia DR3 525352325110310400,3.699622455348394,[0.97763569],[1.77260612e-01 2.19261353e-16],[3.31817671e-01 3.09290358e-56],600
HD 124330,Gaia DR3 1609157502297291008,1.039443714500344,[0.70735506],[1.34533097e-01 1.38646824e-09],[3.14824121e-01 1.54967791e-50],600
TOI-1227,Gaia DR3 5842480953772012928,1649.4296125238284,1.0,[1.06854287e-01 7.30065910e-06],[2.89646470e-01 1.64453768e-43],600
GJ 9827,Gaia DR3 2643842302456085888,0.05633746804232445,[0.00019587],[1.50415652e-01 6.68885749e-12],[3.24857527e-01 1.04576146e-54],600
K2-155,Gaia DR3 145333927996558976,0.0864790498526896,[0.00536295],[1.61033497e-01 4.59780472e-13],[3.10873584e-01 1.97877076e-49],600
TOI-2818,Gaia DR3 5545555570947605376,0.21669529712188332,[0.01855601],[1.63510593e-01 7.05613058e-14],[3.40152909e-01 1.13932300e-59],600
HD 65216,Gaia DR3 5287961677550103424,1.0161593486828036,[0.73828595],[1.53142489e-01 3.36471174e-12],[3.23377639e-01 1.21181230e-53],600
L 98-59,Gaia DR3 5271055243163629056,2.61582026386997,[0.95077429],[1.51656924e-01 7.50778240e-12],[3.15380916e-01 3.68681081e-51],600
HAT-P-20,Gaia DR3 869913435026514688,1.6526152833987389,[0.86397804],[1.77777938e-01 2.58841800e-16],[3.13705881e-01 2.39242049e-50],600
Kepler-51,Gaia DR3 2135275362382289280,3.5951014355709576,[0.98503454],[2.34077742e-01 1.96474398e-28],[3.26197113e-01 6.97909071e-55],600
WASP-164,Gaia DR3 6491038642006989056,2.189313746458011,[0.98576054],[2.42386160e-01 1.22856239e-30],[3.34502222e-01 1.44709838e-57],600
Gl 378,Gaia DR3 823228721067307392,0.02515512418968877,[4.2223574e-06],[1.85311465e-01 1.51270293e-17],[3.07061210e-01 2.23699727e-48],600
Kepler-128,Gaia DR3 2105318412166111232,3.4989490354097508,[0.98994378],[1.85819624e-01 6.06556740e-18],[3.0805945e-01 7.2776767e-49],600
CoRoT-11,Gaia DR3 4285511294172309504,1.9945173638080256,[0.98756209],[1.90045027e-01 1.00770783e-18],[3.23780730e-01 3.02600249e-54],600
Kepler-532,Gaia DR3 2086877368789994240,2.1882848638704027,[0.91848579],[1.57290851e-01 8.34178351e-13],[3.17473286e-01 9.22429785e-52],600
Kepler-1443,Gaia DR3 2107568970730102272,1.874524270343499,[0.97986538],[2.51163953e-01 2.14598474e-32],[3.20203853e-01 2.62004394e-53],600
Kepler-1199,Gaia DR3 2128230615282091904,0.3269144136490995,[0.07959998],[2.17973868e-01 1.81831378e-24],[3.14801919e-01 2.07331022e-51],600
Kepler-215,Gaia DR3 2079885608708649344,0.3210549097835178,[0.0659944],[1.95405798e-01 1.12019120e-19],[3.24210984e-01 4.11981508e-54],600
Kepler-605,Gaia DR3 2105618029085927680,5.542983521387185,[0.99896133],[2.15932448e-01 3.53508774e-24],[3.35985661e-01 3.45334368e-58],600
Kepler-127,Gaia DR3 2107266570672734592,1.9146781049712003,[0.89442541],[1.65661153e-01 4.08046517e-14],[3.10781032e-01 2.58236631e-49],600
Kepler-1425,Gaia DR3 2077967957353259136,0.32311307341590395,[0.06205992],[2.41680342e-01 8.62306708e-30],[3.31826430e-01 7.91720165e-57],600
Kepler-1787,Gaia DR3 2127803321876716928,2.608083884836301,[0.98722835],[2.32929492e-01 3.71998243e-28],[3.28017979e-01 1.32678625e-55],600
TOI-1295,Gaia DR3 1636690613486307840,5.356459767958823,[0.97659287],[2.17786915e-01 1.23899614e-24],[3.41530325e-01 1.77862722e-60],600
HD 130322,Gaia DR3 3650718804281798912,5.506525746272003,[0.99306808],[1.77054168e-01 2.10609675e-16],[3.15113324e-01 3.00735188e-51],600
TOI-1823,Gaia DR3 1676299557803904000,0.3348764317933194,[0.03538821],[1.89632859e-01 2.16304726e-18],[3.16445343e-01 4.80210872e-52],600
TOI-2416,Gaia DR3 4680527991927519744,1.4929015357189717,[0.95068296],[2.38734112e-01 2.54170586e-29],[3.33761934e-01 1.32404416e-57],600
HD 96063,Gaia DR3 3791263156547622784,1.097931789533905,[0.85057483],[1.76740320e-01 4.22959165e-16],[3.20204936e-01 2.13798800e-52],600
WASP-130,Gaia DR3 6112606840179716096,4.21129428434048,[0.98166217],[1.5157425e-01 8.4746864e-12],[3.09889008e-01 4.10416655e-49],600
WASP-37,Gaia DR3 3652176997218325888,0.18137970315437454,[0.01020334],[2.20716562e-01 2.69694855e-25],[3.49894029e-01 1.90355547e-62],600
TOI-2714,Gaia DR3 5098036746249924224,2.095322834748132,[0.97848035],[2.53415688e-01 2.15188003e-28],[3.60013754e-01 2.22180081e-57],515
HD 48948,Gaia DR3 1003351437484254464,0.18630296203515737,[0.01647568],[1.75182673e-01 7.51631839e-16],[3.24956304e-01 7.79098324e-55],600
K2-281,Gaia DR3 2577432178095422976,1.269257222248337,[0.94575799],[2.12107357e-01 3.53145803e-23],[3.40929903e-01 3.72098186e-60],600
Kepler-120,Gaia DR3 2099740761478810624,0.7873540187043221,[0.70946355],[1.19716968e-01 1.54138811e-07],[3.30193111e-01 1.12100531e-55],600
BD+63 1405,Gaia DR3 2160951157908163968,2.877259889590814,[0.97750936],[1.63443002e-01 6.86105797e-14],[3.25733525e-01 6.50757379e-55],600
TOI-5205,Gaia DR3 1842656663520849024,0.37478083816618357,[0.2728858],[1.65941733e-01 2.22580687e-14],[3.26780978e-01 4.40308267e-55],600
Kepler-1173,Gaia DR3 2128039304560957952,0.0931958955590564,[0.00058321],[1.93105673e-01 2.95378491e-19],[3.30880833e-01 3.31567465e-56],600
Kepler-97,Gaia DR3 2131216137248338304,1.1639698330582469,[0.88807623],[1.96003752e-01 6.75216530e-20],[3.24951174e-01 2.86651992e-54],600
K2-68,Gaia DR3 2614734243939231232,0.37698907433963397,[0.16648492],[2.02088670e-01 3.90832423e-21],[3.23827741e-01 5.55722721e-54],600
Qatar 1,Gaia DR3 2244830490514284928,0.4350982114779233,[0.26243654],[1.56246097e-01 8.22632134e-13],[3.20233139e-01 7.32007466e-53],600
GJ 238,Gaia DR3 5482827676662168832,0.30067496675290495,[0.04771916],[1.65900980e-01 2.82221558e-14],[3.06595508e-01 1.76942492e-48],600
HD 150706,Gaia DR3 1709456705329541504,3.8496936287217522,[0.97316539],[1.90601137e-01 9.09895030e-19],[3.28050150e-01 2.01094391e-55],600
Kepler-213,Gaia DR3 2127001056345369984,0.056078973869537106,[2.26915411e-06],[2.08500125e-01 9.52236335e-23],[3.34876205e-01 1.06966011e-57],600
HN Lib,Gaia DR3 6324325225803432320,0.7535608738856096,[0.779459],[1.55202712e-01 1.09295345e-12],[2.99318728e-01 2.94352473e-46],600
K2-358,Gaia DR3 660400738439361280,1.6062414426477452,[0.80027962],[2.11157546e-01 3.01467526e-23],[3.76590723e-01 6.89890039e-74],600
Kepler-1882,Gaia DR3 2126078080761742336,0.12035520742959901,[0.00113669],[2.09880324e-01 1.27267997e-22],[3.33691154e-01 1.11565190e-57],600
HD 13908,Gaia DR3 515574853541230720,1.5390012237888353,[0.89150601],[1.80226614e-01 9.32820802e-17],[3.29914245e-01 5.72025567e-56],600
HD 17156,Gaia DR3 545560867790611072,1.7655810144701132,[0.93158623],[1.86660278e-01 3.64739003e-18],[3.14610005e-01 2.93911043e-51],600
HD 7924,Gaia DR3 560130775546153344,1.9818971163670063,[0.92911236],[1.65219737e-01 3.11202868e-14],[3.40830959e-01 1.33257101e-59],600
WASP-12,Gaia DR3 3435282862461427072,2.4968784218030744,[0.96630221],[2.18423389e-01 1.58976316e-24],[3.19016552e-01 1.00029382e-52],600
WASP-72,Gaia DR3 5065640460769428224,1.893617547590559,[0.9819167],[2.39074490e-01 2.35485883e-29],[3.43414712e-01 1.57991597e-60],600
Kepler-1012,Gaia DR3 2127749342727327616,3.3994700059484604,[0.98314962],[2.10249928e-01 6.79003387e-23],[3.26593072e-01 6.35560906e-55],600
11 Com,Gaia DR3 3946945413106333696,0.03138870726050957,[2.31246888e-06],[1.59942173e-01 2.56648462e-13],[3.32914849e-01 3.29762092e-57],600
GJ 317,Gaia DR3 5701750715316821248,0.04714354900630569,[0.00058518],[1.45398671e-01 4.70488866e-11],[3.40974994e-01 2.82257746e-60],600
HAT-P-67,Gaia DR3 1358614983131339392,1.5435564095078584,[0.98363834],[2.08605071e-01 7.58104559e-23],[3.1756926e-01 2.0204008e-52],600
Kepler-624,Gaia DR3 2076245950349844608,1.5334169898241141,[0.94168309],[2.18461807e-01 1.41535888e-24],[3.40099933e-01 1.50950208e-59],600
Kepler-980,Gaia DR3 2079902101382181248,1.1898534618383578,[0.91350534],[2.19658048e-01 5.17092496e-25],[3.2725811e-01 3.3815265e-54],600
K2-108,Gaia DR3 655794055300531456,0.8956752683113319,[0.37470856],[2.14340502e-01 7.95395225e-24],[3.69873801e-01 4.42936418e-71],600
HD 137496,Gaia DR3 6258810550587404672,0.32246167867403525,[0.52039883],[1.11622860e-01 2.99076847e-06],[2.98622283e-01 3.59773670e-45],600
HD 107148,Gaia DR3 3693358861640279296,1.1376376579277883,[0.73437086],[1.82100703e-01 3.95673173e-17],[3.23592964e-01 1.48603123e-54],600
K2-366,Gaia DR3 6245607576304205952,0.18410803023088051,[0.10337174],[1.39175005e-01 6.58554245e-10],[2.94778198e-01 8.98068818e-45],600
Kepler-442,Gaia DR3 2100258047339711488,0.14736922100699698,[0.17617988],[0.08869064 0.00028238],[3.05022747e-01 1.01625401e-48],600
TOI-880,Gaia DR3 2993658970584498048,7.841945532527675,[0.9830803],[1.51582021e-01 6.70887054e-12],[3.15856252e-01 9.25990775e-52],600
HD 86081,Gaia DR3 3823126385045210880,3.248351836598673,[0.98375773],[1.69042805e-01 6.97543203e-15],[3.26160641e-01 1.56042907e-55],600
K2-215,Gaia DR3 2564621115285038208,1.246133854674357,[0.92676906],[2.46531312e-01 3.27640346e-31],[3.58344044e-01 1.00866410e-66],600
K2-374,Gaia DR3 607937055787752576,1.809963636224177,[0.81894755],[2.18513672e-01 1.13615073e-24],[3.44628315e-01 1.33205181e-61],600
K2-391,Gaia DR3 2439325924144650368,1.635942656462673,[0.97193246],[2.36376288e-01 7.61191930e-29],[3.26569572e-01 3.35975001e-55],600
WASP-189,Gaia DR3 6339097679918871168,6.1847496615881825,[0.9865722],[1.51653037e-01 4.12156815e-12],[3.29450025e-01 2.17513080e-56],600
WASP-33,Gaia DR3 328636019723252096,4.945304433856879,[0.97973257],[1.75789585e-01 4.57351315e-16],[3.24201851e-01 5.14675587e-54],600
Kepler-637,Gaia DR3 2053626934575934464,0.6681041186079791,[0.78956926],[1.96069563e-01 5.19063880e-20],[3.29308188e-01 7.41184513e-56],600
GJ 1289,Gaia DR3 2879455480942629248,6.3145092047663685,[0.98496019],[1.73406037e-01 1.64136800e-15],[3.21120497e-01 3.68525143e-53],600
Kepler-1619,Gaia DR3 2105921803532722432,0.0020803909998601835,[9.84248614e-16],[2.15671146e-01 4.04011439e-24],[3.40913763e-01 2.00723898e-59],600
HD 108202,Gaia DR3 3694842171545206656,0.8142187065005415,[0.49246925],[1.73041328e-01 1.24632996e-15],[3.34480831e-01 1.85245901e-57],600
Kepler-639,Gaia DR3 2101675661427506432,0.226367276279613,[0.01702954],[2.35329873e-01 1.91264166e-28],[3.46424067e-01 3.75043427e-62],600
Kepler-571,Gaia DR3 2132069598789224960,0.11887554108968316,[0.00329402],[2.08471997e-01 1.25657210e-22],[3.43599316e-01 1.35571708e-60],600
HD 8574,Gaia DR3 297045096447719040,0.29774776573553047,[0.39592978],[1.33655633e-01 2.61221649e-09],[3.17797219e-01 1.33986154e-51],600
K2-258,Gaia DR3 3695568295896473856,0.18902464604315072,[0.00399783],[2.62486357e-01 1.85652481e-19],[3.53754718e-01 4.27256074e-35],327
K2-42,Gaia DR3 3599651986730350464,0.5679165967027051,[0.56450623],[2.14157668e-01 8.72684114e-24],[3.46384783e-01 8.12924395e-62],600
Kepler-1821,Gaia DR3 2135051371246744960,2.0574967448224415,[0.98905681],[2.24708523e-01 3.26341164e-26],[3.36521600e-01 3.55503351e-58],600
HD 30669,Gaia DR3 4880032624440826112,0.10134640210295358,[0.00835467],[1.54221500e-01 2.08126427e-12],[3.32646083e-01 1.01569608e-56],600
HIP 56640,Gaia DR3 5386076013538356992,0.033157747580334046,[0.00029211],[1.39326612e-01 3.63740921e-10],[3.09063888e-01 4.20163988e-49],600
K2-271,Gaia DR3 655863775507590400,0.021623308761500638,[7.39588113e-11],[2.22304190e-01 1.29289664e-25],[3.37983642e-01 1.30943890e-59],600
HD 169142,Gaia DR3 4048015133392824064,4.64515644239862,[0.97796281],[1.61278917e-01 2.02157034e-13],[2.84489997e-01 2.56407740e-41],600
HD 17674,Gaia DR3 129321160344480512,4.826802894185457,[0.95362633],[1.51086037e-01 8.35197638e-12],[3.27396545e-01 2.70660146e-55],600
EPIC 248847494,Gaia DR3 3882879683758393344,0.3222532648023401,[0.05300081],[2.88470624e-01 5.22674765e-29],[3.64253166e-01 3.61560781e-46],400
TOI-157,Gaia DR3 4624979393181971328,0.1694063580618567,[0.01422435],[2.24512865e-01 1.00436035e-25],[3.22409716e-01 1.35462379e-53],600
WASP-144,Gaia DR3 6582435924022652672,0.35445663940677213,[0.1275235],[2.27746888e-01 1.47479992e-26],[3.31185400e-01 2.60114043e-56],600
WASP-16,Gaia DR3 6283723285046532864,1.015980534633926,[0.75597257],[2.07132900e-01 3.75030001e-22],[3.31559455e-01 3.97918541e-57],600
HD 220689,Gaia DR3 2391838429257482496,1.5529671848139184,[0.91231499],[1.78055645e-01 2.62149931e-16],[3.13580876e-01 1.43674372e-50],600
Kepler-1921,Gaia DR3 2085204015173031552,0.6708018268522847,[0.70158243],[2.07759583e-01 4.66047070e-22],[3.38628305e-01 3.99078941e-59],600
WASP-18,Gaia DR3 4955371367334610048,3.6908561754813314,[0.96010089],[1.87395947e-01 6.61689884e-18],[3.14194691e-01 2.02903877e-50],600
K2-278,Gaia DR3 3606596502170799104,0.19843136181454743,[0.00081013],[2.88196110e-01 3.46318587e-17],[3.60131112e-01 1.22156834e-26],237
91 Aqr,Gaia DR3 2630155547353593216,0.4267485128126618,[0.2521758],[1.65811212e-01 2.61568483e-14],[3.26523841e-01 1.29315262e-54],600
K2-59,Gaia DR3 2597903091739512320,0.6735284767402383,[0.5509092],[2.49359658e-01 7.08319137e-32],[3.43014783e-01 1.72756463e-60],600
K2-110,Gaia DR3 3613175223837135616,0.07965945836660454,[0.00026444],[1.69201190e-01 7.35175614e-15],[3.36462718e-01 1.47139716e-58],600
K2-19,Gaia DR3 3798833775141351552,3.107319848255093,[0.97664017],[2.02065480e-01 6.47954503e-21],[3.39555147e-01 6.09318465e-59],600
Kepler-1215,Gaia DR3 2086526693301504896,4.037107180664114,[0.98748334],[2.18103881e-01 2.06174906e-24],[3.29070787e-01 2.94818645e-56],600
Kepler-1967,Gaia DR3 2075973718142345472,0.48799590584187574,[0.21151282],[1.80537502e-01 5.52029604e-17],[3.05901973e-01 3.57063866e-48],600
TOI-206,Gaia DR3 4665277593852295424,1.530209589789214,[0.91817922],[1.74050809e-01 1.26538598e-15],[3.34288637e-01 1.36695445e-57],600
WASP-14,Gaia DR3 1242084170974175232,2.6621041438937274,[0.97821612],[1.90294859e-01 9.69571787e-19],[3.28283907e-01 4.04532084e-55],600
Kepler-205,Gaia DR3 2104076204545773440,0.00782793817566744,[2.58612291e-09],[1.80936732e-01 6.06457267e-17],[3.08920237e-01 3.84516983e-49],600
KELT-15,Gaia DR3 5489780919480009472,3.0479334825195545,[0.94997823],[1.18239797e-01 1.89330010e-07],[3.21252868e-01 3.25024182e-54],600
GJ 1151,Gaia DR3 786834302080370304,0.1277608105541128,[0.04423908],[1.53856287e-01 2.37252550e-12],[3.15608716e-01 2.06319310e-51],600
TOI-5388,Gaia DR3 753585104807022080,0.30764629776737146,[0.15206148],[1.58045247e-01 5.72970878e-13],[3.18967138e-01 1.57646819e-52],600
K2-29,Gaia DR3 150054788545735424,2.0059496267199495,[0.97858394],[1.28673047e-01 9.26904844e-09],[3.19677252e-01 3.20079456e-52],600
HD 98649,Gaia DR3 3538141457982396928,0.49509872312100744,[0.1108199],[1.67991352e-01 1.11784119e-14],[3.22804962e-01 1.23285245e-53],600
Kepler-1416,Gaia DR3 2078999608496984448,0.09551757300666985,[2.12976114e-05],[2.38150008e-01 4.98605746e-29],[3.36173403e-01 3.73867626e-58],600
Kepler-744,Gaia DR3 2080562667352233728,1.6495974123715849,[0.94506556],[2.18495281e-01 1.04145030e-24],[3.25573895e-01 5.21769606e-54],600
WASP-41,Gaia DR3 6160877943251930368,0.8696874164442221,[0.66194516],[1.65804382e-01 2.48146239e-14],[3.21248425e-01 1.76999976e-53],600
K2-279,Gaia DR3 3632489004572617088,0.18427755752864064,[0.02224224],[1.91919324e-01 3.22913735e-19],[3.53647072e-01 3.67998689e-64],600
K2-62,Gaia DR3 2612830229101544704,1.2711007934673304,[0.8986533],[1.66536071e-01 2.46797390e-14],[3.24877269e-01 2.44622606e-54],600
TOI-1075,Gaia DR3 6426188308031756288,0.4505671485046346,[0.40385603],[1.58723841e-01 4.69654953e-13],[2.99472244e-01 3.16521540e-46],600
HD 50554,Gaia DR3 3380479015342121600,3.2314843817378027,[0.94348958],[1.50806061e-01 8.40136073e-12],[3.39713724e-01 3.33197833e-59],600
Kepler-1783,Gaia DR3 2076839480469187712,8.912752625468888,[0.99641853],[1.81824816e-01 3.40793218e-17],[3.17181571e-01 4.11339979e-52],600
HD 63935,Gaia DR3 3145754895088191744,0.30251673638527493,[0.08062456],[1.63417143e-01 7.71508234e-14],[3.24988673e-01 2.24179064e-54],600
K2-74,Gaia DR3 2609566053956741888,0.7794243962656742,[0.85331167],[1.92339990e-01 2.66710232e-19],[3.31863362e-01 3.90152732e-57],600
TOI-1422,Gaia DR3 1920333449169516288,0.3050613834439526,[0.02359333],[1.86502683e-01 4.49796998e-18],[3.51356168e-01 5.63901156e-64],600
HD 88133,Gaia DR3 623408253837371392,0.039561974826401794,[1.3241038e-05],[1.75852495e-01 5.04764193e-16],[3.12277490e-01 2.56756159e-50],600
HD 33564,Gaia DR3 553480551264062848,5.762728982031844,[0.97734726],[1.53131770e-01 2.93207964e-12],[3.16768537e-01 4.59909887e-52],600
HAT-P-19,Gaia DR3 365426679516816512,1.4232180907292922,[0.92511295],[1.89612871e-01 1.13640467e-18],[3.21861828e-01 7.41016932e-53],600
Kepler-23,Gaia DR3 2135019107451751168,3.1983231968974324,[0.9622179],[2.16044965e-01 1.13777401e-23],[3.25954089e-01 5.46704747e-55],600
Kepler-989,Gaia DR3 2119584163218439040,0.11615790230089533,[0.00046476],[2.19831672e-01 6.33306329e-25],[3.28155231e-01 2.30767872e-55],600
TOI-5678,Gaia DR3 5048310370810634624,0.5049588827970639,[0.41648444],[2.09958979e-01 1.33846585e-22],[3.36217578e-01 2.26728236e-58],600
Kepler-96,Gaia DR3 2073731161099713408,0.7728967947468535,[0.51203054],[1.62534329e-01 8.26182469e-14],[3.03631541e-01 2.73871217e-47],600
TOI-4504,Gaia DR3 5289275864525400704,2.1427303807375884,[0.96243624],[1.50099014e-01 6.83020313e-12],[3.37980122e-01 2.09972161e-59],600
WASP-106,Gaia DR3 3788394461991295488,1.7645589233522192,[0.9712676],[2.21760345e-01 2.56261670e-25],[3.46297534e-01 1.21563135e-62],600
WASP-23,Gaia DR3 5557345496687437696,0.04310376598411638,[8.24969601e-05],[1.46343354e-01 3.00275754e-11],[3.31371925e-01 1.14024442e-56],600
HD 95338,Gaia DR3 5340648488081462528,0.011414638995187009,[7.36751646e-07],[1.56126453e-01 1.04566135e-12],[2.98539114e-01 1.28030057e-45],600
Kepler-18,Gaia DR3 2079295583282164992,2.017867841693896,[0.97326395],[1.84517501e-01 1.06919213e-17],[3.16533251e-01 1.25157254e-51],600
WASP-97,Gaia DR3 4911563216311083392,0.6146444089109959,[0.40470226],[2.16819290e-01 2.04059627e-24],[3.36923350e-01 4.08922873e-58],600
HD 216770,Gaia DR3 6610107504955838336,0.11000548952604648,[0.00127617],[1.74409051e-01 1.39853570e-15],[3.03222971e-01 3.05264052e-47],600
WASP-78,Gaia DR3 5089851638095503616,0.7612776691555397,[0.71666767],[2.46731197e-01 4.88957148e-19],[3.32437577e-01 1.74462302e-34],365
Kepler-1213,Gaia DR3 2133138942567823744,1.0044742574175631,[0.91400547],[2.20113147e-01 4.96208947e-25],[3.29451412e-01 2.51541719e-55],600
IRAS 04125+2902,Gaia DR3 164800235906366976,6.296781919746942,[0.8781837],[1.23302340e-01 1.01584473e-07],[3.39263624e-01 2.36879993e-59],600
TOI-178,Gaia DR3 2318295979126499200,0.06349442667824048,[0.00080846],[1.59927526e-01 2.86020144e-13],[3.11238608e-01 8.32720331e-50],600
WASP-187,Gaia DR3 306410392895767680,1.3552092973440493,[0.9403422],[2.36251161e-01 1.14611724e-28],[3.28976547e-01 1.50379191e-55],600
HIP 91258,Gaia DR3 2159653734187847168,0.7410274254307394,[0.48501078],[1.65641186e-01 2.95223288e-14],[3.11341531e-01 7.71077755e-50],600
Kepler-472,Gaia DR3 2073277200237694464,0.13296325364094108,[0.01646289],[1.38504218e-01 3.48196003e-10],[3.22748472e-01 5.48526083e-54],600
WASP-47,Gaia DR3 2613413008919918976,1.1499028155352677,[0.92101068],[2.01181462e-01 4.70472360e-21],[3.39691241e-01 2.67748773e-59],600
GJ 3512,Gaia DR3 1040827088726734976,0.9092361913073546,[0.57588053],[1.67173358e-01 1.45565427e-14],[3.32010245e-01 1.34632962e-56],600
HD 213885,Gaia DR3 6407428994690988928,1.1711025353133107,[0.79932534],[1.81198832e-01 6.19565784e-17],[3.12141175e-01 1.90954555e-50],600
TOI-1174,Gaia DR3 1674293361400214272,5.004352014016416,[0.97386213],[1.60696081e-01 1.65708116e-13],[3.22885548e-01 1.15794848e-53],600
Kepler-1053,Gaia DR3 2052973309272223232,4.072937048429919,[0.97705548],[1.84499871e-01 1.74156744e-17],[3.09011489e-01 4.36806245e-49],600
HATS-47,Gaia DR3 6658373007402886400,4.66670738975921,[0.9982055],[2.05247965e-01 1.20726631e-21],[3.24631792e-01 2.38863842e-54],600
Kepler-1518,Gaia DR3 2082161219824397568,1.736678642815862,[0.98050402],[2.58934659e-01 3.88315790e-34],[3.41916707e-01 1.63940948e-60],600
Kepler-1171,Gaia DR3 2052136752727511552,3.9248820206783295,[0.99507473],[1.57374422e-01 5.16846777e-13],[3.32368958e-01 4.08026527e-57],600
Kepler-1867,Gaia DR3 2078080176257415168,0.04376538878797106,[6.92121319e-06],[1.95609870e-01 1.38950593e-19],[3.09129693e-01 1.29241774e-48],600
Kepler-57,Gaia DR3 2126418658780855296,2.9320074176216004,[0.99179388],[2.11841393e-01 4.03173941e-23],[3.13326941e-01 2.59950734e-50],600
HIP 71135,Gaia DR3 5897706154359881088,0.08190666820411964,[0.00158089],[1.57658237e-01 6.60266815e-13],[3.22406497e-01 1.35802057e-53],600
HD 7449,Gaia DR3 2482820714353923072,0.6108306405522426,[0.62836707],[1.53185424e-01 3.81761148e-12],[3.04651156e-01 1.30473123e-47],600
Kepler-1825,Gaia DR3 2125760772871583744,0.3333771194227516,[0.17122183],[1.90480488e-01 1.28664456e-18],[3.21769319e-01 1.45786871e-53],600
WASP-183,Gaia DR3 3803004978659671040,0.04510379167093831,[9.01824687e-10],[2.34772054e-01 1.19260412e-28],[3.46158623e-01 1.75060984e-62],600
K2-43,Gaia DR3 3789847707126025600,3.411327502590064,[0.93392018],[1.81433709e-01 6.84577892e-17],[3.19739225e-01 4.63746532e-53],600
Kepler-1517,Gaia DR3 2102974833192340224,1.553246196282266,[0.96762211],[2.20115935e-01 6.64787691e-25],[3.23186417e-01 5.07736207e-53],600
HD 118203,Gaia DR3 1560420854826284928,0.30056413839055834,[0.11449925],[1.53704647e-01 2.62675098e-12],[3.26218038e-01 4.43740202e-55],600
K2-65,Gaia DR3 2613211076737129856,0.08374576670359767,[0.00128012],[1.74137887e-01 7.05107834e-16],[3.20826634e-01 4.62670172e-53],600
BD-08 2823,Gaia DR3 3770419611540574080,0.5150417656340912,[0.34685772],[1.60660925e-01 2.06676858e-13],[3.35269084e-01 7.78370235e-58],600
Kepler-321,Gaia DR3 2078327974388092544,3.605774628919315,[0.99417183],[1.83272294e-01 1.49493337e-17],[3.29271960e-01 9.52836611e-56],600
Kepler-80,Gaia DR3 2076328963475704576,2.563305645352072,[0.91990768],[1.12135531e-01 9.16505250e-07],[2.95763272e-01 6.39053697e-45],600
HN Peg,Gaia DR3 1772187382746856320,8.529950492152201,[0.99201712],[1.50798685e-01 6.40247739e-12],[3.07884553e-01 8.28298195e-49],600
HD 148156,Gaia DR3 5942178414758660864,2.093978244835187,[0.95181345],[1.66382286e-01 2.34283835e-14],[3.14724156e-01 3.29992950e-51],600
HIP 67851,Gaia DR3 6169943210465504384,0.14239314298123776,[0.01469761],[1.62516689e-01 8.31751108e-14],[3.30790220e-01 3.56378416e-56],600
HAT-P-55,Gaia DR3 4593808272896243328,2.3823326049266433,[0.97168169],[2.10981099e-01 8.09579194e-23],[3.10234585e-01 1.76073312e-49],600
HIP 67522,Gaia DR3 6113920619134019456,114.27281176065927,1.0,[0.07624813 0.0044228 ],[2.96096803e-01 6.03699510e-45],600
K2-217,Gaia DR3 2556248536102683008,1.7918170838514933,[0.96878314],[2.19054373e-01 1.04326014e-24],[3.30348900e-01 4.04741191e-56],600
Kepler-474,Gaia DR3 2125972321478224896,0.7132587848200195,[0.69968524],[2.07947167e-01 1.93933162e-22],[3.44893051e-01 3.62250799e-61],600
Kepler-951,Gaia DR3 2099524776162690944,0.8433379295245897,[0.66792134],[9.63850774e-02 4.89874260e-05],[3.16381142e-01 6.19232373e-52],600
TOI-5720,Gaia DR3 3994047048130880384,0.49183296338070887,[0.12702181],[1.7303152e-01 1.5925421e-15],[3.24710613e-01 3.98520172e-55],600
K2-375,Gaia DR3 661453074146753152,2.8884118388764377,[0.92300005],[2.33130810e-01 4.00978009e-19],[3.42966799e-01 1.13163132e-41],411
Kepler-1387,Gaia DR3 2125871960984455552,0.9836232454577567,[0.78088001],[1.96459347e-01 5.47201871e-20],[3.22863426e-01 1.17804753e-53],600
HIP 38594,Gaia DR3 5602386058511578368,0.9041017053855505,[0.59353168],[1.57895240e-01 6.05371879e-13],[3.14549307e-01 1.11840932e-51],600
GJ 581,Gaia DR3 6322070093095493504,1.2547564345105502,[0.73328116],[1.6301535e-01 8.9846504e-14],[3.26496066e-01 1.06213742e-54],600
K2-166,Gaia DR3 3701015375282968064,0.3817323962621437,[0.07072657],[2.79563152e-01 2.11794964e-37],[3.41853210e-01 4.78900115e-57],564
TOI-139,Gaia DR3 6598814657249555328,4.663552475782274,[0.98596547],[1.70279926e-01 6.42089116e-15],[3.21477978e-01 2.26040883e-53],600
TOI-1386,Gaia DR3 2005028761147595648,1.3535476958564916,[0.89931923],[1.87308107e-01 4.49622472e-18],[3.16513186e-01 2.88640190e-51],600
TOI-512,Gaia DR3 5574111674620962688,0.1276384628479588,[0.00220182],[1.53492266e-01 2.23605575e-12],[3.36720196e-01 1.19211125e-58],600
HATS-60,Gaia DR3 2596986648798061952,2.864429040268748,[0.95803795],[2.36597218e-01 9.45045110e-29],[3.44897700e-01 1.22614102e-60],600
HD 219134,Gaia DR3 2009481748875806976,0.514451636442936,[0.54601131],[1.47495807e-01 1.93591069e-11],[3.24898114e-01 2.98795913e-54],600
K2-276,Gaia DR3 677884313351354880,0.40157666444965656,[0.04922686],[2.20997473e-01 1.73064517e-25],[3.38006261e-01 2.05489613e-59],600
EPIC 249893012,Gaia DR3 6259263137059042048,0.2316871116213502,[0.04069026],[2.05323005e-01 9.82241707e-22],[3.27154312e-01 9.82206477e-55],600
HD 221585,Gaia DR3 2016655237613545728,0.05514587935905141,[0.00055796],[1.66045948e-01 2.52445309e-14],[3.11353482e-01 5.14026954e-50],600
Kepler-1992,Gaia DR3 2079880695265507328,2.828041814276752,[0.99351636],[1.97435170e-01 5.16006791e-20],[3.32813477e-01 5.63824557e-57],600
HATS-32,Gaia DR3 2398227794405981568,0.6744114418036989,[0.89983761],[2.97601569e-01 1.64899564e-12],[3.37092697e-01 3.26097437e-16],162
Kepler-523,Gaia DR3 2106821925598401152,1.827904735322249,[0.95523339],[1.65133453e-01 3.39905094e-14],[3.29684865e-01 6.86454688e-56],600
BD-06 1339,Gaia DR3 3022099969137163904,1.2667882345219557,[0.9064048],[1.45592067e-01 3.71689398e-11],[3.16157970e-01 9.01682671e-52],600
TOI-169,Gaia DR3 4684513614202233728,0.8071154468728036,[0.85796608],[2.29194215e-01 2.34500336e-27],[3.33785829e-01 3.24181754e-57],600
HD 23127,Gaia DR3 4680773217379728128,0.2765295434189927,[0.10327064],[1.58064062e-01 5.14621774e-13],[3.32735317e-01 6.00344182e-57],600
HD 188015,Gaia DR3 2028419118720795392,1.4622146570152328,[0.86115446],[1.70079509e-01 4.62200376e-15],[3.28982551e-01 7.68946727e-56],600
K2-204,Gaia DR3 2533185974768028032,0.1462740257145522,[0.00199541],[2.01443446e-01 7.85134963e-19],[3.27018182e-01 9.78505617e-50],538
K2-400,Gaia DR3 3859918999047978240,2.0565759887321198,[0.88704926],[1.74600613e-01 7.45131542e-16],[3.13878268e-01 6.27164848e-51],600
WASP-185,Gaia DR3 6284007337003799552,1.3250221281982741,[0.97151275],[1.91314445e-01 6.14394045e-19],[3.23415040e-01 4.99410057e-54],600
Kepler-481,Gaia DR3 2129753580626548736,0.09327366594836208,[9.17012342e-05],[2.38207124e-01 3.83721822e-29],[3.51640306e-01 1.57810120e-63],600
HD 192310,Gaia DR3 6847167606385195648,0.18949875974368655,[0.02571246],[1.72720324e-01 1.50789580e-15],[3.17548103e-01 3.81518225e-52],600
K2-187,Gaia DR3 689268759823937280,0.645605670072246,[0.27062667],[2.28534830e-01 7.83102117e-27],[3.35147332e-01 4.30049778e-58],600
TOI-1794,Gaia DR3 1552562615159689088,0.37965683821877033,[0.11549108],[1.88491667e-01 3.08927825e-18],[3.26743778e-01 4.53433840e-55],600
Kepler-1912,Gaia DR3 2119099931425654912,6.300563081542555,[0.9831684],[1.66057456e-01 1.70423337e-14],[2.96951942e-01 1.92127705e-45],600
TOI-1860,Gaia DR3 1620024491110370688,8.344109131278888,[0.99751057],[1.57854517e-01 5.84438186e-13],[3.32451306e-01 3.81817920e-57],600
WASP-83,Gaia DR3 3515865416826633984,1.2263930459548282,[0.90782201],[2.00055068e-01 1.10914729e-20],[3.21043933e-01 9.09928423e-53],600
Kepler-327,Gaia DR3 2126336710805475712,2.3590920200317846,[0.97078215],[1.68552901e-01 6.36022879e-15],[3.26388776e-01 3.87671859e-55],600
Kepler-649,Gaia DR3 2106384010732717184,0.2954143257198243,[0.11640841],[2.11729824e-01 2.26076420e-23],[3.5361696e-01 1.0417649e-64],600
HAT-P-54,Gaia DR3 3383298227579280640,5.724916941998972,[0.9715422],[2.04512231e-01 1.45062769e-21],[3.20568623e-01 6.97201134e-53],600
Kepler-1686,Gaia DR3 2101744552703459712,0.41806539368729667,[0.37342519],[1.97705733e-01 1.91316699e-20],[3.30169590e-01 1.22020522e-56],600
CoRoT-8,Gaia DR3 4287832775526476800,0.1559518093632085,[0.01391949],[1.93039365e-01 1.93889876e-19],[3.19475960e-01 4.61545261e-53],600
HD 99492,Gaia DR3 3812355294262255104,0.6179746940857304,[0.33094489],[1.72824717e-01 1.73119717e-15],[3.29877493e-01 9.87461602e-57],600
Kepler-1069,Gaia DR3 2129215369685086080,0.2037622769904045,[0.00226119],[2.26671420e-01 2.12459669e-26],[3.41581632e-01 3.18037164e-61],600
WASP-8,Gaia DR3 2312679845530628096,2.094024523315404,[0.96017642],[1.65339728e-01 2.97091621e-14],[3.28195972e-01 2.78690790e-55],600
HATS-24,Gaia DR3 5911182735242698496,1.7049743342009491,[0.96360478],[1.90139198e-01 1.20240688e-18],[3.46654190e-01 1.36092826e-61],600
Kepler-423,Gaia DR3 2128273225659492608,1.2682656451888075,[0.97741443],[2.15951760e-01 4.22654905e-24],[3.27964272e-01 7.14388687e-56],600
TOI-2580,Gaia DR3 490410811948906752,1.5189328165681766,[0.83308644],[2.24627813e-01 4.17878853e-26],[3.16197987e-01 1.61584342e-51],600
TOI-2768,Gaia DR3 2950113598541387776,0.12794258943057213,[0.00704126],[1.60427657e-01 2.37470829e-13],[3.31617334e-01 1.17351184e-56],600
Wolf 503,Gaia DR3 3620325206217720320,0.0021655187346757364,[2.48293722e-15],[1.70467736e-01 4.71872889e-15],[2.99920260e-01 2.29312814e-46],600
Kepler-955,Gaia DR3 2101305469605609088,2.4522423991125306,[0.99531594],[2.11617112e-01 4.11776192e-23],[3.31108228e-01 8.98294078e-57],600
Kepler-505,Gaia DR3 2102511874378223360,0.09803877490553027,[0.00229828],[1.74350987e-01 1.43158064e-15],[3.18017681e-01 3.27151966e-52],600
Kepler-1066,Gaia DR3 2085502463860057984,2.601511185602067,[0.95984933],[1.09943359e-01 1.86535707e-06],[3.15059286e-01 1.06019962e-50],600
HD 197037,Gaia DR3 2066437688140905600,1.361312524109901,[0.85834255],[1.65493429e-01 4.59702629e-14],[3.23546716e-01 6.91930471e-54],600
HD 86950,Gaia DR3 5673523262530712832,4.199415394782568,[0.98188143],[1.49315365e-01 1.07665968e-11],[3.15186778e-01 4.27110878e-51],600
DMPP-2,Gaia DR3 5017319806652067072,2.480515854570909,[0.93108252],[2.06753380e-01 4.51112725e-22],[3.18599559e-01 3.90277445e-52],600
HD 82943,Gaia DR3 5691782130578684544,1.6191351585454286,[0.93679905],[1.76129613e-01 3.09612472e-16],[3.27762888e-01 1.04571589e-55],600
TOI-1408,Gaia DR3 2275130045974715904,5.07597581972879,[0.9941617],[1.81075515e-01 3.60135033e-17],[3.27118699e-01 4.67997872e-56],600
HD 39091,Gaia DR3 4623036865373793408,0.2593655058829228,[0.07794559],[1.68871360e-01 7.46487589e-15],[3.17595418e-01 1.27020588e-51],600
Kepler-465,Gaia DR3 2107236613280607104,0.9006603836464924,[0.84189418],[2.00915489e-01 5.79234790e-21],[3.62802158e-01 5.78517593e-68],600
WASP-138,Gaia DR3 2498515516990171392,0.4041868316993064,[0.26713449],[2.13260727e-01 1.14311172e-23],[3.32406268e-01 4.79643208e-56],600
81 Cet,Gaia DR3 2495420602212048640,1.8482027642230026,[0.95143232],[1.69789083e-01 5.18819583e-15],[3.21431013e-01 3.57996561e-53],600
TOI-2154,Gaia DR3 570653411060484480,1.2653646198214645,[0.91795761],[2.13952658e-01 1.40175991e-23],[3.28929535e-01 8.02070474e-56],600
47 UMa,Gaia DR3 777254360337133312,2.410098487534494,[0.90521146],[1.69280320e-01 6.72621372e-15],[3.12251976e-01 2.14403566e-50],600
HD 11505,Gaia DR3 2505825177666430592,0.24725455900875665,[0.14758998],[1.45812370e-01 5.75778236e-11],[3.10573941e-01 4.46644889e-49],600
Kepler-1163,Gaia DR3 2130026255211751808,0.9902683701012853,[0.88816635],[1.95266225e-01 1.02370433e-19],[3.10743375e-01 4.48938974e-50],600
Kepler-655,Gaia DR3 2080355615570219904,1.0545602362259012,[0.92043389],[2.26096616e-01 2.34635279e-26],[3.13278200e-01 1.47616745e-50],600
Kepler-155,Gaia DR3 2133351698066484096,2.7870094000463843,[0.98648418],[1.70126759e-01 4.27910631e-15],[3.26384419e-01 2.77740221e-54],600
HD 212301,Gaia DR3 6356860393345181824,11.812424446893766,[0.97573423],[1.49952632e-01 1.18245910e-11],[3.39671983e-01 5.17473549e-60],600
HD 64114,Gaia DR3 3037245604373149824,0.8741998909100511,[0.61287007],[1.54633280e-01 1.88324382e-12],[3.29213753e-01 1.94411952e-55],600
K2-6,Gaia DR3 3794479262419500160,3.57415627358097,[0.94709722],[2.03628584e-01 1.58453317e-21],[3.33154031e-01 3.41479711e-57],600
K2-30,Gaia DR3 61607255708760960,2.0511631219043895,[0.97504537],[2.05540890e-01 6.28638806e-22],[3.26771904e-01 6.87127327e-55],600
TOI-1347,Gaia DR3 2265406171296997888,10.098852053294554,[0.97599995],[1.66083747e-01 1.78304139e-14],[3.24052365e-01 8.89403362e-54],600
GJ 720 A,Gaia DR3 2118424350249708800,0.4588945779797346,[0.1699003],[1.60893666e-01 1.31575371e-13],[3.26412342e-01 2.45824525e-55],600
TOI-1680,Gaia DR3 2242756094328104576,0.5085483852230411,[0.24955411],[1.59656051e-01 3.32972092e-13],[3.1394621e-01 2.9904861e-50],600
Kepler-622,Gaia DR3 2103645814462282752,2.0053672491042787,[0.95046268],[1.66373552e-01 2.48544663e-14],[2.96030174e-01 5.29154403e-45],600
TOI-3364,Gaia DR3 5409268527708808320,10.069482100431662,[0.99748284],[1.66670245e-01 1.07127502e-14],[3.21620682e-01 1.63678802e-53],600
HD 30856,Gaia DR3 4893980371818915456,1.67232005846539,[0.9349379],[1.82845662e-01 2.20052369e-17],[3.27140853e-01 5.13889705e-55],600
Kepler-1768,Gaia DR3 2076155515517119744,5.048562744136566,[0.99776391],[2.11553445e-01 5.09298000e-23],[3.30450826e-01 7.30802451e-56],600
Kepler-1863,Gaia DR3 2105230794833800704,0.5141359757042281,[0.14604579],[2.53793282e-01 1.63476873e-27],[3.27105989e-01 4.28867149e-45],495
GJ 1132,Gaia DR3 5413438219396893568,0.6968394330698839,[0.52235399],[1.76369904e-01 2.32160223e-16],[3.22393234e-01 8.96210155e-54],600
Kepler-858,Gaia DR3 2133344791759137152,0.16215618850335545,[0.08543252],[1.47413432e-01 2.82461656e-11],[3.11983648e-01 2.15054199e-50],600
HAT-P-65,Gaia DR3 1757302881526250496,1.4485026619580843,[0.9702276],[2.66701135e-01 1.55037990e-36],[3.47478519e-01 9.35456568e-63],600
HD 95872,Gaia DR3 3537576785745979904,0.04492577102875787,[0.00021372],[1.58796705e-01 3.92694218e-13],[3.11577741e-01 9.61355447e-50],600
Kepler-783,Gaia DR3 2129164173675031936,0.6236967365767014,[0.64045361],[1.81277345e-01 4.30443956e-17],[3.34195717e-01 2.93152611e-57],600
WASP-156,Gaia DR3 2514360548993901312,0.44555871081756343,[0.32288529],[1.77324112e-01 3.12246201e-16],[3.25139049e-01 1.29177848e-54],600
LHS 1815,Gaia DR3 5500061456275483776,0.006580488205257734,[2.08564598e-08],[1.53626580e-01 2.57583759e-12],[3.13773264e-01 1.24285267e-50],600
WASP-88,Gaia DR3 6482103014085857024,2.4885743636539917,[0.97494842],[2.68128753e-01 1.74191077e-36],[3.28094071e-01 1.00154487e-55],600
EPIC 212499991,Gaia DR3 3610090784483619456,0.5650199628528582,[0.52051846],[2.03175669e-01 2.14099366e-21],[3.33225482e-01 2.56678601e-57],600
DMPP-4,Gaia DR3 2136027771930903808,3.781801736024653,[0.97771942],[1.71114228e-01 3.87004985e-15],[3.33103477e-01 2.83230465e-57],600
GJ 9689,Gaia DR3 1803475188714186368,0.1296024034016925,[0.00124396],[1.78179064e-01 2.19206375e-16],[3.35913776e-01 1.82697884e-58],600
HD 102365,Gaia DR3 5381537023379295232,0.3751918412837121,[0.23387103],[1.75782896e-01 5.19397194e-16],[3.16371358e-01 6.23898846e-52],600
HAT-P-18,Gaia DR3 1334573817793362560,1.4631192806440654,[0.90953195],[1.76558906e-01 3.12631212e-16],[3.33039146e-01 5.90574336e-57],600
LHS 475,Gaia DR3 6347643496607835520,0.4258315419610664,[0.10600237],[1.91603288e-01 5.39657618e-19],[3.32887224e-01 1.08143884e-57],600
WASP-178,Gaia DR3 6003809889735481856,7.600809076316261,[0.99824058],[1.58684915e-01 3.69842650e-13],[3.06806342e-01 1.83587352e-48],600
Kepler-1003,Gaia DR3 2126597054542193536,0.13673544741277513,[0.00060632],[2.16311898e-01 2.64836999e-24],[3.30167225e-01 4.67735047e-56],600
GJ 1061,Gaia DR3 4848140361962951552,1.1509287051331119,[0.87155258],[1.57796190e-01 3.61864902e-13],[3.25317160e-01 1.12284386e-54],600
TOI-1820,Gaia DR3 4009018273332089088,0.2126345705577512,[0.00365089],[2.34066136e-01 3.44379263e-28],[3.43194328e-01 1.48854722e-60],600
Kepler-1677,Gaia DR3 2085575272147044608,1.5653273604232876,[0.97135825],[2.23440980e-01 1.29952328e-25],[3.37032177e-01 1.16618436e-58],600
HAT-P-12,Gaia DR3 1499514786891168640,0.07903850320050741,[0.00031587],[1.86385860e-01 5.44608077e-18],[3.13013701e-01 1.20660560e-50],600
HD 43691,Gaia DR3 959971546241608576,1.38376868081606,[0.83589423],[1.91739305e-01 7.35456862e-19],[3.16811450e-01 1.24318136e-51],600
WASP-70 A,Gaia DR3 6888469489370835840,0.33308359699213885,[0.13487727],[1.99039196e-01 1.64831351e-20],[3.20493071e-01 2.61171434e-52],600
HD 13167,Gaia DR3 5121479777262042112,1.144225356743645,[0.83585307],[1.83550024e-01 1.86118289e-17],[3.52748727e-01 2.84339004e-64],600
Kepler-1082,Gaia DR3 2133127363335546112,2.6564268778838587,[0.97547617],[2.71127916e-01 1.23566021e-37],[3.36950975e-01 1.24619073e-58],600
Kepler-1955,Gaia DR3 2075040537699996288,1.456950445093891,[0.90430515],[1.59073019e-01 3.20193235e-13],[3.09779951e-01 1.12630058e-49],600
Kepler-396,Gaia DR3 2134847343121798528,3.0300170105243405,[0.97007023],[1.69916735e-01 5.22648607e-15],[3.06204076e-01 4.19562571e-48],600
KELT-17,Gaia DR3 651935220461650560,3.8420019773786014,[0.98011252],[1.58620178e-01 4.63826983e-13],[3.10582223e-01 1.88982780e-50],600
K2-46,Gaia DR3 3794162976731206272,0.9963973443820021,[0.77168968],[2.54468871e-01 3.38797107e-33],[3.55293743e-01 2.53814921e-64],600
HD 220197,Gaia DR3 2817634821194781824,0.05187689241525786,[0.00019115],[1.68951257e-01 7.23271624e-15],[3.23703879e-01 9.40489530e-54],600
TOI-2025,Gaia DR3 2296342614570999552,1.8414708807527913,[0.94672864],[2.03808923e-01 2.20955763e-21],[3.13760627e-01 1.25474712e-50],600
WASP-74,Gaia DR3 4224062406762625152,0.7445966624938328,[0.50169608],[2.04160361e-01 2.21040600e-21],[3.15271068e-01 1.44896219e-51],600
HD 99706,Gaia DR3 784227772318969472,0.17985965207552493,[0.02727806],[1.60712773e-01 1.92446519e-13],[3.17610355e-01 2.95840845e-52],600
HD 86728,Gaia DR3 746545172372256384,0.234611287679965,[0.01455361],[1.75292332e-01 5.27485663e-16],[3.23808978e-01 1.55336847e-54],600
TOI-3023,Gaia DR3 5227928170880093568,0.020699228745999675,[0.00010027],[1.41397328e-01 1.57991243e-10],[3.22433540e-01 7.01828052e-54],600
WASP-75,Gaia DR3 2605161444735454464,0.6377756313359932,[0.70044142],[2.39162398e-01 3.17270193e-29],[3.49161572e-01 6.07892740e-63],600
TIC 139270665,Gaia DR3 902448598271728256,1.6196279487768097,[0.79649811],[1.71968944e-01 2.30167923e-15],[3.25622951e-01 1.92723188e-55],600
HATS-7,Gaia DR3 6288858347945925504,0.5783547046531862,[0.1705165],[2.12481026e-01 2.03476458e-23],[3.28549065e-01 3.58773248e-56],600
75 Cet,Gaia DR3 2500064286492779264,3.4554935344568403,[0.97503266],[1.7385171e-01 9.5184397e-16],[3.31174963e-01 2.62287676e-56],600
Kepler-438,Gaia DR3 2104675781979819776,0.11085217184023206,[0.00785293],[1.58431548e-01 4.72693161e-13],[3.36240835e-01 8.95884254e-58],600
TOI-1736,Gaia DR3 541725187117160960,1.5786970483714942,[0.8634426],[1.88221644e-01 2.43272064e-18],[3.32589855e-01 1.72802633e-57],600
HD 80606,Gaia DR3 1019003226022657920,1.3979526083294154,[0.89518614],[1.64013700e-01 3.21155834e-14],[3.35234381e-01 4.00642322e-58],600
HD 18143,Gaia DR3 116037204451525376,2.6088368820876404,[0.96426838],[1.41110731e-01 2.69617165e-10],[3.02849670e-01 4.82711266e-47],600
K2-199,Gaia DR3 3620501712193719296,1.4916094401008646,[0.88959067],[1.70207680e-01 5.87888395e-15],[3.15798078e-01 6.07895295e-51],600
Kepler-1448,Gaia DR3 2132984426823383168,1.1110301217423029,[0.89786508],[2.25385702e-01 2.51774104e-26],[3.47845710e-01 3.04866661e-62],600
TOI-1691,Gaia DR3 2303587361109316224,0.04864157926756614,[2.49147247e-05],[1.79813743e-01 9.73621981e-17],[3.32748460e-01 3.77084506e-57],600
KOI-7368,Gaia DR3 2128840912955018368,8.378617799766076,[0.99141137],[1.78308462e-01 1.24456596e-16],[3.20194812e-01 2.15461901e-52],600
HIP 116454,Gaia DR3 2645940376800212096,0.11936229603259466,[0.01514969],[1.54940197e-01 1.32472935e-12],[3.31173422e-01 2.62610138e-56],600
Kepler-1604,Gaia DR3 2105964306529014400,1.5282020890289432,[0.97169272],[2.22981945e-01 9.03983704e-26],[3.45488304e-01 2.20362901e-61],600
K2-63,Gaia DR3 2612881429407251328,1.2960929951708318,[0.92969954],[2.27848387e-01 4.88545717e-27],[3.42568187e-01 7.48645592e-61],600
TOI-6029,Gaia DR3 430269136520563200,0.9184645580817401,[0.62406249],[2.20267139e-01 4.58017790e-25],[3.25017322e-01 2.19202814e-54],600
K2-357,Gaia DR3 610181468257262464,1.2397611860148645,[0.81410783],[2.05641940e-01 9.17275918e-22],[3.21010380e-01 4.95655937e-53],600
Kepler-961,Gaia DR3 2105262886829784960,0.9473928414135222,[0.91125271],[2.03657399e-01 1.84761475e-21],[3.31646495e-01 1.14640922e-56],600
BD+20 594,Gaia DR3 58200934326315136,0.29406916072261324,[0.09832519],[1.59593918e-01 3.40715087e-13],[3.13845594e-01 1.76118786e-50],600
HD 93351,Gaia DR3 3802693370192254336,0.2143861512236027,[0.00588738],[1.63349729e-01 6.38540430e-14],[3.31004353e-01 2.39997057e-56],600
Kepler-364,Gaia DR3 2119591206965104768,0.6500346216972223,[0.42175755],[2.24457803e-01 8.46757906e-21],[3.55644410e-01 1.86801111e-52],481
Kepler-210,Gaia DR3 2125864573640675968,4.783372394813274,[0.99383906],[1.67687895e-01 1.41001664e-14],[3.16301631e-01 1.21667180e-51],600
WASP-20,Gaia DR3 2359978293137038720,2.892950673895144,[0.98379814],[2.15344353e-01 4.34624924e-24],[3.53210597e-01 1.14367767e-64],600
HD 148164,Gaia DR3 4459907547841472128,0.6496421477252068,[0.53652814],[1.53875535e-01 2.24667658e-12],[3.25843833e-01 3.85942033e-55],600
K2-227,Gaia DR3 3675261140764265728,2.3116357144121484,[0.94897375],[2.10251947e-01 8.86718766e-23],[3.40376379e-01 1.20230912e-59],600
K2-338,Gaia DR3 656201703533465088,0.1985781350382476,[0.09102059],[1.35747820e-01 1.98094213e-09],[3.13224793e-01 1.02862892e-50],600
K2-219,Gaia DR3 2581741400387500544,1.6971334802394875,[0.96238314],[2.32617053e-01 7.64960743e-28],[3.44404733e-01 4.26439360e-61],600
Kepler-172,Gaia DR3 2104506319750394624,3.358405402769767,[0.99340714],[2.23054388e-01 1.30120394e-25],[3.49678245e-01 1.37942981e-62],600
HD 164604,Gaia DR3 4062446910648807168,2.945593772923419,[0.94074931],[1.68883611e-01 9.89884528e-15],[3.10054266e-01 1.65421733e-49],600
WASP-84,Gaia DR3 3078836109158636928,2.4428957320769915,[0.94980516],[1.77350367e-01 1.86070426e-16],[3.28753286e-01 4.74532883e-56],600
Gaia-2,Gaia DR3 1107980654748582144,0.7573896180364617,[0.66406211],[1.63945853e-01 4.09379839e-14],[3.26721888e-01 1.24077731e-55],600
TOI-1739,Gaia DR3 1723044195149081728,0.59616343168923,[0.43172179],[1.71272377e-01 3.22905160e-15],[3.27229669e-01 1.59839924e-55],600
Gl 725 A,Gaia DR3 2154880616774131840,0.28286460556267207,[0.10174996],[1.56948104e-01 8.55708330e-13],[3.04519115e-01 8.13596892e-48],600
Kepler-1341,Gaia DR3 2117344732912435968,2.0809334646521096,[0.97683339],[2.11123324e-01 6.89732706e-23],[3.18489633e-01 5.22522878e-52],600
K2-107,Gaia DR3 4081684580199958528,1.037774865560701,[0.73456819],[1.79475477e-01 2.44482569e-16],[3.31021445e-01 6.14382692e-57],600
HD 70642,Gaia DR3 5540006949934104448,1.0240689321771732,[0.70501092],[1.50984974e-01 6.57117200e-12],[3.35919597e-01 1.46337315e-57],600
Kepler-334,Gaia DR3 2130661880308812800,0.7842674102563909,[0.7989388],[2.08277847e-01 1.96373168e-22],[3.30554599e-01 3.43559185e-56],600
HD 20329,Gaia DR3 30398648945512960,0.02417982405093564,[1.82809981e-05],[1.50649395e-01 1.33774173e-11],[3.16518940e-01 1.03068672e-51],600
HD 29985,Gaia DR3 4868261081155110400,0.0923267558717372,[0.01298904],[1.39466476e-01 4.39534826e-10],[3.22775103e-01 5.37206298e-54],600
HD 114082,Gaia DR3 6055854551117476480,124.7932445048001,1.0,[1.00646764e-01 2.81862722e-05],[3.07107855e-01 5.60612321e-49],600
Barnard's star,Gaia DR3 4472832130942575872,0.0034763252559270904,[9.12623237e-11],[1.54726803e-01 1.82097268e-12],[3.28331469e-01 1.60926496e-55],600
HD 4203,Gaia DR3 2801366000472903040,0.21519021372341668,[0.03419765],[1.70243521e-01 4.08423786e-15],[3.43537250e-01 1.81928925e-60],600
Kepler-550,Gaia DR3 2086414268238649984,2.012306833395217,[0.97626334],[2.00202890e-01 1.21639004e-20],[3.36933425e-01 7.93044003e-59],600
Kepler-878,Gaia DR3 2107313098057987712,0.7821044091064344,[0.80514099],[2.34017937e-01 3.16546677e-28],[3.39814877e-01 1.90824777e-59],600
HD 215497,Gaia DR3 6504232472302122624,0.7998007090277728,[0.62097896],[1.61229741e-01 2.05894655e-13],[3.29107652e-01 8.69254951e-56],600
K2-244,Gaia DR3 3597981377595128704,0.8932186351275354,[0.54533656],[1.95670768e-01 7.28594181e-20],[3.61081724e-01 2.64047883e-67],600
Qatar 9,Gaia DR3 1048109222955337600,4.545386771412396,[0.99237465],[2.09290863e-01 9.14807137e-23],[3.38225938e-01 2.74226414e-59],600
Kepler-1690,Gaia DR3 2102384846425680768,1.189932896716697,[0.91660613],[2.22213889e-01 1.82958440e-25],[3.22537875e-01 3.55939416e-53],600
HD 148427,Gaia DR3 4330532859324207360,5.344430173526117,[0.98901246],[1.68798948e-01 6.10690041e-15],[3.25891944e-01 3.71499946e-55],600
WASP-113,Gaia DR3 1587399232335653760,3.903955978552912,[0.97471649],[2.62931141e-01 1.65796799e-35],[3.41884591e-01 7.11769327e-60],600
Kepler-113,Gaia DR3 2133369840008452224,1.1945148338172331,[0.90863417],[1.84673939e-01 9.99017825e-18],[3.31646267e-01 2.96008483e-57],600
HAT-P-27,Gaia DR3 1159336403336463872,4.960153336883282,[0.98114847],[2.03980932e-01 2.21365555e-21],[3.32869328e-01 2.17075427e-57],600
WASP-126,Gaia DR3 4666498154837086208,0.3350886377451155,[0.14129571],[2.09586965e-01 1.46983465e-22],[3.36447747e-01 1.87931763e-58],600
51 Peg,Gaia DR3 2835207319109249920,0.706567358214168,[0.38965279],[1.61542267e-01 1.20403723e-13],[3.22143670e-01 3.89977434e-53],600
HD 136118,Gaia DR3 4415515934099120768,1.2700185175692282,[0.82280503],[1.74820919e-01 5.00516836e-16],[3.37389108e-01 4.31905305e-59],600
K2-24,Gaia DR3 6049750234317822208,0.09924416925460705,[0.26644887],[0.07602678 0.00604917],[2.76312995e-01 1.23227927e-39],600
NGTS-27,Gaia DR3 6171451912217279872,1.7177790628112575,[0.87732289],[2.77936006e-01 2.11697890e-13],[3.67780141e-01 2.59331487e-23],196
WASP-174,Gaia DR3 6139403450370668800,2.109218455792934,[0.92195465],[1.69650997e-01 5.80776021e-15],[3.15937936e-01 1.96953923e-51],600
WASP-162,Gaia DR3 3558354604869150208,1.2474496615327528,[0.89395356],[2.21854878e-01 2.20805668e-25],[3.49800088e-01 2.74682322e-63],600
Kepler-1766,Gaia DR3 2128151660905893504,1.0201894847019286,[0.89354286],[1.90737510e-01 8.56161654e-19],[3.30234544e-01 1.81162867e-56],600
K2-172,Gaia DR3 2602237602799035008,0.2699614800085755,[0.05504715],[2.15175629e-01 5.20197627e-24],[3.41756675e-01 6.22013103e-60],600
Kepler-1061,Gaia DR3 2135301338343246848,2.094681871238374,[0.97984409],[2.24768143e-01 3.50131486e-26],[3.24441636e-01 1.01171743e-53],600
HD 28192,Gaia DR3 3205907595694244480,1.477044363120071,[0.94985329],[1.46128203e-01 4.96337755e-11],[3.12549167e-01 4.65454472e-50],600
TOI-269,Gaia DR3 4770828304936109056,0.5528032253560202,[0.34467504],[1.42479911e-01 1.46873588e-10],[3.22928978e-01 4.76209210e-54],600
TOI-837,Gaia DR3 5251470948229949568,766.5384358191757,1.0,[1.24839506e-01 5.18754232e-08],[3.24567221e-01 1.31466170e-54],600
Kepler-1515,Gaia DR3 2129311576952316544,0.9242781729168419,[0.81397283],[1.95018944e-01 1.23787412e-19],[3.20023250e-01 1.99196485e-52],600
K2-15,Gaia DR3 3896271842760486272,0.10286281096480096,[0.00032738],[2.47676285e-01 1.15380704e-29],[3.42751455e-01 1.28272753e-56],562
K2-384,Gaia DR3 2535107508776249856,1.3707095375611191,[0.91697132],[1.66941013e-01 2.11012120e-14],[3.13404739e-01 2.99798911e-50],600
TOI-257,Gaia DR3 4747624104168195072,0.9438529424842762,[0.84690187],[1.57839096e-01 6.83091829e-13],[3.17194242e-01 9.28546236e-52],600
HIP 14810,Gaia DR3 60684353135617792,3.0115045217042167,[0.91316452],[1.40468518e-01 3.58944967e-10],[3.11144451e-01 1.61822735e-49],600
HIP 4845,Gaia DR3 2473055951588089088,4.447092305595659,[0.97328709],[1.54326436e-01 1.57749678e-12],[3.17849722e-01 1.32295983e-52],600
HD 16417,Gaia DR3 5062172841616745856,1.9957879748011118,[0.93059835],[1.44745651e-01 6.11436428e-11],[3.15777289e-01 9.83713103e-52],600
K2-407,Gaia DR3 6239581123010344960,0.16173181482355187,[0.00305837],[1.94750226e-01 1.39944879e-19],[3.31392268e-01 5.70581106e-57],600
Kepler-1561,Gaia DR3 2078801009210349440,2.7446968683844597,[0.98900094],[2.26144064e-01 1.51228695e-26],[3.44634181e-01 2.75808299e-61],600
Kepler-986,Gaia DR3 2077811410082955776,1.0168920299444684,[0.88896365],[2.02488891e-01 3.81168862e-21],[3.25534041e-01 3.19461383e-55],600
Kepler-773,Gaia DR3 2052603289249806976,1.7207513705950683,[0.95028507],[1.75643412e-01 5.49993405e-16],[3.38669481e-01 1.50334792e-59],600
TOI-2207,Gaia DR3 6675883485986480256,1.5482698567638458,[0.94175672],[2.42855524e-01 1.91571919e-30],[3.39026036e-01 1.41786411e-59],600
KOI-142,Gaia DR3 2101507367429089664,9.513739596932963,[0.991355],[1.46128717e-01 4.36307619e-11],[3.29807248e-01 1.21642006e-55],600
WASP-76,Gaia DR3 2512326349403275520,1.1538585222505051,[0.6791186],[2.08235911e-01 2.84552376e-22],[3.55480548e-01 5.65268735e-66],600
Kepler-1701,Gaia DR3 2103936497850300928,2.0699689829559165,[0.98930516],[2.09343861e-01 1.16212125e-22],[3.43492113e-01 7.15665865e-61],600
TOI-3919,Gaia DR3 1497132660589966976,1.448925306657008,[0.90490915],[2.48904487e-01 3.45903678e-17],[3.40060507e-01 1.44525739e-31],321
HD 103197,Gaia DR3 5370827127297364480,7.230622028780181,[0.98042128],[1.47283133e-01 2.17596888e-11],[3.21233672e-01 1.44929167e-53],600
K2-18,Gaia DR3 3910747531814692736,3.1490294585547356,[0.94472311],[1.68592805e-01 8.33313481e-15],[3.39992606e-01 3.36236455e-59],600
WASP-157,Gaia DR3 3630269399833507200,1.562839329589721,[0.94902629],[2.22773822e-01 1.66689736e-25],[3.16437916e-01 8.93253783e-52],600
WASP-43,Gaia DR3 3767805209112436736,1.668360865458252,[0.90138472],[1.73910024e-01 8.22870961e-16],[3.18274114e-01 4.06802294e-52],600
K2-147,Gaia DR3 6764974194470777600,0.40222837638953607,[0.18195622],[1.74877361e-01 8.00319831e-16],[3.38250058e-01 5.44128808e-59],600
Kepler-381,Gaia DR3 2105835281411929728,1.3791358469292077,[0.92664454],[1.65588542e-01 3.18378575e-14],[3.14712693e-01 4.99285143e-51],600
Kepler-910,Gaia DR3 2077243138673356928,1.8487451915339688,[0.96133757],[1.48791170e-01 1.13065628e-11],[3.06723834e-01 5.10296090e-48],600
HATS-62,Gaia DR3 6806639397331208320,4.069011305338432,[0.97859022],[2.59285644e-01 2.08202599e-34],[3.33908514e-01 2.33630392e-57],600
TOI-6086,Gaia DR3 4597447518944594176,2.310023615478689,[0.89428825],[1.68813678e-01 8.56543007e-15],[3.27194252e-01 3.17630993e-55],600
HD 82886,Gaia DR3 797597524475897600,1.0606796624834105,[0.79129997],[1.55440696e-01 1.10415966e-12],[3.25951698e-01 4.40532757e-55],600
LP 714-47,Gaia DR3 3189306030970782208,0.5328327193440663,[0.47324516],[1.57349912e-01 1.10072035e-12],[3.05527628e-01 5.68735657e-48],600
HD 114729,Gaia DR3 6180035765135232128,0.03975082978120548,[0.00017269],[1.65629999e-01 3.90756080e-14],[3.25146874e-01 3.05478736e-54],600
HD 216435,Gaia DR3 6515731817739456256,6.613984011746149,[0.97484697],[1.74835632e-01 7.19750984e-16],[3.30480527e-01 9.50080549e-57],600
HD 220773,Gaia DR3 2761142326076104192,0.16731749029942394,[0.02929976],[1.67061797e-01 9.70178075e-15],[3.13791625e-01 1.83406331e-50],600
K2-178,Gaia DR3 61624573016925824,6.744032483867313,[0.98535555],[1.68334685e-01 8.71457547e-15],[3.10413242e-01 1.54138831e-49],600
Kepler-629,Gaia DR3 2101248088842146688,0.5504947615405383,[0.70299629],[9.55071784e-02 5.83011140e-05],[3.15715306e-01 1.55127142e-51],600
HD 109988,Gaia DR3 6160221740968692992,1.4495371648541397,[0.89852309],[1.70905064e-01 3.73910775e-15],[3.03281479e-01 4.26035952e-47],600
HD 95086,Gaia DR3 5231963962676292224,15.266926205720031,[0.99773648],[1.09876621e-01 2.30249558e-06],[3.08883507e-01 1.81075244e-49],600
HD 12661,Gaia DR3 105332908999068032,0.4661887919934144,[0.40418746],[1.39169999e-01 5.02344257e-10],[3.40012332e-01 6.27265198e-60],600
TOI-1775,Gaia DR3 803285607362611840,3.4098892505021707,[0.9710372],[1.82758400e-01 2.61377703e-17],[3.31205587e-01 6.63227601e-57],600
TOI-406,Gaia DR3 4851053999056603904,0.18322247326828697,[0.05438161],[1.37250611e-01 6.31292664e-10],[3.22568469e-01 9.67323036e-54],600
KELT-21,Gaia DR3 2054523105274216704,3.662236766830199,[0.99650407],[1.79877787e-01 1.01160425e-16],[3.34638742e-01 5.16683802e-58],600
Kepler-1697,Gaia DR3 2102991776844251264,1.1874876303239226,[0.87011478],[1.51908444e-01 3.94170033e-12],[3.23444350e-01 3.93906859e-54],600
K2-213,Gaia DR3 2551651031310145024,2.2985838488988852,[0.98142993],[2.17012409e-01 4.35206158e-24],[3.4824604e-01 1.6951216e-62],600
HD 35759,Gaia DR3 287622247440034688,1.0226832994503456,[0.79316201],[1.65497115e-01 2.24225839e-14],[3.23808725e-01 1.07466734e-53],600
HD 180617,Gaia DR3 4293318823182081408,0.40492399847976357,[0.20148045],[1.55085061e-01 1.60058952e-12],[3.23832268e-01 1.89075718e-54],600
Kepler-101,Gaia DR3 2131709921047710336,0.40929962222083505,[0.10435818],[2.28948968e-01 5.50391390e-21],[3.65975126e-01 1.40084601e-53],464
Kepler-345,Gaia DR3 2080067749681845504,4.919202098697474,[0.99648874],[1.56409400e-01 1.26726314e-12],[3.37613070e-01 2.33764689e-58],600
HD 2638,Gaia DR3 2526925389919277056,0.3947349696081035,[0.19634978],[1.50748566e-01 4.73297525e-12],[3.23522400e-01 1.66308208e-53],600
HD 104067,Gaia DR3 3494677900774838144,0.7750222179090509,[0.56394605],[1.70266514e-01 5.11100529e-15],[3.24639167e-01 2.94750694e-54],600
Kepler-1227,Gaia DR3 2102431713108873216,0.21753912780444534,[0.04224867],[2.07490546e-01 2.88781827e-22],[3.30154317e-01 1.93196448e-56],600
Kepler-795,Gaia DR3 2052653729346427136,1.096015958672996,[0.83641146],[1.27674649e-01 1.51813943e-08],[3.38362823e-01 7.94079044e-59],600
TOI-3321,Gaia DR3 5909085279371278336,1.865101355745703,[0.97012966],[1.81707956e-01 4.99611842e-17],[3.09830098e-01 2.89490601e-49],600
HD 11964,Gaia DR3 2462426800883134336,0.12224889434342745,[0.08861198],[1.16421021e-01 3.96322975e-07],[3.23363519e-01 4.19656332e-54],600
Kepler-109,Gaia DR3 2101175933393051008,0.31909861212169344,[0.07543859],[1.92065549e-01 5.47919256e-19],[3.31631094e-01 1.21506637e-57],600
HD 93385,Gaia DR3 5391813299572883456,0.40277780841883953,[0.11252445],[1.69269127e-01 5.36417088e-15],[3.31220672e-01 3.33503882e-57],600
K2-295,Gaia DR3 2564784633279953536,0.45426858722903624,[0.20431524],[2.16779498e-01 3.04556200e-24],[3.43339332e-01 6.37871569e-61],600
TOI-3807,Gaia DR3 1117620107545810944,2.1537170485934083,[0.69160813],[2.39908167e-01 9.22093543e-30],[3.48235571e-01 1.41034937e-63],600
WASP-176,Gaia DR3 1750321012752775040,1.6988309336287688,[0.98298976],[2.20042699e-01 5.14716488e-25],[3.40152037e-01 1.97713739e-58],600
WASP-89,Gaia DR3 6857756246957592320,0.041231581505853036,[4.18180382e-07],[2.16362024e-01 3.42838873e-24],[3.15650298e-01 1.88380426e-50],600
Kepler-1898,Gaia DR3 2099597408349457024,0.07599533682213788,[0.04733172],[0.08159552 0.00101497],[3.23672836e-01 1.72936717e-54],600
Kepler-539,Gaia DR3 2075377679763353984,0.8277554850171066,[0.71395102],[1.53477117e-01 2.84899229e-12],[3.21891770e-01 1.63861302e-53],600
HD 32963,Gaia DR3 3421680597955802624,0.34024647046159645,[0.10638236],[1.51545190e-01 8.17423913e-12],[3.21211007e-01 4.24433706e-53],600
HAT-P-24,Gaia DR3 3167323052618369408,1.0487834475373914,[0.74553809],[1.74794021e-01 6.08707043e-16],[3.24804691e-01 2.58929271e-54],600
HD 216437,Gaia DR3 6384510877400590336,2.2919776072057134,[0.86917838],[1.57392099e-01 7.64924920e-13],[3.29225071e-01 6.33967488e-56],600
TOI-2128,Gaia DR3 1334288219648212352,1.1280311310803357,[0.62655431],[1.56813125e-01 8.55447899e-13],[3.20867113e-01 8.44204461e-53],600
Kepler-648,Gaia DR3 2106784610922074496,3.0954035581578867,[0.97877003],[2.29898333e-01 3.75223222e-27],[3.23853625e-01 1.85923288e-54],600
K2-221,Gaia DR3 2582898606311167872,0.7839874390490059,[0.63234373],[2.15039062e-01 6.72284595e-24],[3.58351182e-01 3.76564622e-66],600
K2-240,Gaia DR3 6257625719430982016,6.313699223141245,[0.99705619],[1.22937515e-01 4.12375271e-08],[3.04994534e-01 5.74297652e-48],600
HATS-72,Gaia DR3 2594869603582993792,0.12079939535975621,[0.00946903],[1.85618021e-01 7.61068533e-18],[3.39179433e-01 2.13022764e-58],600
Kepler-526,Gaia DR3 2086398222240415616,0.13951481480660816,[0.00063756],[2.27633778e-01 1.93216868e-26],[3.40866798e-01 1.01904994e-59],600
K2-44,Gaia DR3 3793339378098543616,0.45427247285676087,[0.27928432],[2.44318372e-01 1.50577778e-30],[3.56925957e-01 2.85644455e-65],600
HD 15906,Gaia DR3 5175239363214344960,0.3909480947554985,[0.27352123],[1.71560799e-01 4.35622121e-15],[3.41081850e-01 6.72100928e-60],600
Kepler-170,Gaia DR3 2104098950692667264,0.6464712078237537,[0.47351283],[2.42824001e-01 1.53605269e-30],[3.29542860e-01 9.60189294e-56],600
Kepler-409,Gaia DR3 2128215909315876352,3.9614177302483746,[0.98625538],[1.66249523e-01 1.86760358e-14],[3.26111195e-01 6.00498601e-55],600
Kepler-1371,Gaia DR3 2130911435088877056,2.7566793708869985,[0.9957452],[2.16487033e-01 4.27352564e-24],[3.42523459e-01 9.89103395e-61],600
Kepler-499,Gaia DR3 2078125359313871488,0.27994690635557995,[0.07243957],[2.03276212e-01 6.03468150e-21],[3.13568227e-01 1.45049847e-50],600
Kepler-475,Gaia DR3 2100597143598879616,1.4465839193204397,[0.94583434],[1.54955388e-01 1.38260756e-12],[3.27302850e-01 4.52296102e-55],600
Kepler-1007,Gaia DR3 2080381625890666496,2.569090647811891,[0.97736705],[1.93710616e-01 2.08210114e-19],[3.13311076e-01 3.93111620e-50],600
Kepler-1622,Gaia DR3 2086419903235549312,1.8569382053183816,[0.98905707],[2.17964802e-01 2.68249076e-24],[3.55131642e-01 4.72820554e-65],600
HIP 107772,Gaia DR3 6572326052043362304,0.053487744420855896,[0.00012614],[1.68001822e-01 1.24720692e-14],[3.26410832e-01 3.80963423e-55],600
HAT-P-43,Gaia DR3 601321985813952000,0.7725880242874339,[0.58033378],[1.86432787e-01 3.75876177e-18],[3.34528322e-01 5.65242350e-58],600
Kepler-1414,Gaia DR3 2104245357537867008,3.399405871409635,[0.99501964],[2.06871414e-01 2.13344913e-22],[3.33628591e-01 1.85360241e-57],600
TOI-1136,Gaia DR3 1677343097418015488,2.545343141077016,[0.99168738],[1.45900860e-01 3.97005025e-11],[3.17626714e-01 1.00887627e-51],600
WASP-31,Gaia DR3 3545873945303316224,2.5845569069010703,[0.98781764],[1.97366729e-01 4.20662523e-20],[3.29173141e-01 5.29052366e-56],600
Kepler-322,Gaia DR3 2117317588719059968,2.636587268603776,[0.97764688],[2.03562230e-01 1.63592308e-21],[3.30666019e-01 6.53810297e-57],600
HD 183579,Gaia DR3 6641996571978861440,3.3983112867486223,[0.96525542],[1.73860535e-01 1.28580389e-15],[3.17174785e-01 7.67013569e-52],600
HATS-13,Gaia DR3 6803000980210856704,1.4412675461095048,[0.97254836],[2.60231818e-01 1.01529239e-34],[3.47449967e-01 2.15949997e-63],600
K2-201,Gaia DR3 6771370981322320128,1.3111051373948244,[0.88150212],[1.65155839e-01 3.01947799e-14],[3.13148135e-01 2.43207190e-50],600
Kepler-1695,Gaia DR3 2128168256659148032,0.19811788758500787,[0.01439573],[2.09486553e-01 9.07123517e-23],[3.52793885e-01 4.56695478e-64],600
HAT-P-33,Gaia DR3 893550942158776832,1.5196883458055492,[0.90823244],[2.26919810e-01 1.51080035e-26],[3.24856733e-01 1.61284643e-54],600
CoRoT-28,Gaia DR3 4284680029006075648,0.25020066119659523,[0.06505478],[2.03268778e-01 3.99061195e-21],[3.13602712e-01 9.45029839e-51],600
Kepler-303,Gaia DR3 2105113765565227648,0.05329447391427616,[0.00048926],[1.57734517e-01 4.99958534e-13],[3.19965289e-01 1.68850628e-52],600
XO-3,Gaia DR3 470650560779277952,4.780051632719963,[0.96687313],[1.88909941e-01 2.07230074e-18],[3.32807992e-01 2.21519212e-56],600
Kepler-630,Gaia DR3 2053235577156249088,0.3953692732872573,[0.22249171],[2.37097538e-01 5.69100323e-29],[3.65147530e-01 1.24945091e-68],600
HD 190228,Gaia DR3 2029001447540053504,0.3023658088135299,[0.13642511],[1.53176849e-01 1.97826208e-12],[3.24212557e-01 6.33095038e-54],600
Kepler-1805,Gaia DR3 2103822075621468672,8.20448498219509,[0.98856277],[1.50831433e-01 6.93525173e-12],[3.09292482e-01 7.41574361e-50],600
HD 109749,Gaia DR3 6147000074988843264,4.358304111373415,[0.97980251],[1.55430175e-01 1.80167771e-12],[3.00598097e-01 9.72595058e-47],600
K2-401,Gaia DR3 3860043690538404992,0.1110972154032993,[0.00069141],[1.94543824e-01 1.04966332e-19],[3.50510155e-01 1.49893063e-63],600
WASP-168,Gaia DR3 5555500000779464448,0.8884167947419682,[0.79293356],[1.83973033e-01 2.33590285e-17],[3.1256870e-01 1.6885039e-50],600
HD 153557,Gaia DR3 1408029509584967168,2.831077869315638,[0.96178932],[1.75824274e-01 4.23646605e-16],[3.33340737e-01 4.63596946e-57],600
HD 180902,Gaia DR3 6770721346051487872,1.8856190093807101,[0.93653274],[2.01391618e-01 5.44168289e-21],[3.24208209e-01 2.68348761e-54],600
TOI-1224,Gaia DR3 4620009665047355520,6.994213021502597,[0.98079672],[1.95640861e-01 1.26826690e-19],[3.33183202e-01 2.11471464e-57],600
TOI-2570,Gaia DR3 3445148131761842944,0.24872571906047647,[0.00670116],[2.03722458e-01 4.50131666e-21],[3.21417377e-01 4.47073089e-53],600
HD 110113,Gaia DR3 6133384959942131968,2.483114841037221,[0.88451415],[0.08924947 0.00036446],[3.04363679e-01 1.60854897e-47],600
K2-137,Gaia DR3 3583729340372873344,4.581009834195121,[0.97565318],[1.61156092e-01 1.25502380e-13],[3.07288052e-01 4.04195095e-49],600
TOI-1180,Gaia DR3 1722026764638625280,0.6573370698846333,[0.42396109],[1.81847040e-01 4.12268408e-17],[3.29921675e-01 1.11115510e-55],600
WASP-63,Gaia DR3 5574766468155514752,0.09400632463672474,[0.00128086],[1.75456134e-01 6.31868198e-16],[3.18550442e-01 3.29193950e-52],600
K2-392,Gaia DR3 2439238852271933568,1.191379389356065,[0.94830506],[2.23275452e-01 9.46882777e-26],[3.41099864e-01 2.00322995e-60],600
HD 75302,Gaia DR3 581100382135253760,2.5223168500331203,[0.92046266],[1.48099515e-01 1.64214195e-11],[3.07545697e-01 8.76972556e-49],600
HD 152843,Gaia DR3 4564566554995619072,0.30341918996230804,[0.12620338],[1.66754394e-01 1.44959443e-14],[3.26811562e-01 4.81047512e-56],600
HD 38801,Gaia DR3 3012677738601895168,0.2517690445265301,[0.05956958],[1.46579967e-01 2.89163407e-11],[3.29720877e-01 5.33737975e-56],600
PZ Tel,Gaia DR3 6655168686921108864,17.099611147876367,[0.99107615],[1.69961897e-01 8.17439382e-15],[3.10147025e-01 1.87931227e-49],600
HAT-P-2,Gaia DR3 1380825667768742144,3.128823722152626,[0.85955816],[1.83306026e-01 2.21168483e-17],[3.28581915e-01 3.99245333e-55],600
Kepler-388,Gaia DR3 2106711424679833984,0.5018598709687447,[0.49760515],[2.07468517e-01 2.91908482e-22],[3.15547063e-01 1.17326548e-51],600
Kepler-1630,Gaia DR3 2078840900864235136,0.1351743336238891,[0.07812885],[1.24000683e-01 4.38988454e-08],[3.05979789e-01 7.24995477e-48],600
K2-321,Gaia DR3 3856449627544923392,0.14864329741484855,[0.00035587],[1.94713614e-01 1.93227022e-19],[3.30895840e-01 5.13462729e-56],600
Kepler-775,Gaia DR3 2101711155037463040,1.03436856724923,[0.88473067],[1.64076568e-01 4.57898991e-14],[3.14117504e-01 4.27467817e-51],600
EPIC 201595106,Gaia DR3 3701123406596146048,3.98075043940747,[0.96894346],[1.97819553e-01 2.69142401e-20],[3.39829345e-01 1.48735645e-59],600
Kepler-1073,Gaia DR3 2052069201482198784,0.19349427685926374,[0.01617877],[2.01774386e-01 3.85021286e-21],[3.34099837e-01 1.59228674e-57],600
HATS-11,Gaia DR3 6771149120491232768,0.10369197251759157,[1.41925388e-06],[2.84085431e-01 2.42350061e-41],[3.55265406e-01 1.93073286e-65],600
G 192-15,Gaia DR3 970354749937140736,3.1354290536219738,[0.92435087],[1.74863475e-01 8.04862825e-16],[3.17848898e-01 3.02808813e-52],600
Kepler-1319,Gaia DR3 2129942765344872320,0.30545112308773126,[0.10045733],[1.56477288e-01 8.33984748e-13],[3.37178549e-01 4.20005417e-58],600
HD 145934,Gaia DR3 4463442512084825728,1.7396082284184957,[0.94236715],[1.71595712e-01 2.23825122e-15],[3.23241724e-01 3.72672700e-54],600
HD 89345,Gaia DR3 3877070590167177344,1.83456891361893,[0.96026682],[1.73508196e-01 1.39533924e-15],[3.18676852e-01 1.97121768e-52],600
HIP 97233,Gaia DR3 4238527753544691712,0.4152044997361365,[0.27261564],[1.93704076e-01 2.62057351e-19],[3.07963755e-01 4.36633670e-49],600
Kepler-1181,Gaia DR3 2101035367703145088,1.509917262682785,[0.93900049],[2.33477667e-01 6.63562667e-28],[3.44385467e-01 7.05789830e-61],600
omi CrB,Gaia DR3 1275235752223276288,0.3337455360855927,[0.34619942],[1.54589078e-01 1.73806955e-12],[3.15921836e-01 1.99381260e-51],600
HAT-P-6,Gaia DR3 1925321658551399040,0.6469237650146437,[0.625138],[1.82379468e-01 3.07348589e-17],[3.38879284e-01 6.59198518e-59],600
TOI-5398,Gaia DR3 750888548244441344,2.2550179170612665,[0.9683791],[2.03925024e-01 1.92205305e-21],[3.20991456e-01 4.07254980e-53],600
Kepler-594,Gaia DR3 2132681339572129536,0.03393551878959445,[5.52738583e-08],[2.31039231e-01 1.05635645e-27],[3.50785006e-01 4.20594380e-63],600
TOI-150,Gaia DR3 5262709709389254528,2.1923836902580414,[0.94345628],[1.72330388e-01 2.11265949e-15],[3.38714394e-01 1.14442149e-59],600
K2-277,Gaia DR3 3604866386264961792,1.849278734267977,[0.92594425],[1.67251110e-01 1.26165983e-14],[3.39388222e-01 4.07929699e-60],600
Kepler-954,Gaia DR3 2080657740749601792,6.226328795483214,[0.97442849],[1.86900558e-01 3.05778207e-18],[3.23385906e-01 1.49183690e-53],600
Kepler-326,Gaia DR3 2128098197152438144,6.642315844092119,[0.99625581],[2.04311669e-01 1.89034642e-21],[3.07306512e-01 1.26958429e-48],600
HD 147513,Gaia DR3 6018047019138644480,4.044110823635719,[0.97720387],[1.85856150e-01 6.86144932e-18],[3.41507096e-01 4.73042084e-60],600
Kepler-1038,Gaia DR3 2079028676836456960,0.8074285432821753,[0.76763825],[2.15931925e-01 5.15507902e-24],[3.10530176e-01 9.52295045e-50],600
HD 331093,Gaia DR3 2033246455795280896,0.13601901023500101,[0.00135555],[1.74433012e-01 7.05952888e-16],[3.22737329e-01 3.05153015e-53],600
Kepler-371,Gaia DR3 2052702348375966208,0.498077747336301,[0.2739514],[2.25691290e-01 2.13790781e-26],[3.36799104e-01 3.58226337e-58],600
HD 74698,Gaia DR3 5220639164696365312,0.25606191369154296,[0.12815886],[1.40894817e-01 2.36812486e-10],[3.21677054e-01 8.54029907e-53],600
HD 74156,Gaia DR3 582221750852254080,0.2933141307517506,[0.04932989],[1.74289054e-01 7.96106137e-16],[3.23772473e-01 2.45685777e-54],600
HAT-P-46,Gaia DR3 4177560894633502720,5.4358171809358,[0.98180524],[1.87511919e-01 3.56947259e-18],[3.41014662e-01 4.40477116e-60],600
EPIC 212737443,Gaia DR3 3630680754621236096,0.345106866192997,[0.07759531],[2.25749234e-01 2.82393138e-26],[3.24665830e-01 7.89597499e-55],600
HD 220842,Gaia DR3 1997273733835247616,0.029438583318836545,[4.28971524e-07],[1.82277760e-01 3.00203388e-17],[3.16319416e-01 7.96844446e-52],600
K2-339,Gaia DR3 659493675706526848,3.4296136382869853,[0.96316514],[2.16632657e-01 2.98559895e-24],[3.32417252e-01 6.17669544e-57],600
K2-274,Gaia DR3 664406705976755712,1.3033318532096005,[0.67951027],[1.49655238e-01 1.00025116e-11],[3.33321062e-01 7.59788804e-58],600
Kepler-1023,Gaia DR3 2132678625152847232,2.2882507623205792,[0.99011086],[2.34100012e-01 4.71522708e-28],[3.50067842e-01 4.81295489e-64],600
TOI-1107,Gaia DR3 5192364501633274880,0.730374512331284,[0.65455651],[1.87483154e-01 3.61480045e-18],[3.24073332e-01 8.75031904e-54],600
EPIC 229004835,Gaia DR3 3694798019281730944,0.11437056551909927,[0.00147774],[1.60676711e-01 1.66920720e-13],[3.34672570e-01 1.00200018e-57],600
TOI-1749,Gaia DR3 2253774094189458432,0.22110514971759004,[0.07984394],[1.76339994e-01 3.87985931e-16],[3.21004854e-01 4.97777423e-53],600
Kepler-1025,Gaia DR3 2106595941599427072,0.1693163781340888,[0.00031814],[2.35819549e-01 6.62381369e-29],[3.24988870e-01 2.24144486e-54],600
Kepler-129,Gaia DR3 2131494313689868416,0.6663977556744787,[0.64190362],[1.96971868e-01 4.66851531e-20],[3.34677818e-01 3.97692838e-58],600
HR 810,Gaia DR3 4745373133284418816,8.163511463049623,[0.98983025],[1.33514108e-01 2.12339161e-09],[3.25052815e-01 1.38243625e-54],600
Kepler-915,Gaia DR3 2127422890853328128,0.14410431902210816,[0.0064341],[1.94907491e-01 1.63918383e-19],[3.34827808e-01 5.57645249e-58],600
Kepler-1332,Gaia DR3 2126102411750601088,1.468098213598113,[0.94552904],[1.77918855e-01 2.01659945e-16],[3.13366805e-01 1.38078058e-50],600
HAT-P-38,Gaia DR3 324889227693298560,0.3763616451427989,[0.26222094],[1.92060735e-01 3.51403577e-19],[3.19575241e-01 2.27731255e-52],600
TOI-1728,Gaia DR3 1094545653447816064,0.4330579697643406,[0.06821769],[1.84721529e-01 9.78586633e-18],[3.24535416e-01 1.67282165e-54],600
K2-177,Gaia DR3 63416845689590400,1.1461526337674526,[0.79059539],[2.19387320e-01 4.90010426e-25],[3.40940602e-01 4.68331804e-60],600
K2-354,Gaia DR3 601314254872894080,3.2332763666473676,[0.95454497],[1.82602705e-01 2.44250862e-17],[3.24257780e-01 4.92701964e-54],600
Kepler-1107,Gaia DR3 2052965337812644352,6.427074835743554,[0.9845362],[1.60066643e-01 1.99367118e-13],[3.22073529e-01 9.29915799e-54],600
HD 183263,Gaia DR3 4296208099222829568,1.0012561972458986,[0.78932746],[1.71717127e-01 3.04320571e-15],[3.15607475e-01 2.06514358e-51],600
K2-89,Gaia DR3 63206117414110848,1.028583670923943,[0.8430241],[1.46694100e-01 3.16630182e-11],[3.12703337e-01 4.14748921e-50],600
Wendelstein-1,Gaia DR3 1820530778750452096,4.424967248312105,[0.99248022],[1.70010561e-01 4.48211949e-15],[3.12096924e-01 2.40974505e-50],600
Kepler-1141,Gaia DR3 2129369095153280000,1.1451105449840884,[0.88918128],[2.05260844e-01 1.54865926e-21],[3.29844837e-01 9.44590215e-56],600
K2-99,Gaia DR3 3620612011248988416,2.7951167335812483,[0.98821134],[2.42912456e-01 3.79976920e-30],[3.21850919e-01 7.47255123e-53],600
Kepler-1982,Gaia DR3 2100524610190045312,1.2363704119941241,[0.93319116],[1.96040588e-01 5.68492085e-20],[3.37714714e-01 4.17596919e-59],600
Kepler-1963,Gaia DR3 2080561636560110464,0.2758059769242615,[0.05439999],[2.00778812e-01 6.70413427e-21],[3.23222509e-01 8.90803812e-54],600
HD 88986,Gaia DR3 741184091114529792,0.8893039395765766,[0.48802793],[1.72153338e-01 2.71322604e-15],[3.36301040e-01 1.35797957e-57],600
K2-237,Gaia DR3 6032746832450438400,5.627335922845981,[0.98704197],[1.53372334e-01 1.84296271e-12],[3.38586201e-01 1.05969174e-58],600
GJ 9714,Gaia DR3 6781117812601143168,6.942469192353406,[0.97996222],[1.60849032e-01 1.48499238e-13],[3.06625063e-01 2.09810558e-48],600
Kepler-595,Gaia DR3 2135237601028549888,2.4561025409803268,[0.99573947],[2.33237626e-01 4.87128424e-28],[3.16679395e-01 2.07269376e-51],600
Kepler-1028,Gaia DR3 2132657390834750976,0.20011065562112618,[0.00987414],[2.25095400e-01 2.39524076e-26],[3.40917582e-01 1.83607047e-60],600
Kepler-1746,Gaia DR3 2102490189082470528,0.6371235353886159,[0.5426139],[2.34890472e-01 2.72844115e-28],[3.30489489e-01 1.38817994e-55],600
HD 171028,Gaia DR3 4477318138371083008,0.712316460714388,[0.62635576],[1.68775163e-01 6.52877429e-15],[3.12324980e-01 1.66213211e-50],600
K2-71,Gaia DR3 2608279114251674624,0.13631196992208697,[0.00765909],[1.81097846e-01 8.42139655e-17],[3.03168137e-01 3.17662149e-47],600
Kepler-310,Gaia DR3 2127798442794047104,1.559342817699112,[0.97642879],[2.48576288e-01 8.73554725e-32],[3.20153801e-01 6.30874593e-53],600
K2-75,Gaia DR3 2621784209417087360,1.8675454895396624,[0.97372112],[2.39112019e-01 2.58871228e-29],[3.24254577e-01 6.12712601e-54],600
HD 127506,Gaia DR3 1480314599451475712,0.8838525535107866,[0.72743335],[1.64751920e-01 4.39172578e-14],[3.22802211e-01 8.06085172e-54],600
K2-8,Gaia DR3 3797977118144236288,1.0655940466065492,[0.86835692],[1.94828382e-01 1.69914339e-19],[3.22828080e-01 6.38069637e-54],600
Kepler-453,Gaia DR3 2107434834610481920,1.9812081920801878,[0.96488881],[2.10633899e-01 5.61046779e-23],[3.37780289e-01 6.32278884e-59],600
HD 238914,Gaia DR3 2154807121292791040,2.1810785681125098,[0.96133881],[2.07344959e-01 2.84290012e-22],[3.47745693e-01 2.58601642e-62],600
TOI-1452,Gaia DR3 2264839957167921024,1.5665628579406734,[0.87435728],[1.59083992e-01 3.90903153e-13],[3.23000754e-01 5.57467357e-54],600
TOI-2081,Gaia DR3 1416730563570869376,0.46606003685032904,[0.01071529],[1.78133685e-01 1.62266945e-16],[3.28665127e-01 5.09163688e-56],600
HD 208527,Gaia DR3 1781063087283857664,0.4881453392878909,[0.26003035],[2.27711184e-01 6.49285935e-27],[3.42936785e-01 1.44715065e-60],600
Kepler-143,Gaia DR3 2087172999977491328,1.5590443066242021,[0.9694873],[2.33463900e-01 5.98723006e-28],[3.47998365e-01 9.89415370e-63],600
Kepler-468,Gaia DR3 2132666633603904256,1.574525606641599,[0.95558932],[2.23364678e-01 1.83082807e-25],[3.32792545e-01 9.30493945e-58],600
K2-88,Gaia DR3 56983706234931328,0.9214741376916492,[0.93153669],[1.44356306e-01 1.60951984e-10],[3.24461797e-01 2.19937830e-54],600
KELT-11,Gaia DR3 3761497761876022400,0.501802486504549,[0.38714039],[1.6063908e-01 1.8782307e-13],[3.15551177e-01 3.97277116e-51],600
Kepler-153,Gaia DR3 2119711156811669120,0.7691923329745073,[0.81052484],[2.23794165e-01 1.19473958e-25],[3.18575821e-01 2.62268674e-52],600
HD 39855,Gaia DR3 2966316109264052096,2.005500775268493,[0.92600152],[1.31946337e-01 4.88346262e-09],[3.13438613e-01 1.59921936e-50],600
Kepler-798,Gaia DR3 2125709405062046976,0.24849370918154717,[0.02256082],[2.29661586e-01 3.06060697e-18],[3.36451038e-01 3.59824254e-39],403
Kepler-1150,Gaia DR3 2086853351332014976,3.470164816852812,[0.99237454],[1.60488748e-01 2.32126398e-13],[3.19582738e-01 6.44382877e-52],600
TOI-181,Gaia DR3 6552346035980010624,2.6360426411878333,[0.97801554],[1.72351093e-01 1.64935582e-15],[3.30098528e-01 1.61560472e-56],600
Kepler-1352,Gaia DR3 2129527974583414400,0.2006482467939291,[0.003521],[2.26066377e-01 3.25183037e-26],[3.41991738e-01 7.48769206e-61],600
K2-257,Gaia DR3 3695235654973028736,3.7356597234624993,[0.9644257],[1.65457106e-01 3.73928382e-14],[3.04448569e-01 7.08890961e-48],600
HD 10442,Gaia DR3 2560311854337920000,3.3792143548198235,[0.98611105],[1.80467103e-01 6.92532598e-17],[3.54419528e-01 1.46640493e-64],600
Kepler-927,Gaia DR3 2101480188876308480,3.0457128554712587,[0.98518954],[2.13243504e-01 1.38576537e-23],[3.38617836e-01 1.65421824e-58],600
HD 156846,Gaia DR3 4122343906051101184,0.4579680336673691,[0.20551592],[1.82595516e-01 3.66644537e-17],[3.17844935e-01 3.03732338e-52],600
K2-9,Gaia DR3 3795633852707093120,0.06121431179128568,[0.00082736],[1.72085662e-01 2.78761093e-15],[3.44865264e-01 2.90304353e-61],600
K2-70,Gaia DR3 2608811445383136768,0.7117993988356098,[0.79658863],[1.95622524e-01 9.39125849e-20],[3.16893887e-01 4.92316278e-51],600
TOI-163,Gaia DR3 4651366263526130816,2.939901229447349,[0.96350278],[1.64898601e-01 9.96336511e-14],[3.24647222e-01 6.45619577e-55],600
Kepler-877,Gaia DR3 2127712955764258048,0.4467773385044222,[0.42027966],[1.84126994e-01 1.26630685e-17],[3.24604928e-01 1.58382050e-54],600
TOI-5238,Gaia DR3 1694625251248104832,1.52591153980979,[0.95017208],[2.07832650e-01 1.72315849e-22],[3.25981787e-01 2.78232322e-55],600
Kepler-356,Gaia DR3 2051842839520109568,1.0149260547878354,[0.90042326],[1.92112471e-01 4.29147287e-19],[3.27197198e-01 1.05735053e-55],600
Kepler-1612,Gaia DR3 2127432099262972416,1.4122468146557563,[0.9541693],[2.24855187e-01 3.70247740e-26],[3.17933359e-01 4.29282593e-52],600
Kepler-311,Gaia DR3 2119534646538533888,0.7745520441870383,[0.67808146],[2.48752131e-01 1.30124019e-31],[3.38352909e-01 9.64167779e-60],600
CoRoT-10,Gaia DR3 4263752921128319616,1.0691921933119406,[0.90155104],[1.82937540e-01 2.26289172e-17],[3.12627365e-01 8.86662081e-51],600
Kepler-518,Gaia DR3 2100906140725803392,0.38908550311897194,[0.4239772],[1.04714213e-01 8.25289907e-06],[2.92648771e-01 1.99851422e-44],600
TOI-431,Gaia DR3 2908664557091200768,2.5394322985140563,[0.97544169],[1.20294953e-01 1.31524714e-07],[3.04006815e-01 5.56013208e-48],600
Kepler-794,Gaia DR3 2099681216051775616,0.29651526286417706,[0.06667906],[2.19241193e-01 2.06164485e-24],[3.31891343e-01 5.99455803e-57],600
HAT-P-40,Gaia DR3 1962153854973972096,1.5812130597053609,[0.95549176],[1.78559820e-01 1.99561235e-16],[3.02858643e-01 2.26647851e-47],600
TOI-1659,Gaia DR3 2296566567050436864,3.7363019946928797,[0.9581484],[1.64484837e-01 4.60717197e-14],[3.01003417e-01 1.26309515e-46],600
TOI-620,Gaia DR3 5738284016370287616,0.3107915082207711,[0.04438611],[1.75879355e-01 5.31317138e-16],[3.30709276e-01 3.80100658e-56],600
HD 64121,Gaia DR3 5488303966125344512,0.23006257489504095,[0.17203104],[1.18834201e-01 1.80131686e-07],[3.15809729e-01 6.37912981e-52],600
Kepler-1288,Gaia DR3 2103960721465412864,1.771172018270583,[0.93853787],[2.36275923e-01 6.10415107e-25],[3.36563743e-01 1.63753495e-50],523
Kepler-1823,Gaia DR3 2106827216998206336,2.274243846605353,[0.97365674],[2.24732010e-01 4.37870504e-26],[3.56270371e-01 3.67497178e-66],600
GJ 463,Gaia DR3 1584088431025057792,0.2077581074008971,[0.0369398],[1.57120528e-01 4.89116649e-13],[3.12238925e-01 2.16523019e-50],600
K2-352,Gaia DR3 632634358985725184,0.6369382239972806,[0.68113854],[1.17194947e-01 5.29640621e-07],[3.03634936e-01 1.28603515e-47],600
Kepler-1002,Gaia DR3 2077837115462974080,0.4739737129138011,[0.37177895],[1.79198282e-01 1.74172816e-16],[3.27846238e-01 1.21984972e-55],600
Kepler-402,Gaia DR3 2102954187290293120,0.8269635600880018,[0.81623799],[2.33692044e-01 6.58939534e-28],[3.21634125e-01 5.77701924e-53],600
NGTS-30,Gaia DR3 3533836281547278848,0.1319828754613863,[0.01106175],[1.57322716e-01 7.84522911e-13],[3.18072779e-01 7.18194720e-52],600
TOI-871,Gaia DR3 4783664690873269888,0.3762150794530088,[0.23840981],[1.60395166e-01 1.95418103e-13],[3.21992575e-01 1.51499363e-53],600
HD 177830,Gaia DR3 2035963417721248128,0.3296349463648913,[0.23572688],[1.57589268e-01 6.77140186e-13],[3.20855431e-01 2.40344341e-53],600
GJ 1265,Gaia DR3 6825822095663585536,2.100625961113229,[0.90152029],[1.68865951e-01 1.11801100e-14],[3.11158430e-01 1.07774619e-49],600
Kepler-549,Gaia DR3 2107622335702262400,1.8123149066470006,[0.97894443],[2.33009694e-01 3.55814319e-28],[3.34954154e-01 1.00431161e-57],600
14 And,Gaia DR3 1920113512486282240,0.018685488365762136,[2.66912405e-07],[1.80406649e-01 8.10002524e-17],[3.39002675e-01 2.31787507e-59],600
Kepler-1412,Gaia DR3 2129754847637288192,0.6866650068926649,[0.86695973],[2.49565666e-01 7.11894545e-32],[3.18727156e-01 1.54020381e-52],600
K2-397,Gaia DR3 3414370975935397888,0.2896527879026355,[0.09316026],[1.53705534e-01 2.38792927e-12],[3.25683547e-01 1.04574931e-54],600
TOI-216,Gaia DR3 4664811297844004352,0.2957740819781625,[0.16025952],[1.78832464e-01 1.21065905e-16],[3.21315933e-01 2.07485949e-53],600
TOI-4527,Gaia DR3 2564324345929277184,0.0532561307409062,[0.00075357],[1.61278138e-01 2.36586493e-13],[3.12410213e-01 3.46394029e-50],600
KELT-16,Gaia DR3 1864885215233116032,1.816681957925518,[0.93618681],[2.08204312e-01 2.03588670e-22],[3.37968136e-01 1.09582816e-58],600
K2-83,Gaia DR3 40139531695379328,0.8148019693567599,[0.72033825],[1.02136167e-01 2.49071002e-05],[3.20739421e-01 2.16374674e-52],600
KOI-12,Gaia DR3 2073860662955260416,5.103445406128907,[0.99135664],[1.76471952e-01 4.72198181e-16],[3.09915126e-01 1.83492286e-49],600
HD 121504,Gaia DR3 5872266689455300608,1.0799665569571062,[0.74708848],[1.49301056e-01 8.26976373e-12],[3.12309243e-01 2.50693813e-50],600
Kepler-1014,Gaia DR3 2105933417124075264,1.6560695666076146,[0.97059206],[2.26098725e-01 1.90572950e-26],[3.31035991e-01 7.60312615e-57],600
Kepler-167,Gaia DR3 2051933102555095936,0.12615317994557576,[0.04017345],[1.21692278e-01 8.17188739e-08],[3.00943802e-01 2.29671770e-46],600
HD 161178,Gaia DR3 1651497186822868224,2.177319918107727,[0.94213445],[1.93354535e-01 3.84777982e-19],[3.09193550e-01 1.74609264e-49],600
HD 22496,Gaia DR3 4833654227548585856,9.90674481390629,[0.98726672],[1.51262147e-01 7.16486241e-12],[3.23271645e-01 1.00715540e-54],600
BD+15 2940,Gaia DR3 1193071962699902336,0.17856711853206672,[0.00210383],[2.33279955e-01 2.20041775e-28],[3.36390646e-01 1.96891122e-58],600
K2-154,Gaia DR3 3683121446312149504,1.749007828492367,[0.89787855],[1.81753526e-01 3.28706532e-17],[3.29836525e-01 3.11519114e-56],600
K2-12,Gaia DR3 3800129201701685504,0.16569786408894788,[6.86359962e-05],[2.18407842e-01 1.19989660e-24],[3.18866032e-01 3.91925627e-52],600
Kepler-853,Gaia DR3 2131859244171951616,3.391382377735605,[0.99521387],[2.06665410e-01 2.36151496e-22],[3.54748112e-01 5.08015420e-65],600
HD 233832,Gaia DR3 790236569006916096,0.0006739849293205513,[1.57453465e-14],[1.56811175e-01 7.75441269e-13],[3.18129171e-01 5.59201088e-52],600
TOI-1883,Gaia DR3 5735744144510573696,0.5858838154630981,[0.34479699],[1.95037022e-01 1.43133383e-19],[3.30616943e-01 1.33302430e-56],600
HD 220074,Gaia DR3 2014988549785194752,1.0041559380965814,[0.82746812],[9.54868792e-02 5.24793390e-05],[3.22058418e-01 7.60813015e-54],600
HD 290327,Gaia DR3 3214129537488896896,1.6697548412039627,[0.91757234],[1.38227381e-01 6.51967219e-10],[3.11637817e-01 3.40444462e-50],600
TOI-1516,Gaia DR3 2226107083103120640,2.1951501780913496,[0.97797209],[2.00000440e-01 1.04972754e-20],[3.38193232e-01 7.21028831e-59],600
HIP 34222,Gaia DR3 884039857341503616,2.525237109378117,[0.95438726],[1.58151024e-01 5.51153745e-13],[3.15343199e-01 3.79373266e-51],600
HATS-14,Gaia DR3 6805149288493408640,1.0203829063265935,[0.83345239],[2.57315522e-01 4.62620393e-34],[3.35802964e-01 5.04996924e-58],600
Kepler-1879,Gaia DR3 2102232083029221504,1.3694932494307201,[0.94393017],[2.06768890e-01 4.88096652e-22],[3.46179679e-01 7.54690177e-62],600
EPIC 206317286,Gaia DR3 2621545958991110144,0.2416882602695017,[0.04128248],[2.20230605e-01 4.66806199e-25],[3.32318678e-01 5.32987207e-57],600
Kepler-1864,Gaia DR3 2101485548995660416,2.569744758485047,[0.93810427],[1.38675409e-01 3.84355067e-10],[3.05259210e-01 3.23148709e-48],600
Kepler-1559,Gaia DR3 2125705488052032640,0.012894431522869738,[1.6956691e-08],[1.84737104e-01 1.04119933e-17],[3.45595821e-01 1.23233817e-61],600
Kepler-382,Gaia DR3 2085261705174452736,0.16859714702934125,[0.00086094],[2.58632895e-01 5.34393417e-34],[3.27026200e-01 3.62761879e-55],600
Kepler-1651,Gaia DR3 2131725447350716032,2.3614811944079452,[0.97052301],[1.74721192e-01 6.66965638e-16],[3.32176637e-01 3.02908423e-57],600
HD 207496,Gaia DR3 6356417496318028800,4.041308132276966,[0.98565041],[1.73465958e-01 1.50803137e-15],[3.09138382e-01 1.49655799e-49],600
HD 23079,Gaia DR3 4733035238430992768,0.5192951435378401,[0.39969582],[1.70340209e-01 4.96374748e-15],[3.06674668e-01 1.13630845e-48],600
TOI-2236,Gaia DR3 4613145315172329984,0.6114415682148984,[0.26952629],[2.51731586e-01 1.34626905e-32],[3.32519223e-01 1.12413960e-56],600
TOI-2196,Gaia DR3 6375983988633147392,0.5466532061510824,[0.47045693],[2.13633415e-01 1.03773313e-23],[3.22434996e-01 8.67460376e-54],600
TIC 4672985,Gaia DR3 5172202413314737152,1.1966847806048275,[0.84757498],[2.10040240e-01 8.23696255e-23],[3.79028474e-01 2.32850013e-74],600
Kepler-1457,Gaia DR3 2104875755656860032,0.573842651281291,[0.43887079],[2.41846806e-01 2.16912746e-28],[3.42820737e-01 1.54776957e-56],564
Kepler-1157,Gaia DR3 2105106687459103488,0.4590596519599922,[0.52657388],[1.53108087e-01 4.11273874e-12],[3.18665725e-01 3.01351018e-52],600
HD 165131,Gaia DR3 4070009007975710464,0.3660261697542671,[0.06399984],[1.84681799e-01 9.95614497e-18],[3.30384602e-01 4.19062456e-57],600
TOI-1669,Gaia DR3 569673024645542528,0.876313098356819,[0.74941904],[1.69179738e-01 7.85398115e-15],[3.32501834e-01 1.47912301e-57],600
TOI-4379,Gaia DR3 6027376203516634112,0.623413611040147,[0.63336151],[2.10482279e-01 1.03503803e-22],[3.43129358e-01 3.24745769e-60],600
TOI-470,Gaia DR3 2912264564319611136,0.11060372073192237,[0.00691091],[1.61783069e-01 9.89226170e-14],[3.03365925e-01 1.29704249e-47],600
Kepler-125,Gaia DR3 2086439488284337536,4.708512702593847,[0.9790996],[1.51444330e-01 4.64874687e-12],[3.24417518e-01 2.82537206e-54],600
Kepler-1930,Gaia DR3 2073655432234604288,4.136178669787318,[0.97255212],[1.60747628e-01 1.89950476e-13],[3.05815893e-01 4.60476470e-48],600
HD 56414,Gaia DR3 5268547016621360768,2.5255848641107526,[0.97440813],[1.78741011e-01 1.43087042e-16],[3.25188761e-01 2.95643639e-54],600
Kepler-1481,Gaia DR3 2132652065075227648,3.111479595423822,[0.99074129],[2.04059544e-01 2.31917372e-21],[3.12810614e-01 2.09933852e-50],600
HD 133131 A,Gaia DR3 6224633983987510528,0.11258918283039371,[0.00128066],[1.62524893e-01 7.86243021e-14],[3.34749396e-01 1.49170014e-57],600
Kepler-478,Gaia DR3 2128256492468364160,0.07538757899410913,[8.83578081e-05],[2.10077152e-01 9.66640836e-23],[3.36964836e-01 1.23215699e-58],600
HD 147873,Gaia DR3 6024733935303422208,1.0409616464885223,[0.77341673],[0.0775943  0.00263307],[2.99353137e-01 3.44808622e-46],600
WASP-120,Gaia DR3 4837286842168217088,2.7017138191052457,[0.98572935],[2.43553753e-01 2.33562393e-30],[3.61442463e-01 3.81592874e-68],600
Kepler-627,Gaia DR3 2053183453434348672,0.4222833510993322,[0.26951888],[2.28206515e-01 1.00414947e-15],[3.58734958e-01 5.45946516e-39],348
K2-286,Gaia DR3 6264513270727342080,0.22168761086176722,[0.01177481],[1.72776176e-01 1.47414134e-15],[3.09968207e-01 8.03724368e-50],600
GJ 229,Gaia DR3 2940856402123426176,2.55432044297671,[0.95372398],[1.38633787e-01 4.20832168e-10],[3.24049968e-01 1.28443061e-54],600
Kepler-1062,Gaia DR3 2103714637018491136,4.125921605012124,[0.99150739],[1.82441772e-01 4.47553588e-17],[3.21170509e-01 2.32326967e-53],600
Kepler-578,Gaia DR3 2099714751157275264,1.6473301696813165,[0.96264929],[2.06565903e-01 9.84534671e-22],[3.32014065e-01 1.07048989e-56],600
HD 5583,Gaia DR3 363012289421389056,0.030585091264146085,[6.2922542e-06],[2.03624179e-01 2.85296599e-21],[3.43255476e-01 3.72860043e-60],600
GJ 3293,Gaia DR3 4893118771316702720,0.8845259781062795,[0.58038905],[1.54600601e-01 2.20101783e-12],[3.22219939e-01 6.70460157e-54],600
K2-198,Gaia DR3 3628687065162340224,11.405149636635127,[0.98603634],[1.73827218e-01 1.38500513e-15],[3.09853549e-01 1.92104224e-49],600
K2-69,Gaia DR3 2614926005638892032,2.7883852521685117,[0.98067335],[2.16582350e-01 3.36806852e-24],[3.47781813e-01 3.21721578e-62],600
Kepler-1258,Gaia DR3 2132156632006693504,0.13042359961373345,[0.00059279],[2.21223004e-01 2.06758437e-25],[3.31081391e-01 3.53874287e-56],600
HD 113996,Gaia DR3 1460876573902483328,0.7685984749588933,[0.8041692],[1.62622182e-01 9.37270550e-14],[3.17973263e-01 6.46087354e-53],600
Kepler-1957,Gaia DR3 2128835110460415616,0.7883208758007031,[0.6841597],[1.95755730e-01 6.48490203e-20],[3.39645504e-01 1.36519982e-59],600
GJ 179,Gaia DR3 3288082758293022848,1.1270358232569417,[0.71428033],[1.58003289e-01 6.43323676e-13],[3.17573780e-01 1.29126395e-51],600
Kepler-574,Gaia DR3 2139316308129355520,0.9068942140636396,[0.88455444],[2.44041221e-01 1.76577689e-30],[3.35691440e-01 3.48003723e-58],600
Qatar 5,Gaia DR3 382111248777193216,6.8406122705315875,[0.99169443],[1.69361419e-01 7.74566031e-15],[3.31246776e-01 2.47690354e-56],600
HD 73256,Gaia DR3 5643762781311698048,7.176887557000767,[0.98523786],[1.38858897e-01 4.56948855e-10],[3.18319722e-01 2.59416775e-52],600
Kepler-301,Gaia DR3 2131867357368794624,4.169622711514297,[0.98536164],[1.92453843e-01 2.53239116e-19],[3.50209121e-01 6.84824660e-63],600
HD 97037,Gaia DR3 3784271568265259904,0.629609291589143,[0.1252132],[1.52734498e-01 2.54973204e-12],[3.16666516e-01 4.05094984e-52],600
HD 8535,Gaia DR3 4984244302162168704,1.4055902099906463,[0.90213533],[1.56269847e-01 8.99666621e-13],[3.04624908e-01 1.10020471e-47],600
K2-218,Gaia DR3 2556472119215785728,1.4475317134012269,[0.94133621],[2.46102392e-01 6.87348443e-31],[3.47549197e-01 2.38042673e-62],600
K2-141,Gaia DR3 2643952940813536768,3.25272286682256,[0.97620657],[1.63037355e-01 6.12768896e-14],[3.12406287e-01 7.72154404e-50],600
TOI-712,Gaia DR3 5284358990266469760,3.748752921838378,[0.98390622],[1.34067430e-01 1.60445674e-09],[3.25860403e-01 1.40625006e-54],600
HD 190984,Gaia DR3 6429295051154269440,0.45186161507677364,[0.34015154],[1.82089253e-01 3.47871536e-17],[3.19865021e-01 2.24866714e-52],600
HD 154857,Gaia DR3 5917212800626605824,0.4305056678056407,[0.30914864],[1.48914318e-01 1.23799553e-11],[3.20097072e-01 5.34381041e-53],600
HAT-P-50,Gaia DR3 3151961363348862720,1.3348452675555933,[0.89695506],[2.24213666e-01 7.06544055e-26],[3.22299945e-01 4.11431870e-54],600
TOI-4127,Gaia DR3 1111639314047794944,1.8665120141181446,[0.90284471],[2.03713441e-01 1.39888497e-21],[3.39007241e-01 5.60017010e-60],600
Kepler-447,Gaia DR3 2131587531660567296,1.5814456145105404,[0.91939437],[1.82562175e-01 3.04012372e-17],[3.17089695e-01 8.18531859e-52],600
HD 184010,Gaia DR3 2024845946447691264,4.0034440377807865,[0.99425343],[1.93414900e-01 2.04780034e-19],[3.07956939e-01 7.85115319e-49],600
TOI-2295,Gaia DR3 2144184945615891712,0.22672273093868803,[0.05452423],[1.70471194e-01 3.95373206e-15],[3.05377468e-01 2.44792935e-48],600
HR 858,Gaia DR3 5064574724769475968,1.5999933726437305,[0.92468873],[1.25894494e-01 2.24485837e-08],[3.21738059e-01 2.28297714e-53],600
TOI-3785,Gaia DR3 1044013542142711296,2.7148651642069135,[0.93341529],[2.01896107e-01 6.46276429e-21],[3.25418571e-01 3.50151798e-55],600
HD 260655,Gaia DR3 3359074685047632640,0.010375051725389082,[2.28233633e-07],[1.43472644e-01 8.61098831e-11],[3.31995678e-01 2.79633892e-57],600
K2-80,Gaia DR3 38723395078288256,0.13663586922208398,[0.01253791],[1.64237013e-01 5.34871669e-14],[3.23707865e-01 3.97147821e-54],600
Kepler-384,Gaia DR3 2106306495162679552,1.3501911901353385,[0.89860526],[2.45602376e-01 9.36946681e-30],[3.28437147e-01 8.26854563e-52],572
MASCARA-1,Gaia DR3 1744911763437512064,2.732671087905769,[0.98150803],[1.93395272e-01 1.91604888e-19],[3.09312567e-01 7.64142018e-49],600
TOI-2260,Gaia DR3 1411414596649598208,6.578696234721204,[0.9775268],[1.53375390e-01 3.40460609e-12],[3.08340309e-01 1.84146300e-49],600
HD 45364,Gaia DR3 2893174259322992256,5.737564993317233,[0.99094051],[1.54949521e-01 1.68070299e-12],[3.12901535e-01 3.23149564e-51],600
HD 155918,Gaia DR3 5801950515627094400,0.0024745641209726233,[7.85957465e-11],[1.71423113e-01 2.70090389e-15],[3.18374952e-01 2.48635827e-52],600
Kepler-1512,Gaia DR3 2127115783511206016,2.2387151652498822,[0.95117092],[1.72590466e-01 1.32763195e-15],[3.31835196e-01 3.99127896e-57],600
Kepler-615,Gaia DR3 2107111749991684992,0.6768851449880624,[0.27701695],[2.57139518e-01 7.10679553e-30],[3.50899998e-01 6.88771976e-55],522
PDS 70,Gaia DR3 6110141563309613056,24.232461256915023,[0.99853406],[0.08579546 0.00071022],[3.05227275e-01 1.51740021e-47],600
TOI-782,Gaia DR3 3518374197418907648,5.738935107625449,[0.98859468],[1.69072248e-01 7.30297022e-15],[3.38150963e-01 1.82344804e-59],600
HATS-59,Gaia DR3 3538256769264276480,1.1507089477954062,[0.96775669],[2.49794833e-01 1.80845342e-28],[3.38430707e-01 3.29449529e-52],530
K2-395,Gaia DR3 3310124801036651008,1.4329525764438633,[0.8480109],[2.21342248e-01 3.88561749e-25],[3.25204291e-01 6.95186594e-54],600
Kepler-218,Gaia DR3 2080452613110460928,0.11968907272426103,[0.00069031],[2.02443082e-01 3.03933857e-21],[3.48823798e-01 8.09604619e-63],600
Kepler-1445,Gaia DR3 2117151420726319872,0.8555992108521999,[0.69360343],[2.30594043e-01 2.31067270e-27],[3.36360964e-01 3.21030347e-58],600
Kepler-107,Gaia DR3 2086625752425381632,0.7963890929168511,[0.7933891],[1.92542013e-01 3.80994147e-19],[3.12351538e-01 6.58768014e-50],600
Kepler-865,Gaia DR3 2078648211455026432,0.04592776577669127,[2.94310828e-05],[1.95894189e-01 1.04586393e-19],[3.10834943e-01 9.23757685e-50],600
HATS-29,Gaia DR3 6638230431120193280,1.3162768732399197,[0.94136995],[2.24173254e-01 6.52014817e-26],[3.34855728e-01 1.72342548e-57],600
Kepler-1104,Gaia DR3 2135002576119495936,1.7833682347487887,[0.97455734],[2.17726902e-01 1.70372784e-24],[3.32337019e-01 2.04617072e-56],600
Kepler-1256,Gaia DR3 2126615024685005568,0.34840290531130536,[0.18880797],[2.05489430e-01 8.32422513e-22],[3.32372295e-01 5.10482400e-57],600
HD 144899,Gaia DR3 5984023937500025344,0.22034320286130213,[0.20934137],[1.00799675e-01 2.66963422e-05],[2.95965437e-01 4.63264295e-45],600
HATS-36,Gaia DR3 6771542097119292928,2.7217222792719786,[0.98873622],[2.48642573e-01 1.78284120e-31],[3.45730389e-01 6.73191168e-62],600
Kepler-598,Gaia DR3 2053546910744629504,1.0340576688097178,[0.91096992],[1.93632689e-01 2.50938445e-19],[3.26899182e-01 4.01060597e-55],600
TOI-4914,Gaia DR3 6176542204376734592,2.3452253286634455,[0.99146423],[1.58217619e-01 3.97610041e-13],[3.20804369e-01 2.50082641e-53],600
TOI-2411,Gaia DR3 2471334872292963456,0.6568208923581969,[0.68442022],[1.59015367e-01 3.10909311e-13],[3.19750214e-01 1.99142075e-52],600
HD 15337,Gaia DR3 5068777809824976256,0.944012169425077,[0.72794989],[1.62472255e-01 1.36434293e-13],[3.11469163e-01 3.86470044e-50],600
Kepler-19,Gaia DR3 2051106987063242880,0.3878110095589568,[0.19833532],[1.64545448e-01 5.01948737e-14],[3.27621188e-01 1.81802398e-55],600
TOI-4602,Gaia DR3 169256041140206848,0.044666281745504466,[0.00050565],[1.54409493e-01 3.45809104e-12],[3.10107450e-01 2.35614415e-49],600
HAT-P-45,Gaia DR3 4270547520706275328,1.237409115953076,[0.85921054],[1.98468624e-01 2.73183916e-20],[3.25338206e-01 4.05980960e-54],600
K2-52,Gaia DR3 6049057713786919936,0.7831871362238303,[0.50399749],[2.54186541e-01 3.39920100e-11],[3.40517717e-01 3.63696040e-20],200
K2-250,Gaia DR3 3582706794559052160,0.8574117153976452,[0.81950414],[2.24093823e-01 6.14304815e-26],[3.40365843e-01 5.93764141e-60],600
Kepler-1983,Gaia DR3 2073697660354300544,0.8900040751235602,[0.80887538],[1.66706841e-01 1.11659230e-14],[3.35772323e-01 2.05076912e-58],600
HD 14067,Gaia DR3 101040381244467968,0.8177363352341437,[0.52227242],[1.91968207e-01 3.66436555e-19],[3.27404373e-01 2.68988663e-55],600
WASP-49,Gaia DR3 2991284369063612928,0.11766261791388109,[0.00137879],[1.78851416e-01 8.15930558e-17],[3.19556904e-01 1.23322115e-52],600
KIC 8121913,Gaia DR3 2078991014258266624,1.189353327333622,[0.92967093],[2.24568804e-01 8.80726991e-26],[3.19871507e-01 4.18479408e-53],600
Kepler-968,Gaia DR3 2132152474478407040,4.756175286077279,[0.99706065],[1.66871187e-01 1.63816427e-14],[3.10570971e-01 6.22547876e-50],600
Kepler-1782,Gaia DR3 2117335077826003840,1.5731047813106254,[0.89303448],[1.86088665e-01 6.20028434e-18],[3.23100458e-01 7.90951779e-54],600
HD 190360,Gaia DR3 2029433521248546304,0.04273769365536424,[1.66731806e-05],[1.75516840e-01 4.80910513e-16],[3.20166455e-01 9.50738165e-53],600
K2-79,Gaia DR3 38127013099258880,0.849689917511183,[0.51253226],[2.02475977e-01 2.75434210e-21],[3.36733179e-01 4.76987273e-58],600
Kepler-6,Gaia DR3 2086636884980514304,0.7499055767274693,[0.71189498],[2.06847239e-01 5.12283369e-22],[3.26995404e-01 2.98520322e-55],600
K2-189,Gaia DR3 3606343094804432128,0.24235385070247237,[0.06036925],[1.92650116e-01 3.36694459e-19],[3.32837974e-01 2.79491024e-57],600
Kepler-641,Gaia DR3 2125777643502580864,0.16906845225646336,[0.00139709],[2.49545527e-01 1.04682748e-22],[3.27407286e-01 5.66363703e-39],425
K2-372,Gaia DR3 602348482997667840,0.027978701404217196,[2.58046584e-23],[2.43882063e-01 1.93474142e-30],[3.37847432e-01 1.85311189e-59],600
K2-86,Gaia DR3 55994798604873216,0.0062432579702625095,[1.37739609e-13],[2.12742659e-01 1.78377867e-23],[3.39233822e-01 2.42753516e-59],600
Kepler-572,Gaia DR3 2130168405747219072,0.5576557168631188,[0.36899825],[1.93128215e-01 3.95035015e-19],[3.38620215e-01 2.50804718e-59],600
Kepler-967,Gaia DR3 2099980111415659776,1.0017550545825988,[0.91863373],[1.81600886e-01 3.74985759e-17],[3.24346006e-01 4.59922794e-54],600
HD 4308,Gaia DR3 4708607629114652032,0.005653379783438546,[4.97280933e-09],[1.56389989e-01 1.21491169e-12],[3.25549173e-01 7.52694464e-55],600
TOI-776,Gaia DR3 3460438662009633408,0.310081230264619,[0.07042867],[1.59018839e-01 2.95109387e-13],[3.08104977e-01 1.25957176e-48],600
HD 63433,Gaia DR3 875071278432954240,6.70520307590855,[0.97028842],[1.50438176e-01 9.54916335e-12],[3.07492724e-01 2.90858255e-48],600
WASP-167,Gaia DR3 6154982877300947840,2.2245654025964474,[0.97245116],[2.04893915e-01 1.10945996e-21],[3.27689249e-01 1.38202148e-55],600
Kepler-1673,Gaia DR3 2131922985785232640,3.0668289654292864,[0.98796036],[1.97169215e-01 3.11362902e-20],[3.52042980e-01 8.67698263e-64],600
Kepler-1313,Gaia DR3 2125713940547834496,11.272828117367887,[0.99785515],[1.81379644e-01 7.48308129e-17],[3.19299732e-01 8.03552429e-53],600
TOI-2364,Gaia DR3 3022644120017418496,0.8128966250438905,[0.62742804],[1.87206991e-01 3.30071144e-18],[3.20266243e-01 1.08616790e-52],600
KOBE-1,Gaia DR3 294517800251711616,0.7590434668019642,[0.69548207],[1.31634660e-01 3.78742509e-09],[3.28309562e-01 4.34647516e-56],600
HD 81688,Gaia DR3 818464227945910016,0.17318709646218447,[0.00990911],[1.64678712e-01 3.63100383e-14],[3.18363531e-01 2.03817516e-52],600
Kepler-25,Gaia DR3 2100451630105041152,4.729938245406537,[0.97775159],[1.51207044e-01 5.29473336e-12],[3.18996984e-01 1.25083173e-52],600
TOI-6002,Gaia DR3 2034047656176989952,0.8585978868610241,[0.57146283],[1.75388081e-01 5.07101956e-16],[3.34507078e-01 7.23606504e-58],600
Kepler-422,Gaia DR3 2107114704928577792,2.3266348795498266,[0.95637243],[2.17866426e-01 2.11478887e-24],[3.35867302e-01 3.80209318e-58],600
Kepler-1087,Gaia DR3 2080070975195117312,0.913517584753869,[0.75594772],[1.73755536e-01 1.34157331e-15],[3.23130267e-01 1.18549490e-53],600
HD 164509,Gaia DR3 4275421969292868224,1.8357157107529325,[0.91007941],[1.75180808e-01 4.58788427e-16],[3.12063833e-01 2.02430879e-50],600
K2-350,Gaia DR3 3606709167752821632,1.8184898053637142,[0.92595309],[2.39005383e-01 1.73017242e-29],[3.38904039e-01 3.18273758e-59],600
Kepler-579,Gaia DR3 2076477053946253952,0.1629599289229419,[0.01264556],[1.63327238e-01 8.88747685e-14],[3.45737509e-01 5.23307733e-62],600
HD 126525,Gaia DR3 5898641087150340224,0.17187327369314895,[0.00664795],[1.57149205e-01 5.90296714e-13],[3.24718941e-01 3.43716430e-54],600
HD 33283,Gaia DR3 2955981936912654592,1.00939734146352,[0.80283096],[1.58839637e-01 4.06625709e-13],[3.12642283e-01 1.59730038e-50],600
Kepler-1528,Gaia DR3 2130434384481265408,0.8189485670765033,[0.7845185],[2.14478456e-01 5.61108459e-24],[3.45652860e-01 2.45533457e-61],600
HD 96700,Gaia DR3 5452492082132835840,0.6301012190753861,[0.31458736],[1.76491466e-01 3.21492732e-16],[3.17382875e-01 2.86720322e-52],600
Kepler-1841,Gaia DR3 2100629063795587840,0.745684614098948,[0.71758018],[2.07540086e-01 2.58387136e-22],[3.29323071e-01 1.42767732e-55],600
HD 170469,Gaia DR3 4484013343859055744,1.034463599927012,[0.81694542],[1.73782474e-01 9.21342076e-16],[3.32429469e-01 6.11636181e-57],600
WASP-38,Gaia DR3 4453211899986180352,1.3542897708988517,[0.86616515],[1.54030636e-01 1.84162628e-12],[3.23944205e-01 6.29187271e-54],600
HD 159243,Gaia DR3 4485937214320449280,2.0480431155852243,[0.94063807],[1.68929072e-01 7.29645683e-15],[3.24692584e-01 2.27746081e-54],600
K2-72,Gaia DR3 2615653023342995584,0.1682688297643987,[0.0586231],[1.65914773e-01 2.80722092e-14],[3.03805180e-01 1.37116694e-47],600
HD 23472,Gaia DR3 4674216245427964416,0.5941759109654501,[0.46067164],[1.64670574e-01 5.05327706e-14],[3.23101445e-01 1.50153036e-53],600
TOI-1768,Gaia DR3 852857845015534080,5.069532854770442,[0.99595315],[2.07932524e-01 1.95334425e-22],[3.40976486e-01 1.37654804e-60],600
Kepler-1222,Gaia DR3 2134837069559538176,1.6472897967680935,[0.98967863],[2.17509169e-01 1.90537302e-24],[3.32409260e-01 2.00046101e-57],600
TOI-2420,Gaia DR3 2356241774669130880,0.20476532762462618,[0.01092734],[2.20679187e-01 3.69562831e-25],[3.53635786e-01 4.73287931e-65],600
K2-58,Gaia DR3 2599975224481836672,4.3128874931774694,[0.98599008],[2.20580611e-01 9.43149086e-25],[3.18461175e-01 5.34001187e-52],600
GJ 3988,Gaia DR3 1412645602995521920,0.03161660607092636,[1.09930571e-05],[1.56934208e-01 6.71384380e-13],[3.16282359e-01 1.51527576e-51],600
TOI-2046,Gaia DR3 538759464958942208,2.5006576825283866,[0.96321561],[1.96923227e-01 5.58346907e-20],[3.45326528e-01 7.40069700e-62],600
Kepler-1105,Gaia DR3 2116733198288204288,5.296467548240365,[0.97658122],[1.63546982e-01 8.63065221e-14],[3.46408689e-01 7.96766867e-62],600
HIP 54373,Gaia DR3 3552000252294347392,3.949980253214535,[0.96340717],[1.72705102e-01 1.51722687e-15],[3.23464403e-01 2.52539495e-54],600
HD 22781,Gaia DR3 217334764042444288,8.991362897520524,[0.96567748],[1.45180113e-01 6.25947609e-11],[3.27117508e-01 8.11781612e-55],600
TOI-3082,Gaia DR3 3509135344808097024,0.6271129991200436,[0.45629241],[1.77014121e-01 2.93623609e-16],[3.17332905e-01 8.35324425e-52],600
HD 2039,Gaia DR3 4919009555730599936,3.7167268276381047,[0.97047754],[1.48088475e-01 1.26536192e-11],[3.36657423e-01 1.99886805e-58],600
Kepler-646,Gaia DR3 2126970579257130112,0.01556266115573025,[1.93207803e-09],[2.01243230e-01 4.56841117e-21],[3.41696398e-01 9.58493852e-61],600
4 UMa,Gaia DR3 1092230803512999424,0.7795275492633607,[0.65745102],[1.73226510e-01 1.30431936e-15],[3.29529330e-01 4.97508199e-56],600
K2-87,Gaia DR3 47908509057301120,0.12883743758747168,[0.00052348],[2.16536479e-01 5.53802661e-24],[3.26609577e-01 1.20912792e-54],600
HD 240237,Gaia DR3 2010336687886382592,1.9611587860132376,[0.99665203],[1.80501031e-01 8.31261261e-17],[3.48732848e-01 9.19482282e-64],600
HD 76700,Gaia DR3 5272187804562841216,0.057835010058306116,[0.00873462],[1.11003991e-01 1.19870949e-06],[3.18352460e-01 7.14022436e-52],600
Kepler-169,Gaia DR3 2103788854053938816,1.9823706866248427,[0.97467378],[1.66849416e-01 1.74735828e-14],[3.40998442e-01 2.76811918e-60],600
Kepler-1037,Gaia DR3 2080563320187721344,1.4555357825981754,[0.96043225],[1.99247617e-01 1.00153399e-20],[3.21728222e-01 1.86088432e-53],600
HD 13808,Gaia DR3 4743692151804240896,0.4160347551447529,[0.19952351],[1.62583816e-01 8.10756008e-14],[3.32101661e-01 5.06082572e-57],600
KELT-12,Gaia DR3 4608935250790855296,2.014591551507242,[0.9769077],[1.94513970e-01 1.55861252e-19],[3.09139904e-01 2.68660233e-49],600
TOI-4860,Gaia DR3 3571038605366263424,0.7161660083472078,[0.51009537],[1.60359469e-01 2.31299461e-13],[3.26551090e-01 1.01724329e-54],600
Kepler-1671,Gaia DR3 2052984785425250176,0.2357537996423484,[0.14804594],[1.14735857e-01 6.01606477e-07],[2.99926275e-01 1.31588440e-46],600
WASP-132,Gaia DR3 6099012478412247296,0.15887646026138902,[0.32432847],[0.06598077 0.01826154],[2.95057899e-01 3.62091768e-45],600
HATS-5,Gaia DR3 4899428146994060800,2.8625547760181878,[0.97661853],[1.86901433e-01 4.66368332e-18],[3.48447327e-01 8.67579477e-63],600
K2-32,Gaia DR3 4130539180358512768,0.593614629606546,[0.74194365],[0.08254938 0.00179958],[2.84337434e-01 3.35058989e-41],600
K2-270,Gaia DR3 608395625151767680,2.593169837484356,[0.96405032],[2.02868883e-01 2.10011370e-21],[3.29983139e-01 2.21598908e-56],600
GJ 3942,Gaia DR3 1428030622526979968,1.9018142960964926,[0.87230908],[1.51427796e-01 6.16599870e-12],[3.06914667e-01 9.51275829e-49],600
K2-412,Gaia DR3 3409152693750235008,0.31826968217967866,[0.25755618],[1.41372934e-01 3.28101474e-10],[3.23407336e-01 1.81799640e-53],600
TOI-2497,Gaia DR3 3342228616422593664,0.45635001129462516,[0.12751653],[1.70906808e-01 2.78468169e-15],[3.02465958e-01 7.68058315e-47],600
TOI-1443,Gaia DR3 2289567870599358080,0.11119921258275509,[7.78819014e-06],[1.92934902e-01 2.19219033e-19],[3.18328412e-01 3.17111511e-52],600
Kepler-1583,Gaia DR3 2130695518492411904,0.07832306592397008,[0.00034653],[2.00983494e-01 4.76456770e-21],[3.30374530e-01 1.61925999e-56],600
HATS-57,Gaia DR3 5094406193214399616,1.9857448928591666,[0.9831201],[2.12274917e-01 2.25684821e-23],[3.34887158e-01 2.66327460e-58],600
WASP-127,Gaia DR3 3778075717162985600,0.5353780199816521,[0.59190544],[1.74381575e-01 7.66531691e-16],[3.28955882e-01 3.23248876e-56],600
Kepler-1278,Gaia DR3 2104972581400204672,2.730690856456992,[0.9908003],[2.41853297e-01 5.04925858e-26],[3.22749249e-01 4.34495907e-45],514
Kepler-21,Gaia DR3 2099606483621385216,4.0909352917982105,[0.97537202],[1.75720593e-01 6.03420088e-16],[3.19988973e-01 3.81984990e-53],600
HATS-69,Gaia DR3 6445881974332225536,1.5169157642545925,[0.93119229],[2.08235194e-01 1.68307104e-22],[3.36812350e-01 5.64751302e-58],600
TYC 3318-01333-1,Gaia DR3 439327810962983424,0.3612844740044114,[0.05774041],[1.96455957e-01 6.40414548e-20],[3.29711051e-01 7.22923365e-57],600
K2-371,Gaia DR3 602466302541172736,4.026890339540531,[0.97810136],[2.17710168e-01 8.78692232e-25],[3.44266690e-01 4.78483931e-61],600
HD 44219,Gaia DR3 3001428566419966592,0.47788921258943867,[0.460399],[1.37929407e-01 8.03446781e-10],[3.16785569e-01 5.34130051e-51],600
ome Ser,Gaia DR3 4423234230853333632,1.714663305934344,[0.91219506],[1.57614672e-01 6.07079261e-13],[3.04645354e-01 2.87375432e-48],600
Kepler-959,Gaia DR3 2053574639053629952,1.0924964706409022,[0.93012466],[2.29018963e-01 3.19132475e-27],[3.4125042e-01 2.8520925e-60],600
Kepler-444,Gaia DR3 2101486923385239808,0.0006442982396327351,[6.99353277e-18],[1.62822610e-01 7.01761281e-14],[3.20570910e-01 6.95971572e-53],600
HD 125390,Gaia DR3 1484890423248544256,0.04718429675628238,[6.05135649e-06],[1.84018282e-01 1.15795225e-17],[3.30927403e-01 1.30055325e-56],600
GJ 667 C,Gaia DR3 5975663354131618304,0.2538905841137437,[0.0144361],[1.55671466e-01 9.66742935e-13],[3.40703786e-01 2.19411082e-60],600
Kepler-425,Gaia DR3 2101184111011462144,0.5951961866967816,[0.69327739],[1.77204556e-01 2.10689154e-16],[3.21364426e-01 1.65750055e-52],600
tau Gem,Gaia DR3 886479673643853952,3.0556751368656565,[0.92138733],[1.89742795e-01 1.54164329e-18],[3.22455717e-01 4.50449548e-54],600
HATS-54,Gaia DR3 6087996849371141248,0.568770850789269,[0.2360932],[2.29889158e-01 3.38834408e-27],[3.26215632e-01 1.64614972e-54],600
Kepler-1056,Gaia DR3 2085599186522693632,1.7379739929620082,[0.97565792],[2.27694797e-01 3.23260270e-22],[3.46870388e-01 1.85197677e-51],497
Kepler-538,Gaia DR3 2087171453788422528,0.13182190832352,[0.0240517],[1.37395763e-01 5.58661036e-10],[3.28845903e-01 4.40674609e-56],600
TOI-4633,Gaia DR3 1630906044157332224,0.5712954361888091,[0.47577042],[1.56206114e-01 1.12054476e-12],[3.14947507e-01 7.68338774e-51],600
TOI-2180,Gaia DR3 2151078741786155008,1.3687968063926323,[0.8605683],[1.75031737e-01 4.87933488e-16],[3.40236430e-01 1.34912786e-59],600
HATS-50,Gaia DR3 6850309426503755520,1.1011378160255725,[0.80533969],[2.52088077e-01 1.08815399e-32],[3.34462492e-01 1.88004797e-57],600
K2-210,Gaia DR3 2538051863476537984,0.21368923739667683,[0.01437645],[2.11257580e-01 4.11200963e-23],[3.35435941e-01 4.28379217e-58],600
Kepler-1039,Gaia DR3 2079404572371719680,1.3994766066108697,[0.92546986],[1.31615443e-01 4.22872251e-09],[3.21882000e-01 2.04157631e-53],600
CoRoT-22,Gaia DR3 4285572454508522496,1.5575036694812194,[0.95232021],[1.79603164e-01 9.96718574e-17],[3.05460041e-01 1.29981788e-48],600
K2-245,Gaia DR3 3694743765254445312,1.154086479851468,[0.92197886],[2.66877986e-01 8.97695813e-37],[3.42710471e-01 1.74622127e-60],600
HD 135872,Gaia DR3 6334990316794611200,4.719481526856053,[0.98320834],[1.60912863e-01 2.19903262e-13],[3.02490817e-01 1.16368229e-47],600
K2-326,Gaia DR3 2645727449501559680,3.0031049724986145,[0.98632431],[2.47645182e-01 1.17717593e-31],[3.30631458e-01 4.04387930e-56],600
Kepler-260,Gaia DR3 2051907813786770688,1.0857465086188756,[0.81220328],[1.87580419e-01 5.30134889e-18],[3.21004201e-01 6.15075076e-53],600
Kepler-1731,Gaia DR3 2050239300586448000,1.3524420827475943,[0.7579169],[1.78424299e-01 1.53192882e-16],[3.05856237e-01 9.60512151e-48],600
Kepler-20,Gaia DR3 2102548708017562112,1.0207526001331226,[0.92286],[1.61317502e-01 1.45555143e-13],[3.12591692e-01 5.50658014e-50],600
TOI-1753,Gaia DR3 1630385635856016256,4.301299155131488,[0.97593244],[1.84420503e-01 1.04124807e-17],[3.39654466e-01 2.75947056e-59],600
WASP-62,Gaia DR3 4756649415309914240,2.8673770523293025,[0.97169493],[1.96632520e-01 3.99718222e-20],[3.25464830e-01 2.38257979e-54],600
HD 52265,Gaia DR3 3101382419728401408,2.093704406907262,[0.92362817],[1.31252818e-01 6.67172213e-09],[3.11488495e-01 1.02747216e-49],600
HD 75784,Gaia DR3 608182831000585728,0.5816296437107266,[0.33284014],[1.81882068e-01 3.55479964e-17],[3.26786753e-01 9.46508235e-56],600
HATS-46,Gaia DR3 4919771654727611008,0.3412136318998998,[0.14089962],[2.19743588e-01 4.94567327e-25],[3.27506930e-01 4.79791375e-55],600
HD 12484,Gaia DR3 2517585931994600448,4.213582752438501,[0.95303251],[1.43105213e-01 1.53033285e-10],[3.18617857e-01 8.83936254e-52],600
HD 7199,Gaia DR3 4704957491028733824,1.5756130201368121,[0.87983531],[1.64990940e-01 4.72247185e-14],[3.15647512e-01 4.52873274e-51],600
K2-324,Gaia DR3 3862378262961788288,1.8855654100438748,[0.96336688],[1.56699249e-01 6.31098682e-13],[3.12308737e-01 1.12895316e-50],600
TOI-5108,Gaia DR3 3868491612036282752,0.2362214616341603,[0.02194416],[1.75377358e-01 6.94253075e-16],[3.11790008e-01 5.51334896e-50],600
HAT-P-29,Gaia DR3 359058441314838528,2.5846477243846757,[0.96810103],[2.21804335e-01 1.52281505e-25],[3.28415078e-01 1.20720264e-55],600
Kepler-220,Gaia DR3 2129084935820532608,0.35607433629495777,[0.02535326],[1.65421362e-01 2.57834546e-14],[3.11076627e-01 5.18993467e-50],600
Kepler-411,Gaia DR3 2132768956905956352,10.372601618853182,[0.9931581],[1.71250907e-01 2.57178698e-15],[3.11818671e-01 1.99616488e-50],600
Kepler-484,Gaia DR3 2107243072911617024,2.3037652045370525,[0.9646734],[1.62257841e-01 9.67760490e-14],[3.25243643e-01 2.28018474e-54],600
Kepler-922,Gaia DR3 2132214871762396160,0.042044608330856596,[1.18432143e-06],[2.28648542e-01 7.36625810e-27],[3.18303536e-01 3.97740049e-52],600
TOI-1194,Gaia DR3 1074139748425931008,0.1428813433518019,[0.00398663],[1.83525183e-01 1.75771528e-17],[3.21447762e-01 1.51535390e-53],600
Qatar 7,Gaia DR3 2878923523472328704,3.2315610207500356,[0.9536686],[2.31172847e-01 5.37490626e-26],[3.35054080e-01 9.32724178e-55],567
K2-111,Gaia DR3 53006669599267328,0.0037421235332697794,[5.48977418e-12],[1.62398666e-01 9.67366792e-14],[3.24813632e-01 5.65860553e-55],600
K2-233,Gaia DR3 6253186686054822784,5.159136670054181,[0.9795682],[1.71508713e-01 2.60964015e-15],[3.50372406e-01 3.59829865e-63],600
TOI-1468,Gaia DR3 2785466581298775680,0.9565925313338348,[0.74152918],[1.37888680e-01 5.99563527e-10],[3.31448937e-01 6.82923807e-57],600
HD 79181,Gaia DR3 5679582499313038080,0.5869681669611404,[0.14026056],[1.94065169e-01 1.77195428e-19],[3.26856755e-01 4.14729886e-55],600
TOI-2285,Gaia DR3 2199658670194983040,2.4015410115924483,[0.95395566],[2.01948121e-01 8.07292889e-21],[3.22647459e-01 4.79624942e-54],600
TOI-4600,Gaia DR3 1631416599805196544,1.5744963219293882,[0.93256855],[1.92704251e-01 3.54108325e-19],[3.25937542e-01 6.07974411e-54],600
KOI-94,Gaia DR3 2076970047474270208,8.14778670284253,[0.99746177],[1.65188541e-01 3.71383503e-14],[3.20533828e-01 1.64146007e-53],600
HD 128311,Gaia DR3 1176209886733406592,2.331022791803184,[0.95686399],[1.80029231e-01 7.31086472e-17],[3.35639953e-01 7.26365066e-58],600
Kepler-192,Gaia DR3 2130243550494676480,3.9579369541716947,[0.98738906],[2.14227933e-01 8.42138604e-24],[3.22381731e-01 2.11952351e-53],600
GJ 414 A,Gaia DR3 732857558276385664,1.0717494894112929,[0.637012],[1.82770583e-01 2.43091174e-17],[3.36255140e-01 2.19891581e-58],600
HD 128356,Gaia DR3 6223838830917236224,0.8904311535209241,[0.16213184],[1.88191087e-01 1.85315725e-18],[3.17594242e-01 5.56553787e-52],600
Kepler-116,Gaia DR3 2078272831307891456,4.734632841288957,[0.99658601],[2.20745823e-01 2.65590256e-25],[3.28306972e-01 2.04673367e-55],600
Kepler-1838,Gaia DR3 2073539536845074176,0.12838862274551352,[0.02095588],[1.58343557e-01 5.13517979e-13],[3.08908738e-01 2.15976911e-49],600
GJ 422,Gaia DR3 5339892367684811520,0.0010476052235460658,[1.20964404e-13],[1.75709101e-01 7.77455124e-16],[3.03869121e-01 3.49356025e-48],600
GJ 96,Gaia DR3 354077348697687424,0.6913270347846941,[0.59301295],[1.56635707e-01 8.68643681e-13],[3.25523655e-01 1.47361942e-54],600
Kepler-137,Gaia DR3 2104847370214740352,1.7807254751919674,[0.94403089],[1.66935492e-01 1.99930273e-14],[3.11635997e-01 1.12279350e-49],600
Kepler-212,Gaia DR3 2102610280669509888,3.866668204208552,[0.99676266],[2.38153356e-01 2.80170298e-29],[3.42186784e-01 1.14246729e-59],600
K2-138,Gaia DR3 2413596935442139520,3.723962314012339,[0.98301589],[2.07282983e-01 2.68687044e-22],[3.23879031e-01 4.30633116e-54],600
HD 20781,Gaia DR3 5060105897197110144,0.6922680991113687,[0.7292526],[1.41405559e-01 2.35457860e-10],[3.17230830e-01 7.34857569e-52],600
Kepler-236,Gaia DR3 2103311150611475968,0.8306330400153419,[0.67014469],[1.48833381e-01 1.66324002e-11],[3.30016196e-01 3.37389332e-56],600
WASP-91,Gaia DR3 6386751579018596864,0.7291085165857821,[0.72364862],[1.60132610e-01 2.39054901e-13],[3.21907469e-01 3.78429722e-53],600
K2-408,Gaia DR3 6257641627989839744,0.009767240718933238,[6.63907768e-05],[1.34322214e-01 2.74252909e-09],[3.16902238e-01 1.75012910e-51],600
TOI-2459,Gaia DR3 4807503030677131392,7.681624013865361,[0.96972547],[1.45735402e-01 3.85525012e-11],[3.36458987e-01 1.50902796e-57],600
K2-33,Gaia DR3 6245758900889486720,10457.914624721532,1.0,[0.0795585  0.00270904],[2.98307921e-01 1.50907495e-45],600
Kepler-7,Gaia DR3 2102117871259036672,0.16993769828171246,[0.00287263],[2.42030668e-01 3.90462215e-30],[3.41277095e-01 9.23310452e-60],600
HAT-P-15,Gaia DR3 179498266829041664,1.197956350118011,[0.85785432],[1.7137464e-01 3.7013005e-15],[3.27467404e-01 1.06186401e-55],600
HD 36384,Gaia DR3 502835190261902464,0.41318260574200216,[0.30074992],[1.72214511e-01 1.45725091e-15],[3.15220263e-01 2.26236041e-51],600
K2-122,Gaia DR3 663843343706623232,3.0281600480224835,[0.95032403],[2.01918500e-01 4.23769524e-21],[3.28731396e-01 7.52280174e-56],600
Kepler-1492,Gaia DR3 2102111102390564864,0.5817817236046098,[0.38142082],[1.26975173e-01 2.05267989e-08],[3.12970667e-01 6.83256714e-51],600
HD 72892,Gaia DR3 5722585739105853184,0.1215121353464046,[0.0007463],[1.67112668e-01 1.40915727e-14],[3.29555924e-01 7.60507512e-56],600
HD 3651,Gaia DR3 2802397960855105920,0.7482723073940434,[0.50460668],[1.36139358e-01 9.68515117e-10],[3.18765753e-01 3.43658705e-52],600
KELT-4 A,Gaia DR3 727624020367528576,1.7689349437120123,[0.89718928],[2.09322407e-01 1.28317590e-22],[3.59492865e-01 8.16095076e-67],600
Kepler-1218,Gaia DR3 2126191334752646016,0.03418862628897051,[4.40569753e-07],[2.07775133e-01 3.56095707e-22],[3.64643347e-01 1.95462594e-68],600
TOI-1758,Gaia DR3 2232494455385669760,0.2845813926857154,[0.10107907],[1.73751623e-01 7.31626470e-16],[3.15599552e-01 3.12353746e-51],600
TOI-2641,Gaia DR3 5382970374226953600,0.40181230357329406,[0.20829534],[1.74771453e-01 9.45008265e-16],[3.30898646e-01 5.12320276e-56],600
TOI-6651,Gaia DR3 363314964357100800,3.839307123772193,[0.98615098],[1.94804956e-01 1.17116960e-19],[3.39824168e-01 2.23795535e-60],600
TOI-2796,Gaia DR3 3222453935725951488,33.49858680484134,[0.98625041],[0.05361651 0.1152598 ],[2.86602590e-01 6.96306359e-43],600
Kepler-1017,Gaia DR3 2103516759284836992,1.2226623457403765,[0.90410251],[2.26014121e-01 1.79824954e-26],[3.41909779e-01 2.66627477e-60],600
Kepler-1189,Gaia DR3 2086474260339833088,0.3172286014673609,[0.08777652],[2.34478654e-01 3.42505459e-28],[3.32997626e-01 7.87350410e-58],600
K2-181,Gaia DR3 600874445926411264,0.0965224089161002,[0.00010379],[1.99541368e-01 1.02351838e-20],[3.58217723e-01 5.09699501e-67],600
Kepler-1382,Gaia DR3 2076173859319258368,1.084151043418699,[0.90926577],[2.06773274e-01 6.87975747e-22],[3.46389606e-01 2.35685732e-62],600
HD 39194,Gaia DR3 4657193606465368704,0.0022814490596439886,[1.14421823e-11],[1.60306843e-01 3.05457713e-13],[3.11402436e-01 1.62893737e-49],600
TOI-421,Gaia DR3 2984582227215748864,0.11771252501409066,[0.00678329],[1.67155108e-01 1.94209097e-14],[3.10402577e-01 1.27580289e-49],600
Kepler-1759,Gaia DR3 2086879189856001024,0.07763181338360385,[3.59448655e-05],[1.95421747e-01 1.20111593e-19],[3.45207925e-01 2.78529503e-61],600
Kepler-1070,Gaia DR3 2129064874031303936,1.2196618976987819,[0.91539457],[2.34780904e-01 1.85470538e-28],[3.17564328e-01 7.00034710e-52],600
K2-224,Gaia DR3 3578783977588991360,0.4706497234273498,[0.30882669],[2.15755878e-01 5.63697041e-24],[3.28243423e-01 7.12957754e-56],600
Kepler-1832,Gaia DR3 2075993990389052160,0.2345332850788705,[0.07731251],[1.80336581e-01 7.31780204e-17],[3.33330499e-01 1.87729816e-57],600
TOI-220,Gaia DR3 5481210874877547904,0.6029339495991575,[0.40703484],[1.57862976e-01 6.44057702e-13],[3.05132404e-01 9.18583942e-48],600
Kepler-608,Gaia DR3 2078399790542181376,2.976382645311515,[0.97922291],[2.07928552e-01 2.13574296e-22],[3.38668606e-01 7.82889151e-59],600
HD 110067,Gaia DR3 3948424496764080640,5.8094710895520905,[0.96688457],[1.70266764e-01 3.60070925e-15],[3.19297670e-01 5.30093645e-53],600
HD 3765,Gaia DR3 369092520004831232,0.029454770963548562,[3.29930929e-05],[1.54569671e-01 1.83641068e-12],[3.13366261e-01 2.06453926e-50],600
HD 13931,Gaia DR3 351537889154226816,0.25937666422126443,[0.16457684],[1.46162431e-01 4.90675653e-11],[3.30616112e-01 1.06593976e-56],600
KPS-1,Gaia DR3 1055895483267019392,0.8338900685156032,[0.42360973],[2.20616150e-01 5.66158087e-25],[3.54039671e-01 1.21220080e-64],600
TOI-2145,Gaia DR3 1344163891352965632,5.45695984769187,[0.99560302],[1.95760318e-01 1.02905056e-19],[3.34740017e-01 9.48755150e-58],600
Kepler-1323,Gaia DR3 2128242611132484736,0.20956960334570168,[0.01020564],[2.14737795e-01 7.13540219e-24],[3.28310470e-01 8.43019758e-56],600
Kepler-176,Gaia DR3 2078286197246582016,0.5330100844771517,[0.48956946],[1.87713964e-01 6.64644084e-18],[3.15233283e-01 2.24003919e-51],600
WASP-153,Gaia DR3 2110106372987465216,0.7211720825546137,[0.57708829],[2.21495828e-01 1.33016440e-25],[3.32794787e-01 1.42080011e-56],600
WASP-177,Gaia DR3 2677447294810845824,0.5521276526842339,[0.45197799],[1.79124065e-01 1.47959425e-16],[3.27952891e-01 1.39718253e-55],600
Kepler-1501,Gaia DR3 2101875497665518080,0.2642229138119814,[0.06449666],[2.03807923e-01 1.86927381e-21],[3.26271350e-01 1.01849053e-54],600
Kepler-314,Gaia DR3 2077540827141811200,11.030422324869773,[0.97556815],[1.56946278e-01 7.75508910e-13],[3.09870001e-01 1.55932462e-49],600
TOI-1782,Gaia DR3 1711970906169443584,3.4447202765806924,[0.96761658],[1.74420014e-01 9.64098401e-16],[3.2664921e-01 3.9257829e-55],600
HD 108863,Gaia DR3 3952692457305436800,0.49771647677208314,[0.55668845],[1.81003294e-01 3.71448491e-17],[3.29380508e-01 1.09206749e-55],600
HD 152079,Gaia DR3 5939949051801737472,0.30438925874398864,[0.27437965],[1.22996483e-01 3.93300988e-08],[3.16272204e-01 1.87403001e-51],600
TOI-277,Gaia DR3 2353440974955205632,0.1381113136709888,[0.00325655],[1.70063526e-01 4.14022880e-15],[3.28280886e-01 8.63120624e-56],600
Kepler-278,Gaia DR3 2052881912366613376,1.050798194432169,[0.92905925],[1.72217465e-01 1.84819611e-15],[3.31784798e-01 6.25205042e-56],600
TOI-778,Gaia DR3 3607877948613218304,2.4576187684956197,[0.95261076],[1.64021258e-01 4.19745205e-14],[3.40184011e-01 1.78675675e-59],600
Gaia-1,Gaia DR3 3026325426682637824,0.09169131068868763,[0.00565212],[1.27587739e-01 1.23891151e-08],[3.12891049e-01 1.61733807e-50],600
TOI-4377,Gaia DR3 5197568146570178176,1.9013868163352226,[0.9817634],[2.08974094e-01 8.97168320e-23],[3.35808731e-01 3.98743223e-58],600
WASP-85 A,Gaia DR3 3909745223886018432,3.9661041479332355,[0.97780831],[1.84632345e-01 1.25005290e-17],[3.14663312e-01 4.23246050e-51],600
GJ 896 A,Gaia DR3 2824770686019003904,8.78216658428693,[0.97154366],[1.54393510e-01 2.15337752e-12],[3.42794474e-01 4.28034127e-60],600
Kepler-1326,Gaia DR3 2073280185224841728,0.6500553286955744,[0.53777521],[1.91820991e-01 6.58432793e-19],[3.38286827e-01 4.17374025e-59],600
HATS-17,Gaia DR3 6127982342061605120,0.6720554138284022,[0.70109169],[1.66367121e-01 1.99397903e-14],[3.15104154e-01 2.01698435e-51],600
HD 106252,Gaia DR3 3905603054348141440,0.36135532700927314,[0.12237838],[1.55975677e-01 8.23578758e-13],[3.28945817e-01 4.06842074e-56],600
Kepler-1950,Gaia DR3 2105573945541164544,2.2746042375467233,[0.99674083],[2.29546738e-01 2.66243852e-27],[3.30343531e-01 6.36055163e-56],600
TOI-1269,Gaia DR3 1635108588053258752,0.15320011993652077,[0.00834084],[1.71699399e-01 2.14656343e-15],[3.30932936e-01 3.18087923e-56],600
HAT-P-61,Gaia DR3 256580182331399296,0.37147219584395086,[0.03260778],[2.00192733e-01 9.58865471e-21],[3.30435884e-01 1.23212871e-56],600
Ross 458,Gaia DR3 3737308025029348608,4.5903218802799906,[0.98191454],[1.53367788e-01 1.93540300e-12],[3.10483176e-01 1.20132247e-49],600
XO-2 N,Gaia DR3 934346809278715776,0.033043971281229496,[6.20246668e-09],[1.94371429e-01 9.75567454e-20],[3.30985826e-01 1.24100183e-56],600
HATS-31,Gaia DR3 3498553232585634816,2.2956135135298723,[0.97647818],[2.72378544e-01 4.66229832e-18],[3.63273464e-01 1.31763584e-31],278
HD 215152,Gaia DR3 2623505219992303104,0.8874959177238605,[0.7460376],[1.60805979e-01 1.50931720e-13],[3.04873876e-01 1.34125710e-47],600
HD 8673,Gaia DR3 317350357498173312,2.755424468381521,[0.93636908],[1.50467222e-01 7.87984754e-12],[3.21210982e-01 9.88547611e-53],600
GJ 338 B,Gaia DR3 1022456104850892928,1.4415530504517764,[0.77371653],[1.46881657e-01 2.84450079e-11],[3.07720313e-01 3.55272293e-49],600
Kepler-512,Gaia DR3 2086940448965828992,2.3817982015291945,[0.99293582],[1.92889840e-01 1.78659804e-19],[3.17417851e-01 1.18268513e-51],600
HD 86065,Gaia DR3 5672053902679434112,0.3567759974729909,[0.17145539],[1.57464765e-01 7.08679463e-13],[3.32066289e-01 5.20705749e-57],600
HD 2685,Gaia DR3 4684205720883329920,5.4764185402434284,[0.98377596],[1.98303767e-01 2.14706684e-20],[3.31930397e-01 1.43507033e-56],600
Kepler-135,Gaia DR3 2052857860550101376,1.1376923882237215,[0.93909169],[1.94250114e-01 2.38306296e-19],[3.37349989e-01 7.11853942e-59],600
Kepler-160,Gaia DR3 2102587087846067712,1.2025569877229423,[0.91709576],[2.32235570e-01 4.89738521e-28],[3.45784287e-01 1.23053207e-60],600
HD 111591,Gaia DR3 3955257343054729984,0.14572684957205007,[0.00668866],[1.83498475e-01 1.77804510e-17],[3.35722998e-01 1.07891212e-57],600
K2-129,Gaia DR3 6769308026926349056,0.9225180660406173,[0.59244846],[1.65474039e-01 3.92551016e-14],[3.24048666e-01 3.77124285e-54],600
HD 103720,Gaia DR3 3601912720075891968,5.348546738902002,[0.98999265],[1.84324016e-01 1.63746633e-17],[3.16407113e-01 2.67415124e-52],600
TOI-480,Gaia DR3 2992025233741516928,2.723607783622681,[0.95543209],[1.37699045e-01 5.90186653e-10],[3.23588031e-01 2.83987196e-54],600
Kepler-209,Gaia DR3 2101964558106974848,0.9667513026813596,[0.86343437],[2.23810855e-01 6.44811930e-26],[3.41199477e-01 1.84376225e-60],600
BD+14 4559,Gaia DR3 1759623813132980864,0.7463467201303019,[0.60751235],[1.79442061e-01 1.29565443e-16],[3.23169298e-01 4.88585035e-54],600
2MASS J04372171+2651014,Gaia DR3 151499478104075008,32.70023913819463,[0.99397059],[1.20048914e-01 2.73665918e-07],[3.13697562e-01 1.96832405e-50],600
Kepler-403,Gaia DR3 2127815657021840128,1.1210907172663291,[0.88904575],[2.01598341e-01 8.76086373e-21],[3.27360719e-01 2.01215743e-54],600
HAT-P-34,Gaia DR3 1810218734058821632,0.8709319129645933,[0.6916238],[1.90438876e-01 1.21814764e-18],[3.20082638e-01 2.87939694e-53],600
HD 10647,Gaia DR3 4912580642524184960,4.827420042477423,[0.9857524],[1.35404041e-01 1.22084686e-09],[3.24076600e-01 4.57588252e-54],600
HD 50499,Gaia DR3 5579783574073770112,3.004466290031165,[0.97138537],[1.62858713e-01 6.92144195e-14],[3.21187621e-01 2.83206552e-53],600
Kepler-1646,Gaia DR3 2102601381497162240,5.321988042286553,[0.98481993],[1.69542341e-01 6.06336775e-15],[3.25712571e-01 1.27046522e-54],600
HD 101930,Gaia DR3 5341787994441794176,0.029970026998816714,[4.3398542e-05],[1.45429918e-01 4.46179976e-11],[3.24108689e-01 5.53464728e-54],600
K2-405,Gaia DR3 3871908447498807296,4.832495737483673,[0.95567932],[1.74920398e-01 6.14615205e-16],[3.43200180e-01 4.41374152e-61],600
Kepler-575,Gaia DR3 2099156817725596800,0.19160346489307592,[0.00894387],[2.28861566e-01 7.30248723e-27],[3.11818477e-01 6.58476240e-50],600
TOI-1453,Gaia DR3 1433062331332673792,0.47495105723843756,[0.1649215],[1.68878084e-01 7.88496135e-15],[3.11306072e-01 1.43507991e-49],600
K2-133,Gaia DR3 148080473682357376,0.02634370186271391,[0.00021648],[1.47595464e-01 2.65501788e-11],[3.13846740e-01 1.43845819e-50],600
KELT-3,Gaia DR3 806492023789218688,3.164590313081661,[0.9401052],[1.97409760e-01 3.01087543e-20],[3.21507843e-01 1.20187810e-52],600
WASP-50,Gaia DR3 5160557726183065984,3.6167713361734997,[0.98900124],[1.81157941e-01 3.71402193e-17],[3.32224257e-01 1.78465695e-56],600
Kepler-1547,Gaia DR3 2104890633423618048,3.8178522806499116,[0.99185535],[2.33281525e-01 3.05983433e-28],[3.30699921e-01 4.79267958e-56],600
Kepler-416,Gaia DR3 2052975370856687744,4.0160469666169085,[0.99528123],[1.86064479e-01 5.84366497e-18],[3.40357828e-01 9.62199714e-60],600
Kepler-1525,Gaia DR3 2130033097097486336,0.45339404335773703,[0.23459707],[2.00416001e-01 6.24064846e-21],[3.44685926e-01 4.30552606e-61],600
Kepler-99,Gaia DR3 2076871091425583232,4.26040822541593,[0.98802827],[1.60101605e-01 2.18140321e-13],[2.90899891e-01 1.92686388e-43],600
TOI-3894,Gaia DR3 1562935820172427392,1.879118084384696,[0.93079022],[2.16677293e-01 4.69027380e-24],[3.41989227e-01 6.53017778e-60],600
HD 185269,Gaia DR3 2031479093959232128,1.6293872859861025,[0.91525369],[1.63521850e-01 5.66557451e-14],[3.09256433e-01 2.46339791e-49],600
Kepler-1566,Gaia DR3 2103579397088495616,0.7799369393621175,[0.87372592],[2.03150623e-01 1.99362717e-21],[3.15055796e-01 1.59580511e-50],600
HATS-16,Gaia DR3 2327000400367097984,1.1771348213422852,[0.93331948],[2.70170477e-01 3.16734594e-10],[3.40831306e-01 5.94777303e-16],157
TOI-1448,Gaia DR3 2189711770761074816,2.695060270742591,[0.96849246],[1.64542057e-01 4.26818136e-14],[3.33621179e-01 1.48387042e-57],600
K2-216,Gaia DR3 2556231154370582400,0.2543314254720281,[0.08114457],[1.78920417e-01 1.24446101e-16],[3.43053009e-01 9.10343042e-60],600
TOI-4479,Gaia DR3 1841177820379504768,0.11872859767037507,[0.00010261],[1.78782321e-01 1.40635180e-16],[3.24974821e-01 2.81399373e-54],600
Kepler-1076,Gaia DR3 2133011639737119872,4.4344321867298335,[0.9974037],[1.92864326e-01 3.29420328e-19],[3.18647526e-01 7.12913296e-53],600
GJ 411,Gaia DR3 762815470562110464,0.007304546341423648,[1.14970136e-07],[1.63314387e-01 9.42311442e-14],[3.33065965e-01 9.11372084e-57],600
TOI-4087,Gaia DR3 1725490333641502976,3.8076292738188884,[0.98973884],[2.10132447e-01 1.22921617e-22],[3.24633147e-01 8.10271510e-55],600
Kepler-884,Gaia DR3 2129894833511828864,4.076327261649631,[0.98537682],[2.00490046e-01 1.35607710e-20],[3.46771257e-01 5.87509413e-62],600
V830 Tau,Gaia DR3 147831571737487488,18.403849179986917,[0.99607355],[1.36149590e-01 2.18975026e-09],[3.31654160e-01 3.52201691e-56],600
Kepler-12,Gaia DR3 2133599775377340672,1.3537807196198774,[0.93919602],[2.04996553e-01 5.76281017e-21],[3.29698498e-01 1.14614627e-53],578
Kepler-1857,Gaia DR3 2073303313639459840,0.4355327325593467,[0.39004313],[1.94050413e-01 2.60797388e-19],[3.27343458e-01 2.26590283e-55],600
HD 217786,Gaia DR3 2650902026099857920,0.565785236138511,[0.44958458],[1.71761466e-01 2.22157293e-15],[3.28015201e-01 4.99722551e-55],600
HD 115954,Gaia DR3 1476407794120339328,6.034802930437929,[0.9800861],[1.23887992e-01 4.00750109e-08],[3.22101435e-01 7.35628155e-54],600
K2-17,Gaia DR3 3899064464855774592,2.583669036719816,[0.94718118],[1.55335089e-01 1.14747396e-12],[3.22654186e-01 9.04770331e-54],600
Kepler-1681,Gaia DR3 2080316995223800960,1.2360470351991943,[0.95093976],[2.59723442e-01 1.21039771e-34],[3.49063518e-01 3.11356286e-63],600
TOI-969,Gaia DR3 3087206553745290624,0.843914184536159,[0.67304205],[1.82934059e-01 2.59350623e-17],[3.28963256e-01 6.25410072e-56],600
K2-333,Gaia DR3 607345660265955456,7.816390043006572,[0.9563586],[1.89214405e-01 1.81153980e-18],[3.29433278e-01 1.76457588e-56],600
Kepler-1027,Gaia DR3 2102600488143944192,1.0420102689479644,[0.8189326],[1.90124812e-01 9.04085127e-19],[3.41918784e-01 5.44191355e-60],600
GJ 674,Gaia DR3 5951824121022278144,3.019868628302064,[0.95997308],[1.53252005e-01 2.43779996e-12],[3.31452581e-01 1.67766242e-56],600
K2-411,Gaia DR3 50884474718017408,0.06707344897960618,[1.50648109e-05],[2.16040051e-01 4.44028552e-24],[3.31251950e-01 8.00235469e-57],600
Kepler-102,Gaia DR3 2119583201145735808,1.4250296447695425,[0.7999152],[1.88253142e-01 2.39914453e-18],[3.15404269e-01 3.85720457e-52],600
Kepler-115,Gaia DR3 2079368391569401600,0.3144701655076438,[0.14198947],[2.00839121e-01 9.02341651e-21],[3.22053058e-01 1.78753717e-53],600
TOI-813,Gaia DR3 4665704096987467776,3.3924370365082224,[0.99849426],[1.88845809e-01 1.71815757e-18],[3.40351429e-01 7.62388451e-60],600
Kepler-1713,Gaia DR3 2105620159389754624,1.3974683381664854,[0.91694046],[1.72982240e-01 2.06728196e-15],[3.21688503e-01 4.48157100e-53],600
HD 134606,Gaia DR3 5798962867668048768,7.694885867613709,[0.99695078],[1.54085276e-01 2.08366697e-12],[3.21989621e-01 6.49236828e-54],600
Kepler-1720,Gaia DR3 2080378808394131200,0.12663220295639177,[0.00560093],[2.04822542e-01 8.18262453e-22],[3.42119283e-01 3.62597739e-60],600
WASP-121,Gaia DR3 5565050255701441664,3.431873880065784,[0.94888121],[1.18990378e-01 2.71918750e-07],[3.34964611e-01 2.49992212e-58],600
Kepler-600,Gaia DR3 2104875377699739648,3.8980706051962715,[0.99263537],[2.38640714e-01 2.12706415e-29],[3.07522619e-01 1.59326840e-48],600
HD 224538,Gaia DR3 6488009143872441216,5.400620106918096,[0.98766733],[1.63800648e-01 7.03852766e-14],[3.21356546e-01 2.48398587e-53],600
Kepler-1933,Gaia DR3 2103314346067173504,10.812123124661147,[0.96304196],[1.14194039e-01 6.57758431e-07],[3.17946622e-01 1.50961442e-52],600
TOI-286,Gaia DR3 5482316880495405056,1.1136014757423776,[0.86347056],[1.26048656e-01 1.88922786e-08],[3.14233404e-01 8.78344292e-51],600
24 Boo,Gaia DR3 1603662211901473408,0.004549108809038872,[2.09955926e-09],[1.51618514e-01 6.93707497e-12],[3.24440907e-01 1.80186535e-54],600
Kepler-198,Gaia DR3 2052852912747829760,2.341230000691798,[0.9914743],[1.42911217e-01 1.50183728e-10],[3.05647817e-01 1.65644095e-48],600
WASP-94 B,Gaia DR3 6780546169633474944,2.512419044097415,[0.97160282],[2.13825972e-01 2.16195250e-23],[3.27128241e-01 2.15772837e-55],600
K2-316,Gaia DR3 6239410080231903488,0.7073463958323506,[0.84002246],[0.08831789 0.00044952],[2.85610501e-01 5.23887611e-42],600
Kepler-1169,Gaia DR3 2080098840942920704,0.627336310174267,[0.51280245],[2.07564966e-01 6.09342813e-22],[3.12017266e-01 2.55874635e-50],600
Kepler-1224,Gaia DR3 2099122522408063232,5.119277909172208,[0.99498075],[1.97961004e-01 2.51964735e-20],[3.43362661e-01 6.25574778e-61],600
Kepler-1641,Gaia DR3 2077041103410971392,0.6686888539649855,[0.8168722],[2.13888837e-01 3.03262423e-23],[3.44430607e-01 4.17331392e-61],600
Kepler-1929,Gaia DR3 2085651305945898368,0.20771958662988657,[0.0211401],[1.95611489e-01 1.28533646e-19],[3.45963290e-01 1.48109664e-61],600
NGTS-6,Gaia DR3 4875693023844840448,1.3443125440453707,[0.96284025],[1.95192249e-01 8.40923885e-20],[3.33745742e-01 2.66373896e-57],600
HAT-P-42,Gaia DR3 583455604761166848,0.336455914835662,[0.0299443],[1.98288327e-01 1.99766444e-20],[3.29932709e-01 1.18076816e-56],600
TOI-2257,Gaia DR3 1716345832872291968,2.763716952493308,[0.91405906],[1.64807304e-01 3.64922102e-14],[3.41165339e-01 6.27341310e-60],600
GJ 9404,Gaia DR3 4010201828880793984,0.49525724311721514,[0.14540852],[1.56736473e-01 7.21943635e-13],[3.39659990e-01 1.06429131e-59],600
K2-287,Gaia DR3 6239702034929248512,1.0981761260790663,[0.80220354],[0.06512974 0.02481707],[2.89678099e-01 2.68772179e-43],600
Kepler-1156,Gaia DR3 2127359737653864832,0.6523651611609039,[0.6494954],[2.05195505e-01 1.04446525e-21],[3.11758557e-01 1.40351640e-50],600
HD 175541,Gaia DR3 4281180283478682496,0.2988019150134572,[0.08942362],[1.63308720e-01 5.52179039e-14],[3.35060287e-01 5.81264479e-58],600
Kepler-597,Gaia DR3 2052450079180319744,2.8246209156691373,[0.98974251],[1.61585738e-01 1.18438816e-13],[3.19930681e-01 1.73395203e-52],600
K2-151,Gaia DR3 2579620343673729408,0.1492035730702614,[0.02046516],[1.64237084e-01 4.79837865e-14],[3.33635733e-01 5.77649657e-57],600
TOI-1410,Gaia DR3 1958584565350234752,0.9844543842615265,[0.84545784],[1.56669868e-01 7.77236649e-13],[3.33609845e-01 3.73456726e-57],600
HD 33142,Gaia DR3 2986948238799721216,1.2172691329888403,[0.87614029],[1.55189836e-01 1.46837908e-12],[3.27475437e-01 4.91838581e-55],600
G 196-3,Gaia DR3 824017070904063104,6.544700710057497,[0.97201874],[1.86887632e-01 5.40137073e-18],[3.10793202e-01 1.61030470e-50],600
HD 111998,Gaia DR3 3679242575447826432,13.146646381614982,[0.97915858],[1.80171640e-01 6.88339443e-17],[3.45252364e-01 1.00665454e-61],600
HD 69830,Gaia DR3 5726982995343100928,0.1724837629484922,[0.00688825],[1.59540124e-01 2.42877124e-13],[3.07512087e-01 6.10764401e-49],600
Kepler-1376,Gaia DR3 2105478425469064064,1.522382510124627,[0.95638251],[2.21909471e-01 2.61883820e-25],[3.21442713e-01 1.02234770e-52],600
K2-73,Gaia DR3 2616071555020488960,0.3845790341873526,[0.27329561],[2.16993132e-01 3.30313623e-24],[3.21142813e-01 6.82690948e-53],600
Kepler-17,Gaia DR3 2086449761846310784,1.8085486534993234,[0.99451779],[2.29169628e-01 6.18685948e-27],[3.48990225e-01 2.57958250e-63],600
BD+48 740,Gaia DR3 438444868763388800,1.5441573025431905,[0.92033546],[2.00479631e-01 8.37570828e-21],[3.24787543e-01 6.23197057e-54],600
GJ 3341,Gaia DR3 4827532078086044416,0.136420185815049,[0.02976307],[1.38196365e-01 5.64746363e-10],[3.13244552e-01 8.29044313e-51],600
Kepler-975,Gaia DR3 2052826318309391104,4.30475787206865,[0.98969057],[1.43565049e-01 1.11572754e-10],[3.20107144e-01 5.33463049e-52],600
Kepler-340,Gaia DR3 2076383625510685824,4.413841302939555,[0.99315815],[1.95232906e-01 1.41376946e-19],[3.46630552e-01 2.46037660e-62],600
Kepler-1760,Gaia DR3 2131804925724122240,0.8366748267925189,[0.71293473],[2.54077288e-01 2.22642204e-33],[3.36640268e-01 2.02700409e-58],600
Kepler-914,Gaia DR3 2127019915540964224,1.3541813228115853,[0.90406096],[1.92434856e-01 2.37055814e-19],[3.24229659e-01 9.61236888e-54],600
Kepler-1629,Gaia DR3 2117125655219423744,5.552098287675774,[0.99689486],[1.75048611e-01 7.46330528e-16],[3.13696888e-01 7.19569385e-51],600
K2-393,Gaia DR3 2651117427299894656,0.23272018381067253,[0.03566547],[2.20581068e-01 5.22505081e-25],[3.19302697e-01 2.80607901e-52],600
GJ 536,Gaia DR3 3657653114880309248,0.22884610891877416,[0.02827772],[1.65000558e-01 3.38701819e-14],[3.23275093e-01 5.57157154e-54],600
WASP-53,Gaia DR3 5136559128264765184,1.5853009288724746,[0.95868116],[2.21889896e-01 2.16796059e-25],[3.36344672e-01 3.25308464e-58],600
HD 93963 A,Gaia DR3 729899906357408768,5.48094422565953,[0.99717999],[1.63448874e-01 6.48746078e-14],[3.25879973e-01 1.38482506e-54],600
WASP-103,Gaia DR3 4439085988769170432,4.117775369727443,[0.96783407],[2.63451085e-01 3.36747314e-36],[3.38960613e-01 2.39947238e-59],600
EPIC 211945201,Gaia DR3 636363799347569408,0.16391088994555517,[0.21730229],[1.24286259e-01 9.06047539e-08],[3.19510465e-01 1.03699502e-52],600
Kepler-1013,Gaia DR3 2126890417989112832,3.891329102471755,[0.99388338],[2.19871385e-01 7.54364711e-25],[3.46066757e-01 2.84392424e-61],600
TOI-2000,Gaia DR3 5244434756689177088,0.281906499711662,[0.18712269],[1.25172498e-01 3.67397555e-08],[3.26530331e-01 3.46578052e-55],600
GJ 2126,Gaia DR3 5977270148650362112,5.95620711279309,[0.96367156],[1.64755878e-01 3.72229537e-14],[3.16238160e-01 1.92317285e-51],600
LP 890-9,Gaia DR3 4886243456388510720,0.18873751120433194,[0.11896838],[1.36678270e-01 1.02287806e-09],[3.11509489e-01 3.74930975e-50],600
TOI-1173,Gaia DR3 1686171213716517504,0.13412750444757637,[0.00514221],[1.81745374e-01 4.91760481e-17],[3.28692518e-01 2.34962271e-55],600
HATS-41,Gaia DR3 2919151080524391552,1.1843265620427366,[0.84144419],[2.05428174e-01 1.55683666e-21],[3.42962904e-01 1.26152419e-61],600
Kepler-1095,Gaia DR3 2077580345142027136,0.2581435313086182,[0.04143181],[2.13239922e-01 1.82889905e-23],[3.23483307e-01 7.26994126e-54],600
TOI-1470,Gaia DR3 427224073427887360,5.023432904355634,[0.9865407],[1.91873459e-01 6.43174705e-19],[3.29303168e-01 1.45032930e-55],600
Kepler-911,Gaia DR3 2073804411752924288,0.6840342295468537,[0.75258874],[1.89702974e-01 1.01521669e-18],[3.39795138e-01 5.92259029e-60],600
HD 158996,Gaia DR3 1709691004385812864,0.8371073814269034,[0.75041177],[1.88720186e-01 1.46452219e-18],[3.20749797e-01 3.22136598e-53],600
GJ 3090,Gaia DR3 4933912198895807104,2.9019032645535887,[0.98001774],[1.47306924e-01 2.25444643e-11],[3.35200048e-01 2.06216187e-58],600
Kepler-519,Gaia DR3 2075161655782111872,6.066594658290398,[0.9854964],[2.01592594e-01 5.36990742e-21],[3.22648084e-01 9.09087514e-54],600
K2-249,Gaia DR3 3582098107498270208,1.0330041267744812,[0.92900016],[2.48110867e-01 8.46811211e-31],[3.27996177e-01 2.15829082e-53],583
Kepler-77,Gaia DR3 2126912305142208384,2.5095762348011106,[0.98534664],[2.07214921e-01 3.30407186e-22],[3.23863816e-01 8.30505589e-54],600
Kepler-1861,Gaia DR3 2134956572729225728,3.416714635557771,[0.97910753],[2.23153853e-01 8.25401053e-26],[3.59028907e-01 9.39628713e-67],600
Kepler-98,Gaia DR3 2099862910348755712,1.6758808859968548,[0.82664376],[0.08055165 0.00134753],[3.15106624e-01 5.94773496e-52],600
WASP-45,Gaia DR3 2308834780352875904,0.4104154647974807,[0.25997642],[1.96990091e-01 3.66025556e-20],[3.27737673e-01 4.00042780e-55],600
KELT-23 A,Gaia DR3 1644692064543192704,5.7631530966334585,[0.9911449],[1.63480733e-01 8.84943704e-14],[3.23226881e-01 3.04370947e-54],600
K2-35,Gaia DR3 3810609819552494976,0.11499617519661692,[0.00096609],[1.88503106e-01 1.86163297e-18],[3.34091933e-01 2.01513677e-57],600
HD 204941,Gaia DR3 6830027182179257472,0.4895755669705369,[0.20078609],[1.76636243e-01 3.43312258e-16],[3.41550205e-01 4.56483334e-60],600
Kepler-4,Gaia DR3 2132152916856093952,0.3589567491118994,[0.21141954],[2.07108041e-01 2.46162734e-22],[3.29787128e-01 8.49699353e-57],600
Kepler-1672,Gaia DR3 2073677040206349696,1.4956036473391892,[0.94869799],[1.48982012e-01 9.67429602e-12],[2.96565597e-01 1.27251321e-44],600
TOI-4791,Gaia DR3 2930141657016297216,5.653922449266835,[0.99517178],[1.75774603e-01 4.89727136e-16],[3.25833556e-01 4.83709701e-55],600
Kepler-1393,Gaia DR3 2103399695656782208,0.42036582231459774,[0.18180204],[2.32854335e-01 6.71489447e-28],[3.07663009e-01 2.56756509e-48],600
Kepler-399,Gaia DR3 2075060264503601280,2.7857142507259574,[0.99088488],[1.95463837e-01 9.35027795e-20],[3.28900406e-01 1.27936523e-55],600
14 Her,Gaia DR3 1385293808145621504,3.1259673637958927,[0.97881447],[1.74142577e-01 8.45243158e-16],[3.19624666e-01 4.10745501e-52],600
HD 1666,Gaia DR3 2362099457224379136,1.340785558814445,[0.90751626],[1.73630595e-01 1.24972101e-15],[3.28410069e-01 1.51207315e-55],600
HD 175167,Gaia DR3 6421118739093252224,1.1967550144577512,[0.75575482],[1.54962687e-01 1.51876383e-12],[3.19104120e-01 1.74751011e-52],600
K2-293,Gaia DR3 2632493590110613760,1.0524817552312908,[0.9454984],[2.07253362e-01 2.49963505e-22],[3.41402511e-01 1.22518067e-60],600
Kepler-1834,Gaia DR3 2076454445237794432,0.2939201078163995,[0.30861906],[1.19379149e-01 1.95038551e-07],[3.27640262e-01 9.25160407e-56],600
K2-121,Gaia DR3 662078902422542336,6.952833075275399,[0.98381249],[1.14516624e-01 1.10695279e-06],[3.13287248e-01 2.19080418e-50],600
TOI-677,Gaia DR3 5313031504751276032,0.7984124588642799,[0.66371611],[1.10922661e-01 1.68710965e-06],[3.21174789e-01 1.22838401e-53],600
K2-98,Gaia DR3 601199802584914816,0.30765234142051556,[0.03434376],[1.97581047e-01 3.00766387e-20],[3.26386521e-01 6.01101270e-55],600
HD 185283,Gaia DR3 6640676436470581888,0.6133768849050953,[0.37510012],[1.74937738e-01 7.34188432e-16],[3.10091363e-01 1.32184590e-49],600
HD 218566,Gaia DR3 2638410646295370880,0.23641675378750385,[0.05552097],[1.57088101e-01 7.36311012e-13],[3.26863851e-01 4.12411923e-55],600
Kepler-1081,Gaia DR3 2101476065707700480,0.005412954814126905,[6.60335413e-10],[1.82313270e-01 2.26188754e-17],[3.54637585e-01 7.24215349e-65],600
Kepler-141,Gaia DR3 2086455740440489472,0.7425326061038332,[0.76726417],[1.44689437e-01 5.26576140e-11],[3.02503426e-01 5.14379667e-47],600
Kepler-1535,Gaia DR3 2100009488992720896,2.101436811396283,[0.9747435],[2.27347329e-01 2.02653628e-26],[3.20857630e-01 6.88700301e-53],600
UCAC3 113-933,Gaia DR3 2315343240650059520,2.9875334139802736,[0.98934811],[1.44277929e-01 7.77515248e-11],[3.16403753e-01 7.11761413e-51],600
HATS-61,Gaia DR3 4890849134501995392,1.191184140955644,[0.87518983],[2.56020154e-01 3.68437852e-22],[3.71369283e-01 6.41043594e-47],391
K2-130,Gaia DR3 4083382672829717504,0.8132861138111127,[0.72286498],[1.68937954e-01 6.11982120e-15],[3.08535128e-01 6.21599962e-49],600
GJ 480,Gaia DR3 3928391218812375808,0.45534792703414595,[0.20000568],[1.62286141e-01 1.18344938e-13],[3.23756601e-01 1.11903990e-53],600
Kepler-1726,Gaia DR3 2107201909944691968,2.5240689770241227,[0.98091779],[2.18814385e-01 7.27577692e-25],[3.34224223e-01 7.23760665e-58],600
K2-342,Gaia DR3 685749360542215296,0.06734254056429116,[0.08499711],[1.10297023e-01 5.11327242e-06],[3.19164750e-01 3.84205271e-52],600
Kepler-988,Gaia DR3 2101938650863923712,0.5230973661176029,[0.60695977],[1.41208998e-01 1.68109703e-10],[3.20375253e-01 6.55908182e-53],600
Kepler-179,Gaia DR3 2086468453545432960,0.12372604881642915,[0.00105122],[1.88727726e-01 1.94529673e-18],[3.33334439e-01 2.35069609e-57],600
TOI-1518,Gaia DR3 2210596444367488384,4.876392845681046,[0.99027712],[2.00905242e-01 1.11688372e-20],[3.31102172e-01 6.83495638e-56],600
WASP-71,Gaia DR3 2507901914613201024,2.4559364539927406,[0.99659443],[2.35354722e-01 1.68625668e-28],[3.48866145e-01 2.86796453e-63],600
HD 114783,Gaia DR3 3684934540986187776,3.9292044264675865,[0.98873398],[1.57444856e-01 4.79068148e-13],[3.41941013e-01 2.59811686e-60],600
K2-179,Gaia DR3 65797082206292224,1.1243499731347653,[0.82993382],[1.67359537e-01 1.27914951e-14],[3.11189281e-01 1.28395542e-49],600
Kepler-1560,Gaia DR3 2125880825797124352,6.354270026897785,[0.9957213],[1.77730001e-01 3.19556735e-16],[3.07906190e-01 4.55729189e-49],600
TOI-6034,Gaia DR3 2270404997834401664,3.4926822324258393,[0.99061238],[1.76495870e-01 3.41685287e-16],[3.19335693e-01 5.14671479e-53],600
HD 111232,Gaia DR3 5855730584310531200,0.014476958489743735,[8.54849089e-07],[1.51623956e-01 4.56775565e-12],[3.14010742e-01 3.78883252e-51],600
Kepler-324,Gaia DR3 2132078120004385152,0.15776325269998182,[0.00480504],[1.98617711e-01 2.00750725e-20],[3.18696197e-01 5.57576189e-53],600
Kepler-508,Gaia DR3 2078008703696509056,0.3763658817551172,[0.33363322],[1.17091566e-01 2.58858517e-07],[3.02101139e-01 5.71160423e-47],600
Proxima Cen,Gaia DR3 5853498713190525696,0.5515732282204184,[0.64695103],[1.59804304e-01 2.31587627e-13],[3.20809173e-01 2.49149819e-53],600
Kepler-1712,Gaia DR3 2132326747070439296,5.88293695853631,[0.97898465],[1.84211825e-01 1.22064584e-17],[3.23665118e-01 6.30901827e-54],600
L 363-38,Gaia DR3 4999067471248893952,0.0998719216641589,[0.01325362],[1.50323665e-01 6.30919187e-12],[3.26127259e-01 1.41841899e-54],600
WASP-180 A,Gaia DR3 3070964117005132416,13.672260288851009,[0.96520447],[1.68456257e-01 6.99807367e-15],[3.24249722e-01 2.09399814e-54],600
TOI-1288,Gaia DR3 2245652826430109184,0.04200397020787558,[2.72557121e-05],[1.82720004e-01 2.48420061e-17],[3.19020268e-01 2.82787391e-52],600
HD 213240,Gaia DR3 6517058790835773440,0.4187498560928343,[0.32025501],[1.46763567e-01 2.18722823e-11],[3.11564092e-01 5.35297117e-50],600
Kepler-146,Gaia DR3 2052185062520374272,1.7185556262040693,[0.95966303],[1.82962287e-01 2.39522901e-17],[3.65248419e-01 1.14233425e-68],600
Kepler-1465,Gaia DR3 2139286655674983936,0.3768273425365489,[0.32341095],[1.84318183e-01 9.49238111e-18],[3.24583951e-01 2.47991562e-54],600
WASP-163,Gaia DR3 4334991786994866304,3.9080042315510917,[0.99219526],[1.77035966e-01 2.56465719e-16],[3.16332469e-01 9.68261140e-52],600
GJ 3138,Gaia DR3 5144740907820131840,0.2978404770385148,[0.25870258],[1.42285148e-01 1.91877346e-10],[3.10747874e-01 1.46339504e-49],600
Kepler-1796,Gaia DR3 2081915204099064960,0.2355658150738104,[0.00974778],[2.50124942e-01 6.60152627e-32],[3.5152253e-01 1.0487709e-63],600
TOI-1799,Gaia DR3 761300339243646848,0.2571906949805046,[0.14211027],[1.56526659e-01 7.06513814e-13],[3.09214497e-01 4.56901364e-49],600
Kepler-1488,Gaia DR3 2133584309198180736,0.7404440898338442,[0.45239481],[2.40638989e-01 5.10405192e-26],[3.40718304e-01 5.35118872e-52],526
Qatar 6,Gaia DR3 1265513389372846848,4.805912183222394,[0.99212298],[1.54795060e-01 1.39641613e-12],[3.27236584e-01 1.27624983e-55],600
2MASS J01225093-2439505,Gaia DR3 5040416186560252416,5.047219355193127,[0.94470071],[1.49029993e-01 1.55443094e-11],[2.99209772e-01 6.61402060e-46],600
Kepler-467,Gaia DR3 2099605968225288960,0.0585920050367213,[6.26758281e-05],[1.97629024e-01 5.10630874e-20],[3.24146278e-01 3.73309018e-53],600
Kepler-1627,Gaia DR3 2103737241426734336,28.99689587367676,[0.99331099],[9.49314617e-02 6.97693591e-05],[3.04998513e-01 1.25141074e-48],600
TOI-5110,Gaia DR3 3439633221952197120,2.0460745168659322,[0.96072486],[2.19475876e-01 1.50567177e-24],[3.44059559e-01 1.32005224e-61],600
TOI-1776,Gaia DR3 778052193462283648,0.1437090354826808,[0.00499507],[1.75583136e-01 4.67949802e-16],[3.42344996e-01 2.36442087e-60],600
Kepler-576,Gaia DR3 2052140601018026496,1.7764483762815344,[0.95465622],[1.76449941e-01 3.48238121e-16],[3.17577170e-01 3.73097916e-52],600
Kepler-1725,Gaia DR3 2076524710904427520,2.387902311746472,[0.98261125],[1.86052268e-01 8.32746547e-18],[3.33243166e-01 1.60401880e-57],600
WASP-147,Gaia DR3 2340919358581488768,1.9815796818308358,[0.97524608],[2.21058131e-01 2.51348404e-22],[3.53391314e-01 1.37928214e-57],534
Kepler-737,Gaia DR3 2126820324123177472,0.731380134916738,[0.68296241],[1.74270528e-01 9.63702078e-16],[3.12313219e-01 3.72533939e-50],600
K2-127,Gaia DR3 3613472293839371136,1.1856825505258,[0.944424],[2.55209327e-01 1.78538581e-15],[3.39983910e-01 1.24196858e-27],276
HD 89839,Gaia DR3 5355799586503538176,0.7955768225622666,[0.61785029],[1.58859690e-01 3.83647915e-13],[3.15598667e-01 2.54917900e-51],600
CoRoT-5,Gaia DR3 3125611120515388800,0.32443917594938276,[0.4874148],[0.07987631 0.00299579],[3.15796697e-01 2.19291422e-51],600
HD 37605,Gaia DR3 3332911492327546368,0.28575566855256296,[0.16813811],[1.36383334e-01 1.30273591e-09],[3.06487572e-01 5.00405118e-48],600
HD 163607,Gaia DR3 1418519292895059840,0.584187091234593,[0.41506307],[1.61726269e-01 1.01082465e-13],[3.20348600e-01 1.01945071e-52],600
Kepler-261,Gaia DR3 2052528625536778624,1.0542092024621197,[0.80971272],[1.0921908e-01 1.6799206e-06],[2.91894976e-01 9.64571818e-44],600
Kepler-195,Gaia DR3 2130982113070876160,0.5185880946168052,[0.30318893],[2.35358108e-01 1.34479844e-28],[3.42385323e-01 8.72135489e-61],600
TOI-913,Gaia DR3 5772195974332632192,0.6486468524004678,[0.57763606],[1.20423562e-01 1.03554806e-07],[3.20522223e-01 3.89082909e-52],600
HD 42012,Gaia DR3 3452333199728743936,0.9965170028033978,[0.857633],[1.29732299e-01 8.54599270e-09],[3.31064455e-01 4.73919486e-57],600
Kepler-907,Gaia DR3 2103882548762598144,0.1505009488525246,[0.00353021],[2.10889465e-01 4.12772289e-23],[3.17218384e-01 1.69129551e-51],600
K2-398,Gaia DR3 3809028584392561408,1.1023031262440988,[0.86493577],[2.74906881e-01 5.29740947e-24],[3.38881326e-01 7.46175035e-36],367
Kepler-1966,Gaia DR3 2053614049674000512,0.265127705622753,[0.10125033],[1.71696206e-01 3.06873850e-15],[3.28789732e-01 2.36993576e-56],600
TOI-5027,Gaia DR3 5820908638718592256,1.1765697422464476,[0.89003096],[1.49413411e-01 1.95011890e-11],[3.19446377e-01 5.82048830e-53],600
GJ 251,Gaia DR3 939072613334579328,1.6554544734108083,[0.87964987],[1.59303122e-01 3.60491691e-13],[3.29334446e-01 2.20782656e-55],600
K2-396,Gaia DR3 3405720400701167104,0.34680479599628034,[0.02781729],[1.77127383e-01 2.17586900e-16],[3.28724941e-01 1.83497132e-55],600
DMPP-1,Gaia DR3 3011005587574818432,4.476997953016422,[0.9875034],[1.37824027e-01 6.60575271e-10],[2.98658511e-01 6.81000897e-46],600
Kepler-1137,Gaia DR3 2131213903865285760,3.5303695502584884,[0.98836948],[2.17574442e-01 1.12868890e-22],[3.41578647e-01 3.50135588e-55],553
HD 33844,Gaia DR3 2986593268342544768,3.2984903921202955,[0.99492393],[1.46681444e-01 3.17995635e-11],[3.36587912e-01 2.11533644e-58],600
HD 6061,Gaia DR3 369669965470499456,2.6351920038390992,[0.93834539],[1.82430983e-01 4.49599743e-17],[3.29268453e-01 6.12441050e-56],600
Kepler-1088,Gaia DR3 2104727081069413376,2.0378554026596185,[0.96216507],[1.71323523e-01 2.98216305e-15],[3.29932904e-01 1.84527159e-56],600
TOI-4638,Gaia DR3 2775311010868306048,3.5574304194435804,[0.99367336],[1.87457606e-01 2.38978140e-18],[3.25264957e-01 2.24245428e-54],600
HD 222582,Gaia DR3 2440578577126302336,1.3503092449981093,[0.89386821],[1.58889028e-01 3.60714903e-13],[3.33266270e-01 1.22498367e-56],600
Kepler-211,Gaia DR3 2105743987587112064,10.915919685614973,[0.99868876],[1.45841792e-01 3.56283053e-11],[3.25421175e-01 5.87477998e-54],600
K2-417,Gaia DR3 2437684039751295744,0.08381847390276836,[0.00279275],[1.67650152e-01 1.35224671e-14],[3.29947660e-01 4.45535748e-56],600
Kepler-932,Gaia DR3 2078726238114989824,0.5723975737851654,[0.41386153],[1.68706458e-01 5.33528829e-15],[3.27174347e-01 2.59080128e-55],600
TOI-3071,Gaia DR3 5342880462319699200,1.0677688937590981,[0.87880342],[1.15685897e-01 1.74631652e-06],[3.19412576e-01 1.11834432e-52],600
WASP-139,Gaia DR3 4851398799032507776,0.24567149863364998,[0.05463247],[2.05744368e-01 6.20258176e-22],[3.17088119e-01 6.67056137e-52],600
TOI-2088,Gaia DR3 1656835487573730048,1.5034711163569645,[0.86371489],[1.96814393e-01 6.86365696e-20],[3.24553584e-01 2.04648664e-54],600
Kepler-1051,Gaia DR3 2076661630160275072,1.0778168351589579,[0.88743855],[2.04299532e-01 2.66348003e-21],[3.39349691e-01 1.08526394e-59],600
K2-344,Gaia DR3 685235991691684352,2.236414045927248,[0.92955601],[1.72241581e-01 1.62417632e-15],[3.46117168e-01 1.30204122e-61],600
HD 187123,Gaia DR3 2047452661412980736,0.421514852493949,[0.30143279],[1.66197593e-01 1.70531760e-14],[3.26761444e-01 6.92806773e-55],600
HIP 54597,Gaia DR3 5452634262730082176,0.2896176157924799,[0.10822036],[1.69307045e-01 6.28230734e-15],[3.22412701e-01 1.09221933e-53],600
XO-2 S,Gaia DR3 934346740559239296,0.03827850657735757,[1.29383178e-05],[1.64838772e-01 2.59689953e-14],[3.23084701e-01 4.21500541e-54],600
TOI-1695,Gaia DR3 534988616816537728,0.17941162955561596,[0.0292281],[1.50378905e-01 6.77604781e-12],[3.27650416e-01 4.28516582e-55],600
TOI-2184,Gaia DR3 5280444557068991616,2.17179075967991,[0.98321566],[2.35288247e-01 1.10839070e-26],[3.44411842e-01 4.49591137e-57],558
TOI-4329,Gaia DR3 2224458777730383616,2.68020878966681,[0.97765192],[2.27647274e-01 9.20666083e-27],[3.50014469e-01 1.77811426e-63],600
Kepler-1521,Gaia DR3 2051865551307698688,4.538557092366885,[0.98289468],[1.79944418e-01 8.63383762e-17],[3.27822780e-01 3.00095724e-55],600
TOI-2015,Gaia DR3 1270814787767025408,3.927385616236261,[0.98109979],[1.45177775e-01 4.10148379e-11],[3.07647858e-01 4.55042611e-49],600
HD 88072,Gaia DR3 3835743693290897152,0.31808513956594636,[0.09290397],[1.70883924e-01 3.55547978e-15],[3.35101626e-01 2.23501388e-58],600
Kepler-473,Gaia DR3 2100009935669354240,1.8566290820588724,[0.9795583],[2.37810991e-01 4.79283291e-29],[3.22959735e-01 7.12815238e-54],600
GJ 163,Gaia DR3 4780294722094459904,0.09110939896740206,[0.00139382],[1.69413905e-01 8.03844682e-15],[3.13004035e-01 2.21768046e-50],600
HD 41004 A,Gaia DR3 4794830231453653888,0.8966862103481599,[0.72713518],[1.39148501e-01 3.42818012e-10],[3.20730123e-01 1.40805569e-53],600
61 Vir,Gaia DR3 3507879565090229888,0.4576143294643403,[0.08279922],[1.90656638e-01 9.55142664e-19],[3.30923356e-01 8.32485336e-57],600
K2-180,Gaia DR3 600750922666388992,0.0027659452893524076,[4.31819478e-07],[1.19858286e-01 2.56415156e-07],[3.09860638e-01 1.06028688e-49],600
Kepler-1739,Gaia DR3 2080638877253151232,0.44466588118297107,[0.30929945],[2.42781583e-01 2.86093496e-30],[3.40804950e-01 5.23979532e-60],600
TOI-5126,Gaia DR3 623633615066248576,3.6320709321531557,[0.96223676],[1.67371966e-01 1.42486884e-14],[3.34437820e-01 7.65453577e-58],600
K2-184,Gaia DR3 651522834880015872,0.28143730608443945,[0.08271388],[1.71878592e-01 1.99675175e-15],[3.29559412e-01 6.06936912e-56],600
Kepler-1680,Gaia DR3 2073697419836171264,1.0573498917908801,[0.80341765],[1.29051952e-01 7.23980371e-09],[3.13919393e-01 1.11319140e-50],600
Kepler-264,Gaia DR3 2051738798233021824,1.0223513263929014,[0.79843228],[2.14195557e-01 1.79742940e-23],[3.24653974e-01 1.22779501e-54],600
Kepler-297,Gaia DR3 2131748747552136960,2.3072114345956996,[0.98933012],[2.20479324e-01 4.10123433e-25],[3.35894371e-01 5.91154859e-58],600
Kepler-441,Gaia DR3 2131799084568477056,0.4214660381908158,[0.20219062],[1.74626282e-01 1.00235055e-15],[3.20829739e-01 1.30256332e-53],600
K2-183,Gaia DR3 652007410271734912,0.040629156768399864,[7.30793503e-18],[2.23933091e-01 4.93380588e-26],[3.61433766e-01 8.62991775e-68],600
Kepler-156,Gaia DR3 2051105410816218368,0.5808836788102777,[0.69454783],[1.42961246e-01 7.35093026e-11],[3.20985014e-01 2.68353631e-53],600
HD 99283,Gaia DR3 844058831415683712,0.4366252687579015,[0.23446851],[1.61094600e-01 1.66775292e-13],[3.0356215e-01 1.9764606e-47],600
TOI-4184,Gaia DR3 4620574887039870720,0.3166734853205899,[0.2309056],[1.34425821e-01 1.54190618e-09],[3.29222128e-01 4.07359142e-56],600
HD 106515 A,Gaia DR3 3584074376569429248,1.238581546476137,[0.72706983],[1.69794280e-01 4.61009657e-15],[3.35765954e-01 2.59844145e-58],600
TOI-2010,Gaia DR3 2136815881249993600,2.387298921811032,[0.92495014],[1.81980018e-01 3.18919193e-17],[3.21758240e-01 8.02402476e-53],600
Kepler-140,Gaia DR3 2130443730330509312,0.6175544839867806,[0.51465106],[2.13380923e-01 1.70385312e-23],[3.31418047e-01 1.37661639e-56],600
Kepler-552,Gaia DR3 2129500383713365248,2.3848725961762476,[0.96814099],[2.14365837e-01 1.24927823e-23],[3.24279851e-01 1.14687216e-53],600
ups Leo,Gaia DR3 3794167001116704000,1.6747165164772302,[0.93043595],[1.85198984e-01 1.12343625e-17],[3.14262214e-01 2.55615455e-51],600
HD 179949,Gaia DR3 6770313530317154560,5.363117644160373,[0.97950114],[1.69537451e-01 4.29327532e-15],[3.20263447e-01 8.82248766e-53],600
TOI-2095,Gaia DR3 2268372099615724288,0.20638986552998945,[0.0055864],[1.79732989e-01 8.28575318e-17],[3.46324741e-01 3.18672142e-62],600
K2-190,Gaia DR3 3607243530404017280,0.1954981105633759,[0.01040802],[1.73333685e-01 1.17548314e-15],[3.24071592e-01 1.67127619e-53],600
HAT-P-51,Gaia DR3 316706322857704960,1.498507514372859,[0.9482734],[2.22615214e-01 8.97936960e-26],[3.58345127e-01 8.37544635e-66],600
HD 145377,Gaia DR3 6042491773948918656,2.5613391574317115,[0.94872262],[1.46766302e-01 2.59827785e-11],[3.31611553e-01 7.50763477e-57],600
Kepler-323,Gaia DR3 2052582432887909376,0.457898903183764,[0.54133906],[1.57259728e-01 9.79438432e-13],[3.12172123e-01 3.39256257e-50],600
HAT-P-37,Gaia DR3 2133946843094378752,4.708414216120873,[0.98694922],[2.03072002e-01 6.10998059e-21],[3.12489657e-01 1.46770588e-50],600
HD 108874,Gaia DR3 3958951942642583936,0.29501331969491273,[0.13076918],[1.62454567e-01 9.47073961e-14],[3.30093056e-01 2.53746484e-56],600
HD 48265,Gaia DR3 5551551998119947648,2.698822285185525,[0.87492235],[1.48517163e-01 1.77368539e-11],[3.23929919e-01 2.17089473e-54],600
HD 206893,Gaia DR3 6843672087120107264,4.48288498551023,[0.98326717],[1.59039305e-01 3.97407679e-13],[3.21442737e-01 1.52130100e-53],600
HD 177565,Gaia DR3 6718894388002453120,0.3146557759600127,[0.15265041],[1.47713653e-01 2.04816025e-11],[3.17228779e-01 7.36010260e-52],600
KOI-3680,Gaia DR3 2126518783059463168,0.06630872182695459,[3.30279449e-06],[2.20937844e-01 3.22919355e-25],[3.31391938e-01 4.33726779e-56],600
HD 233604,Gaia DR3 1023492257121204352,0.09884589491538667,[5.09672802e-07],[2.64397556e-01 1.51293920e-10],[3.65226935e-01 7.06465200e-20],170
TOI-3714,Gaia DR3 178924390478792320,2.203197542854087,[0.9128948],[1.57735730e-01 5.25377518e-13],[3.25608855e-01 2.64550996e-54],600
TOI-2427,Gaia DR3 5055663973297050624,2.0965064177309625,[0.94299414],[1.54044163e-01 2.11467714e-12],[3.26328320e-01 5.05894542e-55],600
TOI-1294,Gaia DR3 1695343683312903168,0.02878175668763843,[5.28184257e-08],[2.01706018e-01 7.67283716e-21],[3.24625035e-01 8.15485556e-55],600
Kepler-1050,Gaia DR3 2143749504651818368,5.753002218656893,[0.99854475],[2.07115829e-01 4.12383364e-22],[3.36576516e-01 6.67154925e-59],600
TOI-1249,Gaia DR3 1678371724905519744,1.2712285379076949,[0.75916269],[1.5735671e-01 5.2024240e-13],[3.29486470e-01 5.14796185e-56],600
HAT-P-8,Gaia DR3 1891507552826485632,0.4889219655863165,[0.23401471],[2.00641372e-01 7.76015239e-21],[3.38982988e-01 2.35571733e-59],600
Kepler-1152,Gaia DR3 2126870351901388672,3.4752134946518485,[0.95253525],[1.77024701e-01 2.74457622e-16],[3.11080396e-01 1.39233228e-49],600
Kepler-1505,Gaia DR3 2101689061725421312,0.5813743540685439,[0.54090084],[1.72317199e-01 2.54112350e-15],[3.20117263e-01 3.45739434e-53],600
Kepler-981,Gaia DR3 2127914132032810112,1.6798986576747235,[0.9720923],[2.13361413e-01 2.26747290e-23],[3.38940318e-01 1.00547873e-58],600
Kepler-118,Gaia DR3 2075162656527684864,0.19364444994303634,[0.02445261],[1.92618762e-01 3.68032971e-19],[3.19853513e-01 6.45275657e-53],600
Kepler-882,Gaia DR3 2077988401397704320,0.06647355891267864,[0.00011055],[1.77845276e-01 2.68285910e-16],[3.10588834e-01 5.04272972e-50],600
NGTS-33,Gaia DR3 5590415817155428224,10.840668370767116,[0.98076546],[1.5850576e-01 6.5512449e-13],[3.22419195e-01 8.78228170e-54],600
Kepler-984,Gaia DR3 2080314315164334464,2.6335504680382953,[0.97453599],[2.15492771e-01 4.86073602e-24],[3.23898741e-01 1.91008223e-53],600
HIP 5158,Gaia DR3 2351405057377686272,1.2699160068157502,[0.79853503],[1.61309163e-01 1.70841286e-13],[3.38878908e-01 6.59400497e-59],600
HD 108341,Gaia DR3 5842782219960409728,0.22576982598869907,[0.11083682],[1.34742802e-01 1.20672890e-09],[3.11603708e-01 9.42925869e-50],600
Kepler-197,Gaia DR3 2135179533070399232,0.022667648728593278,[8.56485536e-08],[1.96299632e-01 9.39187218e-20],[3.26355270e-01 3.98088084e-55],600
Kepler-333,Gaia DR3 2053581167404822272,1.6148461100454037,[0.8932961],[1.31750729e-01 4.20215277e-09],[3.19622894e-01 4.11741893e-53],600
Kepler-1005,Gaia DR3 2105663727538050688,0.06671080704558399,[9.90334889e-06],[2.03569813e-01 1.92684580e-21],[3.32254796e-01 8.82699958e-57],600
Kepler-1274,Gaia DR3 2107342716152550272,4.078587989947863,[0.9867668],[2.33962321e-01 4.07459646e-28],[3.28459084e-01 7.48882970e-56],600
TOI-674,Gaia DR3 5400949450924312576,8.03969914508049,[0.987629],[1.55773522e-01 8.04494459e-13],[3.30988950e-01 6.30698784e-57],600
WASP-181,Gaia DR3 2512413932376364288,1.8827485560091615,[0.9672187],[2.55059750e-01 3.52757079e-33],[3.52881732e-01 1.51873687e-64],600
K2-25,Gaia DR3 3311804515502788352,4851.9844591858755,1.0,[1.44563087e-01 8.01896023e-11],[3.29552573e-01 7.62534371e-56],600
Kepler-452,Gaia DR3 2079597124345617280,1.2114493518618097,[0.938044],[1.89833418e-01 1.98056108e-18],[3.02469466e-01 2.49633989e-47],600
HAT-P-3,Gaia DR3 1510191594552968832,2.9331843275188576,[0.97934984],[1.80352345e-01 6.80815913e-17],[3.31960182e-01 5.67144946e-57],600
HD 209458,Gaia DR3 1779546757669063552,3.814813470336458,[0.96161355],[1.77273746e-01 2.63666146e-16],[3.25626266e-01 1.35956194e-54],600
18 Del,Gaia DR3 1756741374681702784,1.9251434563600995,[0.92010158],[1.71144327e-01 3.39856099e-15],[3.35367195e-01 7.18920786e-58],600
TOI-2545,Gaia DR3 5762607889340459008,2.5495627519001935,[0.9829722],[1.94171431e-01 1.24543229e-19],[3.34884276e-01 3.36073334e-58],600
DE CVn,Gaia DR3 1550299304833675392,0.0020689941946092447,[7.15327467e-12],[1.64044954e-01 5.16512711e-14],[3.02150472e-01 5.51106534e-47],600
Kepler-809,Gaia DR3 2130951464184187392,1.125837547311292,[0.88757029],[2.14616325e-01 1.63789082e-22],[3.51305975e-01 1.18452142e-59],569
TOI-622,Gaia DR3 5516690878153930240,1.9048479763563262,[0.80928821],[1.22779738e-01 6.39475570e-08],[3.06122246e-01 1.41168130e-48],600
HD 149026,Gaia DR3 1331356474971716992,1.6917445927711101,[0.92642349],[1.69109860e-01 7.62157396e-15],[3.05131759e-01 6.28142752e-48],600
HD 27894,Gaia DR3 4678605152248591488,0.060510871472394125,[0.00065845],[1.59277841e-01 4.69638439e-13],[3.15732018e-01 1.87830209e-51],600
Kepler-151,Gaia DR3 2053585732948605952,1.6155410230760425,[0.96032207],[1.94791388e-01 1.37341043e-19],[3.23117760e-01 2.27440693e-53],600
HD 204313,Gaia DR3 6828450688663428224,0.34416070177620617,[0.3073656],[1.73208270e-01 1.77735611e-15],[3.16260891e-01 4.28734406e-51],600
K2-85,Gaia DR3 49784688211974144,0.1727533588443886,[0.05372111],[1.52689326e-01 4.54812117e-12],[3.32532904e-01 7.06241929e-57],600
Kepler-1201,Gaia DR3 2076579445968420736,0.09541402584482495,[5.35268278e-05],[2.26324070e-01 8.40815152e-19],[3.39421394e-01 1.18776061e-42],427
HD 117207,Gaia DR3 6166183842771027328,10.100195021463422,[0.97877683],[1.59575050e-01 2.52320929e-13],[3.54481333e-01 2.27137232e-65],600
HD 40956,Gaia DR3 1008018211509401728,1.4970661052450036,[0.93248829],[1.89694292e-01 1.95810311e-18],[3.17573275e-01 1.95224636e-51],600
TOI-5726,Gaia DR3 1097091022864217472,1.0818648533810344,[0.79459583],[1.87014629e-01 3.85468246e-18],[3.24676578e-01 1.20611521e-54],600
HD 18438,Gaia DR3 567664766657362304,0.2456188787401912,[0.01840675],[1.78394441e-01 2.42969653e-16],[3.41344579e-01 1.63382703e-60],600
K2-202,Gaia DR3 4078733014274957184,0.9793226988432362,[0.85510624],[1.46523948e-01 3.81837961e-11],[3.40461453e-01 1.66720710e-60],600
Kepler-589,Gaia DR3 2119809116425132160,0.14326800961799063,[0.00104823],[2.27236121e-01 1.03464306e-26],[3.18778609e-01 1.82274557e-52],600
EPIC 220492298,Gaia DR3 2576563907506735232,1.0918911474672466,[0.78561084],[2.50355425e-01 2.15139664e-25],[3.45373256e-01 3.94878474e-48],466
Kepler-883,Gaia DR3 2133609705341815680,0.14329953404166432,[0.00065969],[2.27504652e-01 7.26074853e-27],[3.49198799e-01 4.58261138e-63],600
Kepler-964,Gaia DR3 2076589960045421184,9.0914025327683,[0.9859838],[1.61093529e-01 1.15770349e-13],[3.31219703e-01 6.55726656e-57],600
Qatar 2,Gaia DR3 3620030644476623616,0.5127740043377933,[0.21956082],[1.94945280e-01 1.18575696e-19],[3.24786227e-01 2.11620416e-54],600
Kepler-654,Gaia DR3 2080353416547448320,0.44289957982237266,[0.2521489],[2.33884546e-01 3.40789537e-28],[3.38853981e-01 4.19849037e-59],600
Kepler-121,Gaia DR3 2100654421280638976,0.628882688740677,[0.62355406],[1.96023328e-01 9.12412980e-20],[3.17379657e-01 8.06042647e-52],600
Kepler-95,Gaia DR3 2106705269988803072,0.33789782444478234,[0.14380934],[2.01309882e-01 4.07810111e-21],[3.43398704e-01 3.73789792e-61],600
HIP 75092,Gaia DR3 6214741299913205888,0.13673478735401023,[0.02105325],[1.39862882e-01 2.82722487e-10],[3.12487736e-01 2.19174177e-50],600
Kepler-1665,Gaia DR3 2101773689759891328,0.28456140073405767,[0.23995976],[1.35492872e-01 1.14427723e-09],[3.15846642e-01 1.72125308e-51],600
Kepler-888,Gaia DR3 2134932314753757312,0.5913767387218497,[0.38436328],[2.29511258e-01 3.35959872e-27],[3.39772456e-01 5.10334200e-59],600
TOI-1759,Gaia DR3 2216420110788943744,0.14060446427369194,[0.00089531],[1.82579425e-01 3.45175339e-17],[3.39100543e-01 1.68857473e-59],600
Kepler-1601,Gaia DR3 2099912182214036608,0.24115272445285654,[0.01490682],[2.17160681e-01 1.71167692e-24],[3.43484987e-01 9.17568306e-61],600
HD 70573,Gaia DR3 3090083696499829376,7.4935632447437035,[0.98164958],[1.84535005e-01 1.13648712e-17],[3.39871502e-01 8.93667289e-60],600
K2-197,Gaia DR3 3630460126445437440,1.3745032060612543,[0.86188876],[1.96355322e-01 6.20574418e-20],[3.34478077e-01 9.32124397e-58],600
HAT-P-39,Gaia DR3 3169391577586325120,2.519874477863725,[0.97142047],[2.32343017e-01 5.74191102e-28],[3.30304179e-01 6.56232522e-56],600
GJ 685,Gaia DR3 1439069444391326208,1.068204087920283,[0.68300973],[1.66332114e-01 1.80833041e-14],[3.14730394e-01 2.68167057e-51],600
WASP-29,Gaia DR3 6534414719318886144,1.0710245836057088,[0.81470698],[1.70650889e-01 2.74493845e-15],[3.12334718e-01 2.45933468e-50],600
Kepler-1891,Gaia DR3 2126892067256468736,1.9620435899399673,[0.93291601],[2.28833656e-01 4.36363146e-27],[3.28154857e-01 1.19005750e-55],600
Kepler-165,Gaia DR3 2119814820141727232,0.22079692460734018,[0.00422554],[2.23448196e-01 7.81319523e-26],[3.37723674e-01 8.37138422e-59],600
WASP-6,Gaia DR3 2385171398768647552,1.7654012608532665,[0.97028685],[2.06461237e-01 5.66649767e-22],[3.16951039e-01 1.37295812e-51],600
HD 285968,Gaia DR3 3409711211681795584,0.5322474795577793,[0.49448178],[1.62969093e-01 1.01746888e-13],[3.12883435e-01 1.08974314e-50],600
Kepler-134,Gaia DR3 2132215421518219392,2.2457678838718,[0.9807487],[2.18016765e-01 2.15565354e-24],[3.32555913e-01 1.41556707e-57],600
K2-81,Gaia DR3 39738656627501056,0.8494344772135279,[0.81089221],[1.72607531e-01 2.00644329e-15],[3.19030813e-01 2.80511418e-52],600
TIC 279401253,Gaia DR3 5110565749968529024,0.7248109639115623,[0.79507564],[2.06508745e-01 4.66134640e-22],[3.39005808e-01 3.70727524e-59],600
WASP-3,Gaia DR3 2095108312831835648,2.362524440264749,[0.9676098],[1.56182554e-01 7.26780836e-13],[3.05269021e-01 5.68054413e-48],600
HD 47366,Gaia DR3 2951804033248308480,0.7681592247262585,[0.66803647],[1.58859286e-01 3.83705356e-13],[3.31115318e-01 2.19649913e-56],600
K2-319,Gaia DR3 3811688440459523200,3.8266620692109874,[0.99057967],[1.92202883e-01 3.05832536e-19],[3.34085118e-01 2.57715271e-58],600
Kepler-1928,Gaia DR3 2052827207364859264,5.678369026651841,[0.98670424],[1.27362063e-01 1.55881715e-08],[3.23457685e-01 2.53877037e-54],600
HD 206610,Gaia DR3 2667434008056899712,1.8334619530069889,[0.98006035],[1.91396144e-01 9.22614175e-19],[3.18637893e-01 7.18262589e-53],600
K2-148,Gaia DR3 2536443724641751808,2.1360452408718755,[0.964482],[1.76042683e-01 5.28886111e-16],[3.23927530e-01 9.79967569e-54],600
GJ 3779,Gaia DR3 1446540213584440704,0.1889716763049789,[0.01141983],[1.71039266e-01 3.15034041e-15],[3.43755426e-01 3.53453398e-61],600
Kepler-509,Gaia DR3 2129495057954829952,3.2637657231625936,[0.9760646],[1.85676877e-01 6.92031648e-18],[3.23378138e-01 5.14031838e-54],600
HD 27969,Gaia DR3 228532602782156288,0.4119238299910899,[0.02661733],[1.68317056e-01 2.44927952e-14],[3.07129748e-01 1.19278012e-48],600
HATS-12,Gaia DR3 4083840142695803520,3.689705938557383,[0.99285032],[2.12077955e-01 5.15448807e-23],[3.22657996e-01 4.01569748e-53],600
Kepler-1749,Gaia DR3 2127463224886292224,1.0290761870140133,[0.66786507],[1.67352307e-01 1.14602217e-14],[3.15408875e-01 4.42460777e-51],600
HAT-P-1,Gaia DR3 1928431764627661440,0.5889280095539151,[0.47994413],[1.72968858e-01 1.13790948e-15],[3.37299472e-01 1.18395954e-58],600
TOI-1694,Gaia DR3 1104269596843209472,0.7234111479594989,[0.4344641],[2.12221351e-01 2.78117519e-23],[3.30151020e-01 4.73807195e-56],600
K2-403,Gaia DR3 3867810120985878272,3.0160264760992668,[0.97970905],[1.99562716e-01 2.08863192e-20],[3.14386343e-01 2.84635990e-51],600
BD+20 2184,Gaia DR3 661424074528836480,106752.40322262704,1.0,[1.00771136e-01 3.03565189e-05],[3.06480515e-01 2.82759703e-48],600
WASP-182,Gaia DR3 6677909439240233472,1.0058254835375728,[0.67582646],[2.49010555e-01 7.66975012e-32],[3.32265782e-01 2.71623222e-56],600
TOI-1630,Gaia DR3 2233231540491361408,1.1054696907181567,[0.82447287],[1.90220252e-01 1.07825542e-18],[3.35698471e-01 5.49655761e-58],600
HD 154391,Gaia DR3 1438038102484626048,2.765741109828814,[0.96673673],[1.58610599e-01 4.20666093e-13],[3.19088115e-01 2.17932493e-52],600
HD 219415,Gaia DR3 2009255593080688640,0.06793032473968945,[1.45174451e-05],[2.08600575e-01 2.18145484e-22],[3.35697898e-01 2.74666845e-58],600
HAT-P-28,Gaia DR3 363702817083391232,0.20429723273293365,[0.01816901],[2.25360787e-01 5.23810756e-26],[3.33773869e-01 4.11416203e-57],600
HD 96167,Gaia DR3 3758718711877270784,7.086192390097023,[0.98541894],[1.62442854e-01 7.29510275e-14],[3.28677413e-01 9.80104456e-56],600
TOI-771,Gaia DR3 5229384714547758720,2.791360041968554,[0.92215998],[1.69794483e-01 7.33349739e-15],[3.26967083e-01 3.05288287e-55],600
TOI-954,Gaia DR3 4890874702443960832,1.8816391352311035,[0.98097529],[2.09240436e-01 1.74195548e-22],[3.26297919e-01 2.69205180e-55],600
Kepler-743,Gaia DR3 2077994272606400512,2.6990240771428984,[0.97156551],[1.64637929e-01 4.34434899e-14],[3.26331002e-01 7.81235993e-55],600
WASP-57,Gaia DR3 6340377202215639936,2.1678858446966105,[0.98958029],[2.28250597e-01 1.01383370e-26],[3.22202348e-01 3.01293996e-53],600
XO-5,Gaia DR3 920308932010648448,0.6055431045179637,[0.46976622],[2.09215707e-01 1.23795493e-22],[3.25140979e-01 1.03852258e-54],600
BD+48 738,Gaia DR3 438899345022759424,3.48467362603621,[0.98555013],[2.21952348e-01 1.71914875e-25],[3.46880247e-01 2.55091435e-62],600
WASP-140,Gaia DR3 5094154336332482304,1.7683966706004077,[0.93980441],[1.61396495e-01 1.41287748e-13],[3.35944143e-01 7.05292441e-59],600
Kepler-1513,Gaia DR3 2100959501399885696,0.3987284834113663,[0.40869804],[9.75963123e-02 3.60573109e-05],[3.03565853e-01 5.27646030e-48],600
K2-356,Gaia DR3 651370037123678080,0.8967028629168065,[0.5464896],[2.01255237e-01 5.34924016e-21],[3.45906170e-01 4.15798773e-61],600
TOI-5786,Gaia DR3 2032764938419327616,6.079739548833932,[0.99241472],[1.75969542e-01 6.17365526e-16],[3.05067373e-01 9.63225949e-48],600
TOI-1064,Gaia DR3 6683371847364921088,0.9393727299579981,[0.78597636],[1.65898302e-01 2.02635553e-14],[3.34361600e-01 1.28864543e-57],600
HD 72659,Gaia DR3 3073443760538892032,0.40841493311688143,[0.20272665],[1.63631772e-01 5.14692290e-14],[3.17752740e-01 2.15624242e-52],600
GJ 849,Gaia DR3 2627117287488522240,2.655763720700002,[0.94137044],[1.44445372e-01 6.76161850e-11],[3.17522288e-01 7.22875759e-52],600
Kepler-280,Gaia DR3 2101761079737564672,0.08974746728479976,[0.00011316],[2.02845473e-01 1.79877344e-21],[3.07507604e-01 1.09441236e-48],600
Kepler-551,Gaia DR3 2131523553827356544,3.585241111843341,[0.98659133],[1.77960012e-01 2.11291302e-16],[3.11168623e-01 1.79932189e-50],600
Kepler-69,Gaia DR3 2126436800722944000,0.2917745291802072,[0.04499782],[2.11267332e-01 2.85292663e-23],[3.26905359e-01 3.20572766e-55],600
WASP-11,Gaia DR3 123376685084303360,1.1658317373021907,[0.78144907],[1.20963144e-01 1.96765720e-07],[3.28163898e-01 1.83773254e-55],600
HD 192699,Gaia DR3 4246124829130366848,2.6811523326247793,[0.97661703],[1.56180681e-01 8.42583793e-13],[3.20142827e-01 9.68208470e-53],600
Kepler-1709,Gaia DR3 2105135854577044480,1.001814737159234,[0.82051691],[1.85078515e-01 1.26796600e-17],[3.21053342e-01 2.54478076e-53],600
Kepler-252,Gaia DR3 2079662785806103936,0.13820846921684,[0.01164503],[1.70203389e-01 3.69331395e-15],[3.24695597e-01 4.34481230e-54],600
KELT-14,Gaia DR3 5560886336446650240,3.116116555021222,[0.9479024],[1.30721469e-01 5.00206739e-09],[3.28545855e-01 3.59697232e-56],600
K2-115,Gaia DR3 650778499868023296,0.531146810976719,[0.0718005],[2.09509551e-01 9.79996287e-23],[3.40508144e-01 5.27773367e-60],600
Kepler-430,Gaia DR3 2129833810615727488,1.934998124669102,[0.96413009],[2.22751158e-01 1.02125333e-25],[3.17712946e-01 3.36151949e-52],600
K2-21,Gaia DR3 2596888100773300224,1.8910988577623653,[0.93770062],[1.50047788e-01 7.27677076e-12],[3.1996810e-01 1.3661477e-52],600
TOI-2211,Gaia DR3 6796762076358897408,0.6078232255405082,[0.35118976],[1.79589905e-01 1.06957683e-16],[3.08053885e-01 1.30785393e-48],600
Qatar 3,Gaia DR3 2878641361300809856,1.8684737833926874,[0.91081687],[2.20181363e-01 1.27946166e-22],[3.32788372e-01 1.94031375e-51],540
HD 5319,Gaia DR3 2537319343919089024,2.454939400088165,[0.96161542],[1.55721662e-01 1.21122936e-12],[3.37007115e-01 6.09230551e-58],600
Kepler-479,Gaia DR3 2052548107508601216,1.868142609293558,[0.88059567],[1.03539137e-01 9.16335265e-06],[3.24149011e-01 7.72162520e-55],600
WASP-24,Gaia DR3 1153682508388170112,3.3377152973029593,[0.95652026],[2.09563451e-01 1.04272567e-22],[3.43921270e-01 8.13827112e-61],600
TOI-2018,Gaia DR3 1272123859439770368,0.15861237362794037,[0.00968061],[1.68130041e-01 1.00003779e-14],[3.15287011e-01 1.16789988e-51],600
Kepler-1466,Gaia DR3 2126944603296783232,0.03910158827048103,[3.75741524e-06],[2.01898636e-01 3.62878290e-21],[3.35391970e-01 7.04638305e-58],600
Kepler-277,Gaia DR3 2100389610777053056,0.07246287690907645,[0.00011436],[2.25584902e-01 6.33691501e-26],[3.47262472e-01 4.98023773e-62],600
Kepler-1048,Gaia DR3 2104704815958848000,0.8947506206685242,[0.72330547],[2.26097140e-01 3.19914912e-26],[3.45082687e-01 7.11409685e-62],600
TYC 0434-04538-1,Gaia DR3 4468259369457276672,0.0008615626836970038,[3.36548427e-19],[1.98476195e-01 2.72225031e-20],[3.45706992e-01 5.36958281e-62],600
24 Sex,Gaia DR3 3830897080395058048,1.214974672457179,[0.75536401],[1.63787836e-01 6.01546368e-14],[3.30004708e-01 1.11426247e-56],600
HIP 67537,Gaia DR3 6114034246789494528,2.708130017432913,[0.91852846],[0.09401997 0.00011883],[3.11701251e-01 5.89203955e-50],600
Kepler-1235,Gaia DR3 2105848204973534592,0.04179433687281199,[1.55023818e-06],[2.12002317e-01 2.36317467e-23],[3.38145723e-01 1.19904457e-58],600
HIP 114933,Gaia DR3 2386410312150368256,2.892565448278008,[0.97431608],[1.80279524e-01 5.76887808e-17],[3.58501083e-01 1.14517277e-66],600
Kepler-533,Gaia DR3 2128970419109836160,1.5288156428939226,[0.93691225],[1.70716000e-01 4.53376442e-15],[3.12602674e-01 1.10336128e-50],600
Kepler-104,Gaia DR3 2102454253097554304,0.031807202854832864,[0.00012158],[1.61281693e-01 1.19668440e-13],[3.35067078e-01 9.16631414e-58],600
HD 42813,Gaia DR3 2993561629444856960,0.047321106428737804,[0.00063436],[1.38476488e-01 3.94387174e-10],[3.19838075e-01 2.29555257e-52],600
Kepler-1442,Gaia DR3 2129357580341124608,0.9845349453746199,[0.90235898],[2.35824500e-01 8.27444881e-29],[3.40918035e-01 1.83537777e-60],600
TOI-1244,Gaia DR3 1649087121757063040,0.3360616288788429,[0.13984273],[1.65888467e-01 3.16804213e-14],[3.15766204e-01 1.49218671e-51],600
HATS-8,Gaia DR3 6767008363999712512,1.3073898727545978,[0.95488124],[2.41846578e-01 3.42254670e-30],[3.23701790e-01 1.16766947e-53],600
Kepler-990,Gaia DR3 2086302805244921984,0.6243251936721683,[0.75526698],[2.10990680e-01 8.05762989e-23],[3.34660322e-01 5.07690924e-58],600
HD 222155,Gaia DR3 1943363751009454976,0.2170974059521373,[0.06106436],[1.60124628e-01 2.39767953e-13],[3.03813321e-01 1.36304078e-47],600
Kepler-1036,Gaia DR3 2134950078738454016,1.1079260773320665,[0.92835934],[1.88009078e-01 1.74224652e-18],[3.10971402e-01 6.84473490e-50],600
Kepler-1126,Gaia DR3 2106496607595412480,0.337702126278992,[0.05061145],[2.29611357e-01 4.38234262e-27],[3.33887737e-01 1.50325331e-57],600
ups And,Gaia DR3 348020482735930112,1.4342115567376381,[0.86848702],[1.57086692e-01 7.36690850e-13],[3.25501532e-01 1.20670027e-54],600
TOI-5542,Gaia DR3 6443054270942726144,0.08095282639581447,[2.97818017e-05],[2.21781284e-01 1.70264239e-25],[3.42198483e-01 1.43951971e-59],600
HD 85390,Gaia DR3 5406324138654973824,0.7855456004400162,[0.61455885],[1.59063062e-01 3.74390449e-13],[3.15151138e-01 5.37707504e-51],600
GJ 180,Gaia DR3 2979590513145784192,0.554339925450589,[0.63351072],[1.31487038e-01 5.41510497e-09],[3.08349442e-01 2.22135848e-49],600
K2-153,Gaia DR3 3700937760929835648,0.19665830398070586,[0.01294194],[1.75301884e-01 4.10197189e-16],[3.44011416e-01 8.44956685e-62],600
HD 235088,Gaia DR3 2089570519439964416,2.196952218252988,[0.96228514],[1.80271499e-01 7.52161906e-17],[3.26558957e-01 5.24652331e-55],600
LHS 1678,Gaia DR3 4864160624337973248,0.03420665050080679,[0.00011828],[1.50039245e-01 9.57547725e-12],[3.22536154e-01 1.51935976e-53],600
TOI-1772,Gaia DR3 749676822006222464,2.2262453157822804,[0.93743928],[1.71257139e-01 3.24877743e-15],[3.27822436e-01 5.81454681e-55],600
HR 8799,Gaia DR3 2832463659640297472,5.20232352084584,[0.94879866],[1.4787931e-01 1.4862751e-11],[3.07514012e-01 3.41492327e-49],600
Kepler-307,Gaia DR3 2073691303802278784,0.5283100240214373,[0.65841355],[1.64081186e-01 4.32983984e-14],[3.26218499e-01 2.86722668e-55],600
HAT-P-22,Gaia DR3 846946629987527168,0.17048709692907152,[0.01895041],[1.55620962e-01 1.13967322e-12],[3.29941422e-01 6.99866928e-56],600
HATS-27,Gaia DR3 6134228079203074176,2.915464367416651,[0.9968958],[2.25142299e-01 3.17721305e-26],[3.42384883e-01 4.23424157e-61],600
Kepler-1458,Gaia DR3 2104354690224334592,2.8575088845042917,[0.99071217],[2.43733942e-01 8.03723265e-31],[3.52867257e-01 1.99771788e-63],600
Kepler-1100,Gaia DR3 2126163675162475136,3.312139936437975,[0.99887228],[2.11444264e-01 4.48785002e-23],[3.08058415e-01 4.06949076e-49],600
Kepler-825,Gaia DR3 2076249351963553152,0.2940015212659389,[0.05898051],[2.09027526e-01 1.24353290e-22],[3.31034604e-01 4.59899450e-56],600
K2-380,Gaia DR3 4073600356552513280,1.2826603228006137,[0.94123871],[1.45561297e-01 3.30562767e-11],[3.21025755e-01 4.89800084e-53],600
Kepler-342,Gaia DR3 2128298617506651904,1.6984971790106251,[0.9505569],[2.26052603e-01 2.16616603e-26],[3.16788102e-01 5.56373959e-52],600
HD 5891,Gaia DR3 2788816827588309120,0.024979849324246354,[3.78836489e-09],[2.15781320e-01 5.06485328e-24],[3.40622661e-01 1.24582273e-59],600
TOI-270,Gaia DR3 4781196115469953024,0.7694085150592735,[0.64320673],[1.51133838e-01 5.95623517e-12],[3.09628548e-01 4.73304634e-50],600
HD 168746,Gaia DR3 4153637759337630720,5.685425691399338,[0.97609688],[1.76116325e-01 3.75497015e-16],[3.27217068e-01 4.83935480e-55],600
TOI-559,Gaia DR3 5057924844082070016,0.2306680418705901,[0.05267638],[2.02535016e-01 5.19336941e-21],[3.48043047e-01 1.22224674e-62],600
Kepler-15,Gaia DR3 2134850847813263360,1.4562866582981207,[0.97128979],[2.30457684e-01 1.45372139e-27],[3.39257355e-01 7.29916344e-60],600
TOI-815,Gaia DR3 5415648821879172096,3.8940926525028976,[0.97995895],[1.55519903e-01 1.30310873e-12],[3.30937126e-01 2.53225938e-56],600
HD 80883,Gaia DR3 5300239064919282816,1.5310070858192386,[0.944499],[1.52193498e-01 4.09483553e-12],[3.29172343e-01 1.28786243e-55],600
Kepler-1586,Gaia DR3 2079298435140815360,0.7752783735410522,[0.7380423],[1.96994491e-01 4.61992775e-20],[3.30246854e-01 2.10218325e-55],600
Kepler-152,Gaia DR3 2105435544515167232,0.5943307516917576,[0.4902746],[2.04611447e-01 1.07334698e-21],[3.40566006e-01 3.12323889e-60],600
Kepler-1385,Gaia DR3 2107492421531881856,2.8135859832803827,[0.97873627],[2.29530392e-01 2.17032392e-27],[3.28259056e-01 1.70429952e-55],600
Kepler-942,Gaia DR3 2078316296378319488,1.0099691525170793,[0.72338943],[1.43165944e-01 7.44955406e-11],[3.16247347e-01 1.26812541e-51],600
Kepler-1331,Gaia DR3 2076790552200353536,4.685882484733869,[0.99401113],[1.19687603e-01 1.55383090e-07],[2.96675038e-01 1.36502277e-45],600
Kepler-1055,Gaia DR3 2127020229079881856,2.9235263832778737,[0.99212595],[1.91534916e-01 5.16808878e-19],[3.32325787e-01 1.31208307e-56],600
LTT 1445 A,Gaia DR3 5153091836072107136,2.963093159310321,[0.95339319],[1.58097816e-01 5.62024203e-13],[3.16016842e-01 3.42471447e-51],600
TOI-1811,Gaia DR3 3962403923821595264,2.515408130087183,[0.97016849],[1.91748393e-01 4.04745122e-19],[3.16930048e-01 1.39506016e-51],600
HD 143105,Gaia DR3 1646538011423566464,0.4730004845927675,[0.09974762],[1.84848199e-01 1.06296344e-17],[3.09247606e-01 7.67037168e-50],600
HD 47186,Gaia DR3 2919760965880144384,1.1125535213305293,[0.71078835],[1.50508874e-01 8.50619510e-12],[3.14856257e-01 3.65586813e-51],600
K2-7,Gaia DR3 3803494845449564672,0.2514550559158098,[0.01187172],[2.65429871e-01 1.16709407e-16],[3.55676631e-01 1.74265815e-29],269
K2-212,Gaia DR3 2538824923230146560,0.09986395297553427,[0.00195396],[1.87224290e-01 4.04915819e-18],[3.29688904e-01 6.84254970e-56],600
HD 16175,Gaia DR3 340028235795364864,0.9445606635764633,[0.84061028],[1.57260905e-01 9.79021323e-13],[3.14308444e-01 1.52212880e-50],600
GJ 341,Gaia DR3 5299440441521812992,0.5626033799995569,[0.0726069],[1.87833389e-01 2.88674147e-18],[3.15336389e-01 2.53824520e-51],600
K2-136,Gaia DR3 145916050683920128,626.1241895895818,1.0,[1.41624348e-01 2.28343296e-10],[3.25378326e-01 2.54931717e-54],600
TOI-2977,Gaia DR3 5305241494923209856,3.8792117983082486,[0.96139564],[1.41661969e-01 1.50729089e-10],[3.05527002e-01 3.88513944e-48],600
Kepler-504,Gaia DR3 2107186134525176960,2.8118966435936987,[0.93199672],[1.41150158e-01 1.58213322e-10],[3.26562478e-01 6.51064709e-55],600
TOI-4515,Gaia DR3 289464440515102976,2.0439059074564425,[0.95215903],[1.69162895e-01 7.04595121e-15],[3.29277311e-01 7.59604274e-56],600
HD 68988,Gaia DR3 1090159839002347136,0.13674941959215914,[0.00396025],[1.75254478e-01 4.73421701e-16],[3.16463908e-01 2.08492002e-52],600
TOI-942,Gaia DR3 2974906868489280768,5.262868025563222,[0.99199336],[1.48649003e-01 1.24213428e-11],[3.22172460e-01 5.62543818e-54],600
Kepler-1773,Gaia DR3 2099957605786905344,3.7656768731602193,[0.99558609],[2.08382330e-01 2.89236608e-22],[3.46411069e-01 7.95175785e-62],600
TOI-2068,Gaia DR3 1581657479535392256,1.7416262866704622,[0.87302168],[1.69860324e-01 4.23683101e-15],[3.24277894e-01 5.62025831e-55],600
TOI-2274,Gaia DR3 2110345512468201344,6.914275659621181,[0.98810719],[1.86048561e-01 6.76560484e-18],[3.48820117e-01 4.92192672e-63],600
HD 102117,Gaia DR3 5341673851394297600,0.44006483121292733,[0.29158512],[1.53573935e-01 3.48867691e-12],[3.18795933e-01 2.21472799e-52],600
Kepler-1351,Gaia DR3 2077728538692850816,0.015436125329091119,[4.95098857e-07],[1.62103324e-01 9.73335787e-14],[3.01540776e-01 1.03165872e-46],600
Kepler-1572,Gaia DR3 2119147897620835840,0.4547015130688335,[0.15964292],[2.51263303e-01 2.08921761e-22],[3.18221825e-01 1.03823157e-35],413
TOI-125,Gaia DR3 4698692748651744128,0.042802609133819634,[2.2819347e-05],[1.79629666e-01 8.11035846e-17],[3.28493843e-01 1.76540766e-55],600
TOI-2524,Gaia DR3 3802583419029393152,0.4227902690480742,[0.15180982],[2.23507572e-01 1.02527953e-25],[3.53297244e-01 2.29486674e-64],600
Kepler-755,Gaia DR3 2076782889978499840,0.17422792152043673,[0.03970682],[1.57102327e-01 4.68584872e-13],[3.30109677e-01 7.65718697e-56],600
HD 75898,Gaia DR3 713135102814770432,4.895007831333895,[0.98085885],[1.76617908e-01 4.17673621e-16],[3.25241415e-01 1.48041081e-54],600
HAT-P-60,Gaia DR3 359678187913760384,0.7283064532551413,[0.46598015],[1.86213836e-01 7.24044586e-18],[3.27229137e-01 1.99171113e-55],600
HD 231701,Gaia DR3 4321678767076043264,0.41094500605937856,[0.17866471],[1.78257173e-01 1.27172254e-16],[3.17100507e-01 8.43358862e-53],600
EPIC 246851721,Gaia DR3 3393939030531019520,1.9130032664553176,[0.97164156],[1.51823751e-01 5.12155396e-12],[3.00520028e-01 1.02916499e-46],600
K2-260,Gaia DR3 3394923127797114496,4.730296352613718,[0.9941057],[2.12715291e-01 1.65050962e-23],[3.26148198e-01 4.15180986e-54],600
Kepler-906,Gaia DR3 2053438127812903296,0.7442659986479833,[0.83070655],[2.07968867e-01 3.53652963e-22],[3.25526511e-01 2.82122729e-54],600
NGTS-20,Gaia DR3 5078704372599743104,3.292820265274461,[0.99431165],[2.22854251e-01 7.91086533e-26],[3.44586702e-01 6.63098153e-62],600
TOI-2019,Gaia DR3 1402405129651594624,1.0748161059536752,[0.88717391],[2.29178619e-01 4.97771474e-27],[3.33650012e-01 9.17867186e-58],600
TOI-544,Gaia DR3 3220926542276901888,3.2540605553225244,[0.94072495],[1.13719893e-01 7.06771509e-07],[3.32150837e-01 1.20315772e-56],600
HATS-9,Gaia DR3 4083159643769233408,1.4109447149365084,[0.95801188],[1.99589152e-01 2.62584496e-20],[3.45721837e-01 1.41764105e-61],600
Kepler-1166,Gaia DR3 2133173542823321344,1.1455701579160897,[0.92717473],[2.21931522e-01 1.92011299e-25],[3.39270024e-01 1.46835556e-59],600
TOI-5799,Gaia DR3 1807887150930343424,0.20518432781997598,[0.01006349],[1.70778392e-01 3.29763383e-15],[3.35083946e-01 9.04205642e-58],600
Kepler-607,Gaia DR3 2126248505058677120,0.5536513286880095,[0.45371849],[1.89682603e-01 7.66459534e-19],[3.19640763e-01 6.17088007e-53],600
WASP-82,Gaia DR3 3231856379348299008,0.5524939312449074,[0.47804057],[1.58343481e-01 6.94980710e-13],[3.16697853e-01 5.70566745e-51],600
Kepler-1800,Gaia DR3 2073686523494136192,0.012159872583833527,[0.00069519],[1.09751187e-01 1.77771918e-06],[3.34432813e-01 1.21652534e-57],600
Kepler-1092,Gaia DR3 2086320878467532032,0.17004991548942067,[0.00125431],[2.19970296e-01 4.97344039e-18],[3.25147706e-01 2.81389366e-39],431
Kepler-462,Gaia DR3 2075998903831657472,3.248457344012275,[0.98831933],[1.90219381e-01 9.32218470e-19],[3.29089889e-01 5.65364240e-56],600
55 Cnc,Gaia DR3 704967037090946688,5.753705712095365,[0.98921633],[1.65498819e-01 4.34157275e-14],[3.14381473e-01 1.17701406e-50],600
HD 200964,Gaia DR3 1732018855730384256,0.16625829367487543,[0.00550092],[1.67129680e-01 1.56636784e-14],[3.31780027e-01 1.61829681e-56],600
TOI-1181,Gaia DR3 2241587416547315584,3.3189160635601525,[0.94413821],[1.87053278e-01 4.36397236e-18],[3.17190973e-01 4.08379832e-52],600
Kepler-1358,Gaia DR3 2105558930336570496,1.9503937278013421,[0.9925307],[2.12967242e-01 2.76068516e-23],[3.35530316e-01 2.49872419e-58],600
Kepler-1661,Gaia DR3 2104078025612319360,0.588557603075316,[0.45422068],[1.89448808e-01 1.41306053e-18],[3.15447572e-01 6.45740734e-51],600
GJ 433,Gaia DR3 3478160727866058368,1.0996724989914115,[0.88166671],[1.60389928e-01 1.67647149e-13],[3.22289902e-01 3.48342295e-53],600
HD 136925,Gaia DR3 1170797781264303616,0.7544408068518952,[0.38217364],[1.77071563e-01 3.05410299e-16],[3.34483271e-01 5.82964435e-57],600
K2-222,Gaia DR3 2584093844170270720,0.2591153020739912,[0.14674413],[1.53255692e-01 2.94074589e-12],[3.16496632e-01 4.40462471e-51],600
TOI-251,Gaia DR3 6539037542941988736,2.9822253726006585,[0.98188686],[1.77206697e-01 2.38887017e-16],[3.25695356e-01 6.70667981e-55],600
K2-192,Gaia DR3 3613467311677116160,2.065466506882292,[0.96700551],[2.04954049e-01 7.05272622e-22],[3.42711237e-01 2.22169611e-60],600
HIP 109600,Gaia DR3 1894962115280642688,0.09562420220139452,[0.00037123],[2.00474086e-01 6.58379301e-21],[3.04433319e-01 1.84784618e-47],600
WASP-22,Gaia DR3 5086537022856406272,2.2255068554125765,[0.9657548],[2.30729961e-01 2.66212075e-27],[3.4443312e-01 2.5566617e-61],600
HD 152581,Gaia DR3 4448227641977175296,2.5835514447610635,[0.96713744],[1.69903139e-01 6.25555385e-15],[3.21223236e-01 2.22995499e-53],600
HD 125595,Gaia DR3 6104435819513399168,0.16182268738711547,[0.01603576],[1.54061791e-01 1.91003454e-12],[3.25100994e-01 1.07176462e-54],600
HIP 65426,Gaia DR3 6070080754075553792,243.65733262969871,1.0,[0.08648072 0.00060696],[3.10413666e-01 4.72349099e-50],600
Kepler-1240,Gaia DR3 2103567611698320896,0.35146291066249896,[0.10980627],[2.35446119e-01 1.14439319e-28],[3.58273181e-01 3.09336132e-66],600
K2-369,Gaia DR3 2616766622463761024,2.339186776242748,[0.97636673],[2.39685619e-01 2.10467110e-29],[3.25647701e-01 3.18967121e-54],600
Kepler-634,Gaia DR3 2101507470508342016,0.3444749239003792,[0.13822966],[2.14618971e-01 1.09980397e-23],[3.36214039e-01 4.56245270e-58],600
TOI-1201,Gaia DR3 5157183324996790272,6.853546986337718,[0.93633054],[1.26575537e-01 2.70659988e-08],[3.02533345e-01 4.17515899e-47],600
Kepler-793,Gaia DR3 2052144621107902208,0.0031765467390369863,[9.54641155e-12],[1.87687012e-01 3.30541703e-18],[3.57660582e-01 2.56642062e-65],600
Kepler-999,Gaia DR3 2085286890863482752,0.5929182252189873,[0.72414613],[1.89085997e-01 2.21465209e-18],[3.24602603e-01 3.76421855e-54],600
GJ 724,Gaia DR3 4105386688016878336,0.7365349429922907,[0.55376361],[1.44814887e-01 5.49110545e-11],[3.27337367e-01 2.27686861e-55],600
Kepler-1485,Gaia DR3 2079295514562689280,2.1212439323465384,[0.97345641],[2.19558720e-01 7.29481601e-25],[3.32989125e-01 1.56922302e-57],600
GJ 9066,Gaia DR3 76868614540049408,0.34667266615981096,[0.05613585],[1.77311675e-01 3.56230222e-16],[3.17037593e-01 2.38316158e-51],600
TOI-615,Gaia DR3 5524780333100885888,0.9000052235299564,[0.74811109],[1.66003039e-01 2.17334500e-14],[3.20555436e-01 1.30764254e-53],600
WASP-36,Gaia DR3 5750936092375254016,3.0145204253577393,[0.95746863],[2.04927464e-01 7.77665913e-22],[3.45030613e-01 9.49559677e-62],600
Kepler-625,Gaia DR3 2053177406120368896,1.3954256620530898,[0.97160584],[2.09783927e-01 1.22088222e-22],[3.26798855e-01 6.72707812e-55],600
Kepler-631,Gaia DR3 2073719238270085504,1.6233998057905894,[0.95386488],[1.99760599e-01 1.17506852e-20],[3.32167660e-01 3.05114429e-57],600
HD 145457,Gaia DR3 1315900158983769472,0.7121884893860464,[0.72080594],[1.59447251e-01 3.24731297e-13],[3.38398600e-01 1.88012698e-59],600
HD 134987,Gaia DR3 6226694571859532800,0.22140416718118078,[0.01900372],[1.74654471e-01 7.75069578e-16],[3.25358001e-01 1.08731859e-54],600
K2-259,Gaia DR3 3700295641843380224,1.9327412749737107,[0.97628288],[2.47438694e-01 2.79999089e-31],[3.41127440e-01 5.09595005e-60],600
K2-163,Gaia DR3 3697972721667206144,0.29283922573966725,[0.03140727],[1.96767966e-01 4.74438108e-20],[3.37991735e-01 2.74810417e-58],600
Kepler-653,Gaia DR3 2119511080054847616,0.20764032400825128,[0.00611954],[2.25545272e-01 2.56234182e-26],[3.40062573e-01 9.67787851e-60],600
HD 142415,Gaia DR3 5833117718964892928,4.208778668521331,[0.96967672],[1.48189663e-01 1.98478232e-11],[3.32040981e-01 5.31426283e-57],600
GJ 86,Gaia DR3 4937000898856156288,0.03817712876923185,[0.00094663],[1.61331924e-01 2.31916070e-13],[3.05841336e-01 2.10380338e-48],600
Kepler-619,Gaia DR3 2129503235571760128,2.5069265589116276,[0.98797218],[2.18427107e-01 1.07879103e-24],[3.44908548e-01 4.56714299e-61],600
K2-169,Gaia DR3 2599322178998513664,1.0064183331390943,[0.79890232],[2.17451191e-01 2.87715728e-24],[3.40915310e-01 2.54555596e-59],600
Kepler-1991,Gaia DR3 2106371744306291328,1.0472506595977134,[0.83112892],[2.59999546e-01 8.90074920e-35],[3.28662963e-01 3.74595710e-55],600
HIP 9618,Gaia DR3 94468978202180352,0.03369310306135768,[0.00070734],[1.48868509e-01 1.87821081e-11],[3.18207699e-01 7.97257365e-52],600
HD 214823,Gaia DR3 1889143121789650176,1.3168106885704318,[0.93665693],[1.82836231e-01 3.09431890e-17],[3.17201092e-01 7.51748856e-52],600
HD 21520,Gaia DR3 4847732649308331648,1.1169808700389074,[0.83022013],[1.83864628e-01 2.28527256e-17],[3.36485809e-01 4.61784466e-58],600
HAT-P-36,Gaia DR3 1541532207133249920,1.9371596986462376,[0.97384413],[2.12649228e-01 1.55740876e-23],[3.47757999e-01 1.21318378e-62],600
K2-27,Gaia DR3 3798552815560689792,0.31879712292898715,[0.08189695],[1.77700275e-01 2.84848371e-16],[3.21265773e-01 1.17096999e-52],600
TOI-1301,Gaia DR3 2266490873877571712,0.9615162733566747,[0.72329673],[1.49565251e-01 8.62236684e-12],[3.33094938e-01 2.27107031e-57],600
TOI-1062,Gaia DR3 4632865331094140928,1.5413224093284161,[0.93741566],[1.66244484e-01 2.33754134e-14],[3.32932265e-01 1.64323094e-57],600
Kepler-782,Gaia DR3 2130920471701096576,0.3869888273982569,[0.24215292],[2.04919320e-01 2.15959458e-21],[3.29089734e-01 8.81718031e-56],600
BD-17 63,Gaia DR3 2367734656180397952,0.2273634289737738,[0.17434647],[1.41398583e-01 1.34485826e-10],[3.08629501e-01 4.77083773e-49],600
HD 25015,Gaia DR3 5094032153102626688,6.052794893956517,[0.97529101],[1.40192383e-01 3.76921752e-10],[3.12905830e-01 3.56411072e-50],600
Kepler-1271,Gaia DR3 2099073667159859840,1.7834688053102665,[0.97796046],[2.20865328e-01 8.14917241e-25],[3.36671505e-01 1.97606166e-58],600
TOI-172,Gaia DR3 6801474136516893184,0.09435451364811472,[1.56381005e-05],[2.44341059e-01 1.31682126e-30],[3.31125599e-01 4.27834439e-56],600
Qatar 10,Gaia DR3 2262322556576778752,2.974031593077656,[0.98386857],[2.34585598e-01 1.47989737e-28],[3.30958496e-01 5.16281966e-57],600
EPIC 228836835,Gaia DR3 3680103286893920768,0.3233736603260819,[0.07471814],[1.84165407e-01 1.16313921e-17],[3.45452245e-01 3.18762059e-62],600
Kepler-49,Gaia DR3 2053523271244105216,1.4579511854578935,[0.91696728],[1.56950619e-01 6.04396752e-13],[3.34596621e-01 1.68733995e-57],600
HATS-39,Gaia DR3 5605481703444311040,1.585284592585755,[0.9559137],[1.92134383e-01 4.24930500e-19],[3.29318466e-01 7.35152661e-56],600
HD 207832,Gaia DR3 6812056381881853056,1.1447229166744521,[0.80391703],[1.83618367e-01 1.93434748e-17],[3.22468890e-01 3.03358472e-53],600
K2-125,Gaia DR3 3606324613561098368,0.6007429356677275,[0.60286511],[1.68368323e-01 1.08043772e-14],[3.21842401e-01 1.70276737e-53],600
Kepler-431,Gaia DR3 2116862833283266432,2.885467926609757,[0.99615343],[2.12761266e-01 3.67337351e-23],[3.16324885e-01 1.19527060e-51],600
Kepler-1008,Gaia DR3 2079733154550359424,0.5047634500274321,[0.54209336],[1.50867235e-01 4.74935435e-12],[3.18570631e-01 6.04638646e-52],600
HD 19615,Gaia DR3 547375547309768064,0.16445649550082464,[0.00042297],[2.02566893e-01 3.11226192e-21],[3.39127753e-01 3.35453776e-59],600
Kepler-482,Gaia DR3 2086629463276947456,0.0298438556579386,[0.00010352],[1.68601991e-01 9.30963589e-15],[3.12453962e-01 4.99801184e-50],600
WASP-105,Gaia DR3 4917441922731087488,0.5755066650522653,[0.67364979],[2.07567457e-01 4.68784184e-22],[3.20739211e-01 4.95046504e-53],600
Kepler-1581,Gaia DR3 2100418850915010432,0.6893416340014052,[0.70157282],[2.10638784e-01 9.58314965e-23],[3.00683663e-01 2.30121569e-46],600
2MASS J02192210-3925225,Gaia DR3 4963614887043956096,34.89638336823935,[0.9933353],[1.58291673e-01 4.97680550e-13],[3.14883035e-01 3.58228485e-51],600
K2-223,Gaia DR3 3578046995560843520,1.730496234290973,[0.93703879],[1.88799482e-01 1.41367996e-18],[3.41347204e-01 4.24886877e-60],600
K2-100,Gaia DR3 664337230586013312,369498.7583503468,1.0,[1.26289555e-01 5.57235768e-08],[3.04558953e-01 7.90210758e-48],600
HD 158259,Gaia DR3 1416050859226670848,1.3754811027146214,[0.77820009],[1.77106749e-01 2.65268994e-16],[3.32268035e-01 5.55149925e-57],600
HATS-48 A,Gaia DR3 6638412919991750912,0.6924065867890866,[0.62898923],[2.00909408e-01 9.47104425e-21],[3.21365794e-01 8.77693820e-53],600
Kepler-1246,Gaia DR3 2131238230560301440,0.013125443922355665,[9.96203981e-11],[2.15562512e-01 6.83005716e-24],[3.43739741e-01 4.56607853e-61],600
HD 73267,Gaia DR3 5638825939745228544,0.9517421367400419,[0.7524602],[1.49269565e-01 9.56447002e-12],[3.15960458e-01 3.57405091e-51],600
HATS-28,Gaia DR3 6661242835829891584,1.173122182966302,[0.91402569],[2.17495705e-01 1.30875194e-24],[3.33366174e-01 1.15576849e-57],600
GJ 486,Gaia DR3 3735000631158990976,0.6414000726789809,[0.37717781],[1.52567910e-01 3.58475796e-12],[3.26978805e-01 7.26962159e-55],600
HD 62364,Gaia DR3 5214209564293214208,0.27215312746929177,[0.05569131],[1.71167225e-01 3.78927252e-15],[3.26121575e-01 3.09645538e-55],600
K2-128,Gaia DR3 3618386664139093504,3.6513935399486686,[0.98823829],[1.61698402e-01 1.55607692e-13],[3.33589118e-01 1.21189183e-57],600
Kepler-1769,Gaia DR3 2078083436127470080,1.973715086209304,[0.95973152],[1.88873985e-01 1.69682042e-18],[3.11304475e-01 2.41319480e-50],600
Kepler-221,Gaia DR3 2080344586094498432,2.3415926754818996,[0.97724374],[1.65429520e-01 2.17877776e-14],[3.42783374e-01 2.09281797e-60],600
K2-290,Gaia DR3 6253844468883543680,0.8930892133243667,[0.72460008],[1.86933397e-01 4.59894972e-18],[3.27518217e-01 1.97274137e-55],600
TOI-4406,Gaia DR3 4910452812646300544,1.1309806612492326,[0.91263236],[2.39051099e-01 1.06093877e-29],[3.44322390e-01 4.56763095e-61],600
Kepler-132,Gaia DR3 2104466256290759936,0.19399176980664803,[0.17149951],[1.50506173e-01 9.76049186e-12],[3.28412852e-01 4.00141349e-56],600
Kepler-379,Gaia DR3 2073167180357401984,6.45740453348784,[0.99725903],[1.87736169e-01 2.61382557e-18],[3.57346198e-01 5.33094944e-66],600
Kepler-390,Gaia DR3 2101638759069485568,0.011916517274458593,[8.13269745e-08],[1.88803095e-01 2.17232964e-18],[3.44361662e-01 1.30601031e-61],600
TOI-1685,Gaia DR3 252366608956186240,0.9383984781452605,[0.73963693],[1.43020718e-01 1.22932766e-10],[3.20407589e-01 2.75863294e-53],600
K2-4,Gaia DR3 3792100950048409344,3.0680486150650212,[0.98694435],[2.10530062e-01 1.01099003e-22],[3.32701092e-01 1.21987395e-56],600
Kepler-343,Gaia DR3 2125773279815846656,0.06019847150821783,[6.4716987e-05],[1.95200929e-01 7.75601321e-20],[3.28876175e-01 3.16749769e-55],600
HD 160691,Gaia DR3 5945941905576552064,7.801218693131255,[0.97045296],[1.76557943e-01 4.55835298e-16],[3.19260076e-01 3.57213616e-52],600
HIP 5763,Gaia DR3 2783854903410922496,0.7365309000218586,[0.68692535],[1.49680783e-01 1.35877093e-11],[2.92718645e-01 3.82757894e-44],600
TOI-500,Gaia DR3 5509620021956148736,0.17613650390278088,[0.00356224],[1.67706726e-01 1.39968620e-14],[3.29157136e-01 3.43568307e-56],600
WASP-7,Gaia DR3 6681720724498802176,2.51647657222984,[0.95688953],[1.92222494e-01 5.50198659e-19],[3.51320367e-01 1.60685155e-63],600
TOI-3362,Gaia DR3 5351820556994135296,5.728499270019009,[0.97795542],[1.46179624e-01 3.04190458e-11],[3.31242158e-01 3.11374133e-56],600
HD 142022 A,Gaia DR3 5768159705804908800,0.05629431481910551,[0.00013831],[1.65402690e-01 3.42009529e-14],[3.42539162e-01 1.58147583e-60],600
ROXs 42 B,Gaia DR3 6047587937321868288,396.94118141727176,1.0,[0.06642111 0.02316024],[3.03559405e-01 1.35902630e-47],600
Kepler-498,Gaia DR3 2126984220073270784,3.0057279817007716,[0.96882505],[2.31551063e-01 9.90246110e-28],[3.30991755e-01 1.83304515e-55],600
2MASS J22362452+4751425,Gaia DR3 1986772848034988544,6.27400715314901,[0.97794992],[1.62821700e-01 6.65542601e-14],[3.39736081e-01 3.27153752e-59],600
TIC 257060897,Gaia DR3 1697129530714536320,1.5822860348713361,[0.90229703],[2.01128481e-01 6.68839370e-21],[3.42648787e-01 1.13417932e-60],600
HD 115404 A,Gaia DR3 3936909723803146368,0.9520494736853358,[0.49132663],[1.78625244e-01 1.82124431e-16],[3.18961172e-01 4.48837203e-52],600
Kepler-885,Gaia DR3 2132686356093801472,1.6664319618592003,[0.98835714],[2.31107354e-01 1.01751864e-27],[3.40726614e-01 1.33588404e-60],600
Kepler-1046,Gaia DR3 2080369355161370240,2.475709254039846,[0.97713539],[2.24059512e-01 8.48385207e-26],[3.45778088e-01 1.72940242e-61],600
WASP-123,Gaia DR3 6756148659453907200,0.816335110574117,[0.73405166],[1.92107866e-01 4.99062895e-19],[3.34097263e-01 8.02389120e-58],600
Wolf 327,Gaia DR3 796185407950360192,3.5445438289528006,[0.96364844],[1.61454356e-01 1.53526902e-13],[3.45505912e-01 2.17143442e-61],600
K2-185,Gaia DR3 609508120464763264,1.8878897881896994,[0.93134264],[2.05305715e-01 9.90459552e-22],[3.31539909e-01 1.24860932e-56],600
Kepler-1833,Gaia DR3 2127402790405934464,3.0648075165396564,[0.97972571],[2.21163933e-01 3.16795441e-25],[3.38077782e-01 4.95455725e-59],600
NGTS-9,Gaia DR3 5678340222972504832,2.417910570039874,[0.96007376],[2.00422198e-01 6.74777223e-21],[3.41984254e-01 7.53471626e-61],600
TOI-3912,Gaia DR3 1255520718461480960,2.517199961130902,[0.96029853],[2.7362585e-01 4.5317596e-38],[3.30517160e-01 1.69943529e-55],600
Kepler-1435,Gaia DR3 2126632994828732032,2.5298003212469107,[0.99463964],[2.1407085e-01 9.1194489e-24],[3.39884712e-01 2.69765655e-60],600
HD 22532,Gaia DR3 4832768399133598080,1.1995122717401938,[0.96962887],[1.90810204e-01 9.59900714e-19],[3.23824738e-01 4.49306572e-54],600
NGTS-16,Gaia DR3 4886825544715697792,1.3505183524211728,[0.98822388],[3.14274459e-01 1.53568027e-09],[3.29161982e-01 2.39946708e-10],107
K2-64,Gaia DR3 2613822710144971776,0.05995629558003999,[6.11102626e-07],[2.59828293e-01 1.30148101e-34],[3.49570844e-01 4.29395117e-63],600
HD 122562,Gaia DR3 1247279294695975168,0.6687228977894779,[0.41078003],[1.61423905e-01 1.32694353e-13],[3.28459721e-01 7.48503348e-56],600
K2-291,Gaia DR3 3409148746676599168,0.6614494404525948,[0.68716313],[1.49436342e-01 1.41322704e-11],[2.96116931e-01 8.51309371e-45],600
TOI-1994,Gaia DR3 5405557504184474496,1.3452862537548498,[0.79608364],[1.16056249e-01 3.15643154e-07],[3.37640950e-01 5.60764932e-59],600
ROXs 12,Gaia DR3 6048935358761628288,5682.849273167055,1.0,[0.05602809 0.07494262],[2.90749509e-01 3.01935341e-43],600
Kepler-1804,Gaia DR3 2081919842663938688,2.860064179436714,[0.99340755],[1.84204142e-01 8.70044238e-18],[3.29227355e-01 4.05661461e-56],600
TOI-1135,Gaia DR3 1726858366624544640,3.3837745008858446,[0.98048189],[1.77358479e-01 1.97569169e-16],[3.29626570e-01 3.68415203e-56],600
TOI-7041,Gaia DR3 6522218077351129216,1.33001255160277,[0.93697833],[1.97093207e-01 7.63963593e-20],[3.27294647e-01 7.06357359e-55],600
TOI-4364,Gaia DR3 3210444215030339584,44.079752045698534,[0.99044384],[1.46900599e-01 3.82864023e-11],[3.11548711e-01 6.60429792e-50],600
Kepler-180,Gaia DR3 2134933208106983168,0.927422753028592,[0.91885219],[2.19435584e-01 7.77477102e-25],[3.46519377e-01 5.67124986e-62],600
GJ 143,Gaia DR3 4673947174316727040,0.28072875549248655,[0.10661014],[1.52011526e-01 5.50987109e-12],[3.04511279e-01 9.88984510e-48],600
Kepler-387,Gaia DR3 2130255885640736768,0.11961694886629803,[0.00027045],[2.18799873e-01 4.51825501e-25],[3.31228887e-01 3.94127247e-56],600
Kepler-547,Gaia DR3 2106279179170588288,0.7681806642660981,[0.5795438],[1.70474233e-01 4.99014000e-15],[3.25790275e-01 1.19523460e-54],600
TOI-1052,Gaia DR3 6357524189130820992,0.42945227721524837,[0.14908588],[1.79944718e-01 1.55284375e-16],[3.07572200e-01 1.86392329e-48],600
Kepler-1327,Gaia DR3 2133108190601426176,0.44796916166977446,[0.22533053],[2.42307158e-01 2.62688753e-30],[3.46224616e-01 2.71028738e-62],600
K2-13,Gaia DR3 3811032513054107648,0.5387366521813771,[0.36980943],[2.00533083e-01 8.16711946e-21],[3.44666327e-01 2.68490610e-61],600
Kepler-528,Gaia DR3 2080650559563974144,0.0794258009649523,[4.43466196e-06],[2.53463989e-01 1.04319321e-32],[3.33602307e-01 2.98993239e-57],600
TOI-1431,Gaia DR3 2188906825165621120,2.5211205413647804,[0.97848985],[1.78478945e-01 1.31696367e-16],[3.06584963e-01 3.17342132e-48],600
HAT-P-26,Gaia DR3 3668036348641580288,0.030054217936204233,[2.03899304e-05],[1.67757081e-01 9.23194652e-15],[3.37291013e-01 7.47102400e-59],600
NGTS-1,Gaia DR3 4821739369794767744,0.005087164071785694,[2.90288093e-09],[1.70435150e-01 5.06804637e-15],[3.44119674e-01 3.32355618e-61],600
WASP-94 A,Gaia DR3 6780546169634170496,1.6461376773502323,[0.96808544],[2.20617927e-01 5.65637510e-25],[3.36477119e-01 3.68570972e-58],600
Wolf 1069,Gaia DR3 2188318517720321664,0.5571782456899635,[0.42189107],[1.56498728e-01 1.05853733e-12],[3.11718319e-01 1.18613120e-50],600
HD 222237,Gaia DR3 6380214844952702848,0.1107570034288516,[0.00293902],[1.58439417e-01 5.21404965e-13],[3.24514862e-01 1.47192403e-53],600
HD 38529,Gaia DR3 3219847066672970368,0.5997116359137112,[0.56971528],[1.34346728e-01 2.35476191e-09],[3.05557421e-01 5.56464315e-48],600
Kepler-1114,Gaia DR3 2085258750237006208,0.271171258591786,[0.07623603],[1.99924109e-01 1.00378608e-20],[3.32031255e-01 3.27241158e-56],600
K2-16,Gaia DR3 3897048338487064064,0.6263810695320474,[0.4149779],[1.98526021e-01 2.26880490e-20],[3.18492984e-01 2.27067765e-52],600
TOI-1478,Gaia DR3 5723638723350902400,0.07623051809672207,[0.00032426],[1.75532467e-01 3.29286590e-16],[3.22600070e-01 4.02185531e-54],600
HD 154345,Gaia DR3 1359938520253565952,0.10826256266586375,[0.00016675],[1.78906852e-01 1.33492022e-16],[3.20800898e-01 2.03095872e-53],600
TOI-2158,Gaia DR3 4525545299652540672,0.02401529693320896,[2.30898334e-06],[1.64157320e-01 5.51411649e-14],[3.24077563e-01 1.08163018e-53],600
HD 77946,Gaia DR3 1011435012611767552,1.2944625326721604,[0.82803519],[1.81252063e-01 3.81152168e-17],[3.30768770e-01 7.10870112e-56],600
HD 94771,Gaia DR3 5401358469249455104,2.0863503006657025,[0.88607445],[1.45845878e-01 4.40566669e-11],[3.24476806e-01 2.17362194e-54],600
GJ 273,Gaia DR3 3139847906307949696,0.2184530342365225,[0.04896143],[1.52588226e-01 3.72949632e-12],[3.05829816e-01 2.12176695e-48],600
Kepler-1846,Gaia DR3 2079893820684922112,0.22863453176795812,[0.14743284],[1.61904336e-01 9.95772959e-14],[3.23853410e-01 8.37254636e-54],600
K2-415,Gaia DR3 604215144503584640,0.20992850652826336,[0.0265828],[1.73667132e-01 1.39037183e-15],[3.32461610e-01 4.75075624e-57],600
Kepler-514,Gaia DR3 2133611659549905024,2.479640687246274,[0.98648506],[2.02764677e-01 2.83201738e-21],[3.08530067e-01 1.94080477e-49],600
Kepler-973,Gaia DR3 2130024026126714880,1.314807686395809,[0.85997107],[1.76154955e-01 5.05101251e-16],[3.21558656e-01 4.95401328e-53],600
WASP-28,Gaia DR3 2641087471777046016,1.2026909269991255,[0.9529944],[2.21697911e-01 2.64752058e-25],[3.29017181e-01 1.16624664e-55],600
HD 167768,Gaia DR3 4270573397890617856,0.0030525800018274046,[5.37218008e-10],[1.56680717e-01 7.01368775e-13],[3.26583015e-01 3.32417453e-55],600
V1298 Tau,Gaia DR3 51886335968692480,32.903556068633414,[0.98481614],[1.37990057e-01 9.18571848e-10],[3.38926318e-01 5.01006295e-59],600
HD 46375,Gaia DR3 3131777319158581376,1.1381232199921358,[0.77228877],[1.52190317e-01 5.94991891e-12],[3.31918803e-01 1.81586003e-56],600
Kepler-1888,Gaia DR3 2102245375949400960,0.07739576573647507,[0.00408169],[1.55440333e-01 1.34119638e-12],[3.35313580e-01 4.73173604e-58],600
HIP 8152,Gaia DR3 5140454049422547200,0.05624584715931699,[2.78218246e-05],[1.87655067e-01 4.45288597e-18],[3.33066576e-01 5.77719425e-57],600
Kepler-376,Gaia DR3 2052681801254023808,0.14241915621084755,[0.00271214],[2.10771138e-01 9.82151653e-23],[3.33083814e-01 1.12821442e-56],600
K2-124,Gaia DR3 686230534318440960,1.2226371330057295,[0.81057841],[1.48759250e-01 1.19532986e-11],[3.13249384e-01 4.52279950e-51],600
Kepler-905,Gaia DR3 2127811705651952000,3.9364195472052987,[0.99588075],[1.97583220e-01 3.25086995e-20],[3.25925010e-01 1.33674623e-54],600
NGTS-11,Gaia DR3 2453680078509741056,1.967473799140025,[0.95342802],[2.52912048e-01 1.27168904e-32],[3.39324041e-01 2.85562847e-59],600
Kepler-178,Gaia DR3 2130634667395736704,0.6026362316944208,[0.6296655],[2.10923952e-01 4.43872487e-23],[3.36112029e-01 1.95934325e-58],600
KELT-7,Gaia DR3 181908842994567936,2.246474709049363,[0.94557208],[1.68900605e-01 1.10298044e-14],[3.16525562e-01 3.51042262e-51],600
HD 11112,Gaia DR3 4959271163279358208,0.19691945403987035,[0.05895008],[1.49967195e-01 1.23092564e-11],[3.23677351e-01 1.19002409e-53],600
TOI-3235,Gaia DR3 6107144260251920000,1.1021215190750009,[0.80263021],[1.32241824e-01 3.14449465e-09],[3.12274268e-01 5.71647527e-50],600
HD 40307,Gaia DR3 4758877919212831104,6.146433051088272,[0.9893165],[1.43843509e-01 8.98405637e-11],[3.11967873e-01 8.76937486e-50],600
TOI-654,Gaia DR3 3788670679927991296,0.022239942679487326,[1.26505224e-06],[1.67494337e-01 1.43716217e-14],[3.42027043e-01 2.41922490e-60],600
HD 210277,Gaia DR3 2619706544757416192,1.1741405845632145,[0.84857089],[1.50693161e-01 6.34828850e-12],[3.57985273e-01 1.80007751e-66],600
Kepler-139,Gaia DR3 2105362903731391744,2.426273566455678,[0.96572775],[1.95145909e-01 6.31785043e-20],[3.33304543e-01 2.40811483e-57],600
GJ 27.1,Gaia DR3 4980466929965023104,1.390164607399374,[0.84896759],[1.69757689e-01 7.88480227e-15],[3.35420844e-01 2.16861925e-58],600
K2-193,Gaia DR3 3616526878875985536,1.2520372737779875,[0.92910115],[2.69761831e-01 1.64009997e-37],[3.31342885e-01 9.31702880e-57],600
TOI-1806,Gaia DR3 733540939112687104,0.7956695196414476,[0.71665206],[1.53560561e-01 2.39877427e-12],[3.41970299e-01 1.23289668e-60],600
K2-376,Gaia DR3 690025807939789184,0.430861731025348,[0.48747285],[1.27799879e-01 2.55509380e-08],[3.18299755e-01 4.07177834e-53],600
Kepler-992,Gaia DR3 2131432706679279104,1.0368153747583746,[0.78653916],[1.72588461e-01 2.27955857e-15],[3.08783867e-01 4.25468765e-49],600
TOI-1807,Gaia DR3 1476485996883837184,8.697473540743701,[0.99665311],[1.62490720e-01 8.85844617e-14],[3.16348095e-01 9.56761966e-52],600
K2-416,Gaia DR3 2632278807386060288,0.9970835360055015,[0.83279577],[1.69920478e-01 4.38366719e-15],[3.45045874e-01 4.07346758e-61],600
TOI-1789,Gaia DR3 646125297938578944,0.3182668657463073,[0.16162231],[1.73647495e-01 1.58239606e-15],[3.33981841e-01 7.00883247e-58],600
HATS-22,Gaia DR3 3483606402800185728,0.7490774884356876,[0.58322866],[1.93288014e-01 2.71987215e-19],[3.21355991e-01 2.48505602e-53],600
Kepler-142,Gaia DR3 2128724678262662144,0.39400806851204456,[0.44179951],[1.86050612e-01 7.24804123e-18],[3.15511402e-01 3.14087568e-50],600
TOI-1824,Gaia DR3 1675511792082576384,2.3669644497226603,[0.93953832],[1.45305457e-01 4.09737836e-11],[3.21073828e-01 3.82089570e-53],600
HD 51608,Gaia DR3 5485320853638354304,0.6859546045550393,[0.5146404],[1.52845000e-01 3.73940853e-12],[3.14199298e-01 4.91631653e-51],600
Kepler-1931,Gaia DR3 2126061214423631232,1.433244844067493,[0.94635663],[2.09749330e-01 9.51210054e-23],[3.36374374e-01 1.99521259e-58],600
Kepler-1990,Gaia DR3 2076121602454770560,2.7069499319206183,[0.97939601],[1.78575607e-01 1.26456795e-16],[3.08570381e-01 1.60296253e-48],600
K2-3,Gaia DR3 3796690380302214272,0.21607938943674596,[0.01590557],[1.77538405e-01 1.95263172e-16],[3.40799330e-01 5.26421627e-60],600
HD 72490,Gaia DR3 603329694046441472,0.35877987776851583,[0.05745374],[1.77106585e-01 3.41560749e-16],[3.33595856e-01 1.51459887e-57],600
Kepler-786,Gaia DR3 2052392835854583936,0.6324588976462991,[0.78639125],[1.14192509e-01 7.49958474e-07],[3.22552002e-01 5.16893752e-54],600
K2-226,Gaia DR3 3581264372742210048,2.2317009580573868,[0.96618303],[1.93698434e-01 1.66843129e-19],[3.29605365e-01 7.31216378e-56],600
Kepler-1842,Gaia DR3 2105506497375025024,1.0694392530198389,[0.90651726],[2.32272981e-01 8.28257027e-28],[3.47238718e-01 2.25072856e-61],600
WASP-59,Gaia DR3 2841043011433969152,0.06723096838566231,[0.00018622],[1.97150417e-01 2.90411266e-20],[3.37544142e-01 1.54812056e-58],600
Kepler-1524,Gaia DR3 2052480728067657600,1.4545801055095784,[0.93340035],[1.19387136e-01 1.13033165e-07],[3.11691124e-01 5.93685939e-50],600
Kepler-496,Gaia DR3 2101650647537529088,0.2513300492632405,[0.07991103],[1.96608836e-01 5.96875461e-20],[3.31739188e-01 1.06432885e-56],600
Kepler-1389,Gaia DR3 2106303505865370752,0.9794470904962408,[0.8611016],[1.96255424e-01 6.01226669e-20],[3.10035899e-01 5.15589146e-50],600
Kepler-1755,Gaia DR3 2073715630497465856,0.07588647735884498,[5.62960492e-06],[2.20428436e-01 3.21761466e-21],[3.31454380e-01 3.51405918e-48],510
Kepler-510,Gaia DR3 2099656472742686848,0.1237256677300118,[0.06362259],[1.12552901e-01 1.11496878e-06],[3.11130526e-01 1.51931672e-50],600
Kepler-65,Gaia DR3 2102119176929154304,2.461693341052818,[0.90608827],[1.78602051e-01 1.96093752e-16],[3.14878849e-01 8.68293154e-52],600
Gl 686,Gaia DR3 4550763526539955712,0.033781579805054245,[2.95963288e-05],[1.64270412e-01 5.57552770e-14],[3.33339366e-01 4.64107557e-57],600
WASP-114,Gaia DR3 2726339892542980864,3.946459835338064,[0.98340182],[2.47136634e-01 2.03352454e-31],[3.20048856e-01 5.57617095e-52],600
HD 28678,Gaia DR3 3282351760091020672,0.5852797689113942,[0.57465748],[1.50509737e-01 6.77207348e-12],[3.42985370e-01 1.09133258e-60],600
Kepler-930,Gaia DR3 2078446691589261696,0.15717062500935922,[0.00105964],[2.51288088e-01 2.26584552e-32],[3.40930814e-01 9.66725305e-60],600
Kepler-1303,Gaia DR3 2104156984291199360,2.7349075098616,[0.98400351],[2.30803711e-01 2.06150612e-27],[3.33381925e-01 3.57024689e-57],600
HD 149806,Gaia DR3 4383374219923745024,2.2531563894935256,[0.78910431],[1.55312202e-01 1.10229305e-12],[3.23103589e-01 4.15305696e-54],600
WASP-135,Gaia DR3 4596481632339898240,1.171435733022853,[0.85809749],[1.6623350e-01 2.4817633e-14],[3.21927429e-01 1.59377653e-53],600
WASP-73,Gaia DR3 6453566701615683456,1.729762069668198,[0.96682757],[2.32664993e-01 5.98418260e-28],[3.34619615e-01 1.65633804e-57],600
HD 45350,Gaia DR3 955758320761687680,2.185360631368425,[0.91281008],[1.69515842e-01 1.03125451e-14],[3.21422935e-01 2.91524758e-53],600
TOI-763,Gaia DR3 6140553127216043648,0.3458085568295507,[0.24239323],[1.02965455e-01 1.50642524e-05],[3.04681854e-01 2.25402171e-47],600
K2-34,Gaia DR3 665757593450097920,1.0683976389685614,[0.78292236],[2.29297635e-01 3.39184578e-27],[3.3587263e-01 4.7724930e-58],600
HD 156279,Gaia DR3 1631084478574318976,6.989929094891666,[0.97302583],[1.72883301e-01 1.25140913e-15],[3.38445757e-01 7.42076041e-59],600
HD 63765,Gaia DR3 5488567574038257280,0.6304883929876489,[0.40438527],[1.66604306e-01 3.17826747e-14],[3.10846066e-01 1.11629027e-49],600
HD 126614,Gaia DR3 3641697998570813952,0.22475811248810035,[0.01925051],[1.72282686e-01 2.02865274e-15],[3.25026784e-01 1.13629241e-54],600
HD 212771,Gaia DR3 2595360574179855104,0.3164284070541417,[0.09358262],[1.94205399e-01 1.66230443e-19],[3.37713728e-01 3.44167009e-58],600
HD 66428,Gaia DR3 3083043390405346432,0.22527828794038282,[0.01967811],[1.72643443e-01 1.37966510e-15],[3.20523097e-01 5.85091303e-53],600
Kepler-1642,Gaia DR3 2078758433192866816,1.5709678001353744,[0.95601212],[1.99972496e-01 1.15301970e-20],[3.29345996e-01 8.98459830e-56],600
HIP 97166,Gaia DR3 2288221003213039488,3.8786650823938165,[0.98303322],[1.62980773e-01 9.60278601e-14],[3.23278923e-01 4.48401046e-54],600
HAT-P-32,Gaia DR3 356348286886230272,2.425791246637556,[0.95331432],[2.00641868e-01 8.41501894e-21],[3.39630664e-01 5.35530511e-60],600
CoRoT-20,Gaia DR3 3120122805143587328,0.8687043252340569,[0.42957829],[2.01824935e-01 2.70513943e-21],[3.29824519e-01 9.59919923e-56],600
USco1556 A,Gaia DR3 6235663460003427200,52.18301314640632,1.0,[0.05526373 0.08865055],[2.83437188e-01 1.94992383e-41],600
HD 99109,Gaia DR3 3796826582305099520,0.38234692612028576,[0.18416489],[1.70914543e-01 3.51225248e-15],[3.19731704e-01 8.74191824e-53],600
HAT-P-41,Gaia DR3 4290415081653653632,1.1019691763829669,[0.8640948],[2.01124754e-01 4.83340964e-21],[3.19481427e-01 1.98545604e-52],600
HD 132406,Gaia DR3 1594127865540229888,0.030052216484767847,[3.65905241e-05],[1.53894106e-01 2.83171823e-12],[3.34277135e-01 5.51187020e-58],600
Kepler-163,Gaia DR3 2128525769736134016,0.89477037246788,[0.77402832],[2.02029212e-01 4.74060391e-21],[3.49314147e-01 4.15436995e-63],600
HATS-23,Gaia DR3 6657994706683397504,2.66838431464776,[0.98907155],[2.85471685e-01 1.11917339e-41],[3.27340372e-01 1.82338916e-55],600
WASP-171,Gaia DR3 5376137837173646208,1.6927916794228182,[0.94803446],[2.53949822e-01 8.90434260e-33],[3.45381768e-01 9.02825542e-62],600
TOI-2447,Gaia DR3 4877544322252002048,3.6236894849639083,[0.97787335],[1.70530902e-01 3.64107157e-15],[3.23828929e-01 2.35024561e-54],600
K2-173,Gaia DR3 39404267653786624,0.012474402159470323,[1.02132053e-07],[1.69295986e-01 8.41980022e-15],[3.25421578e-01 2.46454572e-54],600
Kepler-540,Gaia DR3 2127008611187043456,0.02330717812035892,[3.55456231e-06],[1.77854114e-01 1.71123291e-16],[3.15602524e-01 5.74497530e-51],600
TOI-5082,Gaia DR3 3368214650329888512,2.033935713066695,[0.92866463],[1.38887910e-01 5.28614895e-10],[3.20943230e-01 4.22747331e-53],600
Kepler-803,Gaia DR3 2079139864948330752,0.6873931796637449,[0.70744725],[2.00016314e-01 1.32747753e-20],[3.36848639e-01 8.50121710e-59],600
HD 181234,Gaia DR3 4201307051566729984,0.1361262999160885,[0.00702698],[1.83895917e-01 2.10638208e-17],[3.12442222e-01 9.17933990e-50],600
Kepler-1019,Gaia DR3 2107596978215473024,1.8238545102316144,[0.90451925],[1.73872558e-01 8.88041323e-16],[3.33578295e-01 7.60047868e-57],600
Kepler-1531,Gaia DR3 2100303539632796032,2.586195167746744,[0.99027606],[2.15600589e-01 5.05413198e-24],[3.45509894e-01 3.53642488e-61],600
TOI-1272,Gaia DR3 1556242405699527424,3.7761582591420413,[0.99305732],[2.00535116e-01 6.93672805e-21],[3.41466602e-01 1.87550123e-60],600
Kepler-262,Gaia DR3 2051030231707057024,0.43216672452751376,[0.54389807],[1.75800732e-01 7.03849246e-16],[3.01350438e-01 8.16711715e-47],600
HIP 107773,Gaia DR3 6402076022332085760,2.8191456446731475,[0.93732665],[2.01062205e-01 1.56056057e-20],[3.44122966e-01 2.03658395e-61],600
Kepler-536,Gaia DR3 2087191485516004224,1.9682215217432846,[0.94825502],[2.06218197e-01 4.14922993e-22],[3.21267558e-01 2.15440859e-53],600
HD 27442,Gaia DR3 4678664766393829504,1.9703996177835177,[0.8718242],[1.74856249e-01 8.58501863e-16],[3.11725360e-01 4.74354372e-50],600
Kepler-1890,Gaia DR3 2053515849540816768,0.12913680800343574,[0.01721784],[1.75000253e-01 9.15911842e-16],[3.14140151e-01 6.29263738e-51],600
K2-318,Gaia DR3 6258364939144564992,0.4737179936376801,[0.69306944],[0.08978506 0.00041873],[2.92231525e-01 1.08081306e-43],600
GJ 3929,Gaia DR3 1372215976327300480,0.6577838265960468,[0.56639496],[1.57977615e-01 4.80517911e-13],[3.37863490e-01 3.69517619e-59],600
TOI-1798,Gaia DR3 1505890751741673856,0.2497223702666156,[0.12038539],[1.60668072e-01 2.17112227e-13],[3.02314187e-01 1.03281826e-46],600
HAT-P-69,Gaia DR3 3080104185367102592,2.7231447182721524,[0.95978497],[1.95907671e-01 5.17800161e-20],[3.32270013e-01 4.41897178e-57],600
HD 240210,Gaia DR3 2009148596857820160,0.9529643127447356,[0.90239717],[1.63481835e-01 5.75310484e-14],[3.18055677e-01 2.09975759e-52],600
HD 4113,Gaia DR3 5000774703569900800,1.9126664268195341,[0.96379754],[1.53891869e-01 2.23354550e-12],[3.19133884e-01 3.93372881e-52],600
tau Boo,Gaia DR3 1244571953471006720,6.577094964977045,[0.97805611],[1.67344388e-01 1.70565690e-14],[3.33551219e-01 7.91496773e-58],600
TOI-5344,Gaia DR3 52359538285081728,1.5958478233368292,[0.91010302],[1.09388748e-01 3.46638276e-06],[3.14631315e-01 9.75143330e-51],600
TOI-238,Gaia DR3 2405081733281425280,0.6797446109230143,[0.45736813],[1.78683912e-01 1.37416892e-16],[3.28187602e-01 5.44235554e-55],600
Kepler-380,Gaia DR3 2143746515354698496,0.35516048933632344,[0.02385935],[2.42639612e-01 1.64981984e-29],[3.44119921e-01 2.66085178e-59],586
NGTS-8,Gaia DR3 6840435777723109888,0.5043527069676372,[0.25034432],[2.59798822e-01 1.52000737e-34],[3.55920323e-01 1.09249015e-65],600
Kepler-1408,Gaia DR3 2106958363820214016,0.9426344451063382,[0.77081246],[2.25596173e-01 2.76404655e-26],[3.43191499e-01 1.90084114e-60],600
Kepler-556,Gaia DR3 2052912492534229504,0.21026854815613386,[0.02247251],[1.87947824e-01 2.38048100e-18],[3.26352836e-01 2.07163459e-55],600
K2-294,Gaia DR3 2438623297559630592,0.34781161442248915,[0.14180986],[2.27422554e-01 8.42793072e-27],[3.25322280e-01 1.72588049e-54],600
Kepler-831,Gaia DR3 2077954866292643840,0.2061720881688497,[0.02906188],[2.03485242e-01 2.80324406e-21],[3.28981442e-01 7.69625164e-56],600
Kepler-188,Gaia DR3 2117317829237452160,1.0136537086555988,[0.88672276],[2.66504284e-01 1.68842994e-22],[3.57891348e-01 5.98771047e-40],360
AB Pic,Gaia DR3 5495052596695570816,12.531833306114267,[0.99084034],[1.52966581e-01 4.53135643e-12],[3.12967848e-01 1.02230382e-50],600
HD 12648,Gaia DR3 574577774218025600,0.010705489458828503,[3.19308179e-08],[1.69040691e-01 1.04422251e-14],[3.14646786e-01 5.24844262e-51],600
TOI-2202,Gaia DR3 4641274773980363520,3.07464019491687,[0.9874654],[1.99224114e-01 1.39518700e-20],[3.32679772e-01 1.24081982e-56],600
KELT-8,Gaia DR3 4534144923690481408,0.5152703701446004,[0.45616686],[1.63773879e-01 5.72987861e-14],[3.07053483e-01 1.53013761e-48],600
YSES 2,Gaia DR3 5236792880333011968,56.130898093069185,1.0,[0.07916961 0.00267919],[2.95265142e-01 3.73211218e-45],600
HIP 12961,Gaia DR3 5077642283022422656,6.518677254983919,[0.98367718],[1.40109002e-01 2.71461464e-10],[3.26311572e-01 6.37696777e-55],600
K2-414,Gaia DR3 2634046753364013440,1.6923022509039467,[0.90466412],[2.25732708e-01 2.84890929e-26],[3.37135141e-01 2.72736392e-58],600
K2-97,Gaia DR3 600859258922054272,3.243141191008473,[0.9577395],[2.19911290e-01 1.26980358e-14],[3.30412276e-01 4.08639158e-32],347
Kepler-361,Gaia DR3 2080340222407746816,0.6856574235244499,[0.742096],[2.48973988e-01 8.88669656e-32],[3.19672178e-01 9.15310134e-53],600
Kepler-164,Gaia DR3 2130889204338693504,2.068611690207591,[0.97256479],[2.16380730e-01 4.10341386e-24],[3.42401282e-01 5.91736679e-60],600
K2-191,Gaia DR3 3610048418926172032,1.1979813627257945,[0.86469326],[2.14185065e-01 1.50108060e-23],[3.35352308e-01 5.77609890e-58],600
K2-331,Gaia DR3 608206676654888064,3.267285235754374,[0.90155556],[1.40293065e-01 1.10418286e-09],[3.29938972e-01 2.87023578e-56],600
Kepler-1328,Gaia DR3 2106703212701656576,0.5821082238527728,[0.3674201],[2.30197341e-01 2.07783818e-27],[3.32277519e-01 1.08718982e-56],600
HD 219828,Gaia DR3 2824958015312906240,0.7260904861011377,[0.73325102],[1.68733449e-01 8.84032189e-15],[3.29694340e-01 1.06418654e-55],600
Kepler-1530,Gaia DR3 2130991596358782464,1.3820992485892734,[0.91705567],[2.08078159e-01 3.07280331e-22],[3.40674131e-01 2.85475438e-60],600
HD 199509,Gaia DR3 6348288635054855680,0.740062176840984,[0.70653572],[1.46222728e-01 3.12901166e-11],[3.19848537e-01 4.26011158e-53],600
GJ 514,Gaia DR3 3738099879558957952,0.39879731742343066,[0.03160754],[1.84546177e-01 1.38960989e-17],[3.21497398e-01 2.75167438e-53],600
K2-252,Gaia DR3 3582392123779246336,2.1044524915079674,[0.97238039],[2.06581775e-01 4.49861825e-22],[3.27661381e-01 4.24830435e-55],600
Kepler-1938,Gaia DR3 2075121459200474880,1.9818607072967798,[0.95380985],[1.38995071e-01 2.96735560e-10],[3.09714236e-01 4.67036239e-49],600
WASP-131,Gaia DR3 6173451477191225984,0.9887168765476152,[0.8287586],[1.95643318e-01 5.41799610e-20],[3.22995087e-01 1.31679499e-53],600
HD 30177,Gaia DR3 4774301387290235136,0.33239989882111204,[0.17624819],[1.74344943e-01 1.05671047e-15],[3.11715429e-01 3.21139046e-50],600
Kepler-586,Gaia DR3 2126537234238972544,2.2443387346957118,[0.99404512],[2.15334587e-01 8.41762439e-24],[3.26319469e-01 2.64638474e-55],600
Kepler-1694,Gaia DR3 2053266741439477248,0.1583386275823349,[0.03378196],[1.64504255e-01 7.88295775e-14],[3.12692107e-01 2.80338301e-50],600
K2-164,Gaia DR3 3797456808626205696,1.8305886886056324,[0.87690587],[1.97198432e-01 3.59337452e-20],[3.26729414e-01 1.37004271e-54],600
Kepler-1047,Gaia DR3 2133309160710350336,1.025850028483624,[0.85714216],[2.33628015e-01 8.51294003e-28],[3.49275996e-01 1.93569698e-62],600
GJ 367,Gaia DR3 5412250540681250560,0.4187712079597766,[0.11827044],[1.73424067e-01 1.62949281e-15],[3.39672224e-01 1.33545656e-59],600
HD 45652,Gaia DR3 3327980255695313792,0.28337940475658085,[0.15984564],[1.53426497e-01 4.23612389e-12],[3.14838390e-01 5.56013503e-51],600
TOI-1716,Gaia DR3 1000423609817438592,0.6177615422096213,[0.29488574],[1.90619345e-01 9.02532638e-19],[3.06766503e-01 2.77760037e-48],600
K2-61,Gaia DR3 2598309945401588224,2.3068663033847963,[0.97257933],[2.28969633e-01 6.19642678e-27],[3.53225286e-01 3.15634298e-64],600
K2-211,Gaia DR3 2559203924574351616,0.4144195326866019,[0.39308328],[2.02660827e-01 4.14616952e-21],[3.21568639e-01 3.21812282e-53],600
WASP-159,Gaia DR3 4864759888238232320,1.9498341107481358,[0.98191815],[2.43750026e-01 4.15491261e-19],[3.38270972e-01 3.93925010e-36],369
HD 147379,Gaia DR3 1642641410934267008,2.0335426771419725,[0.92083953],[1.67917930e-01 9.70406201e-15],[3.13762272e-01 4.57706908e-51],600
HD 80653,Gaia DR3 606477252238780160,5.673267834010398,[0.98894253],[1.64193986e-01 3.71943322e-14],[3.26617438e-01 6.23476912e-55],600
WASP-141,Gaia DR3 2980392087185289216,2.173872645240482,[0.98051498],[2.47412338e-01 1.19233448e-31],[3.32723047e-01 2.44333251e-57],600
TOI-481,Gaia DR3 5486322710592888064,0.296296137654979,[0.15718357],[1.51740773e-01 3.81407360e-12],[3.17932020e-01 3.49384952e-52],600
HAT-P-21,Gaia DR3 770622651659107712,0.151139806631045,[0.00085911],[2.02597817e-01 2.02651065e-21],[3.58851261e-01 8.42054937e-67],600
Kepler-585,Gaia DR3 2105694410784851072,3.0097355880653294,[0.98591851],[2.25200708e-01 2.26378039e-26],[3.46635033e-01 1.49506061e-62],600
CoRoT-2,Gaia DR3 4287820848378092672,4.354046462760417,[0.99454884],[1.82530878e-01 3.08100064e-17],[3.14794025e-01 3.12919889e-51],600
KIC 10068024,Gaia DR3 2127798958189867392,2.690207912854982,[0.98021216],[2.12831139e-01 2.04875641e-23],[3.41117391e-01 9.06059917e-59],600
HATS-30,Gaia DR3 4906145613282734208,0.570466271152189,[0.40466451],[2.30789233e-01 2.87138885e-27],[3.51932286e-01 9.53679614e-64],600
Kepler-1179,Gaia DR3 2131625808407771520,0.09457935391779934,[7.54231936e-05],[2.18660070e-01 1.40788354e-24],[3.27092488e-01 1.03096837e-54],600
K2-284,Gaia DR3 3413793491812093824,7.564587128536399,[0.99803299],[1.63662982e-01 5.66439008e-14],[3.32422691e-01 4.73454386e-56],600
XO-7,Gaia DR3 2303332931542914048,2.9646186289825067,[0.97401269],[1.82097293e-01 3.46680973e-17],[3.31897903e-01 1.47282826e-56],600
HD 83443,Gaia DR3 5424836719001215360,1.4257658596469114,[0.88791656],[1.69363917e-01 8.68526999e-15],[3.27786273e-01 3.85009068e-55],600
K2-157,Gaia DR3 3596333042162818304,0.06045984974502132,[1.75152778e-06],[2.09292659e-01 1.55418073e-22],[3.34851474e-01 4.34539299e-58],600
TOI-1246,Gaia DR3 1650110904522335744,0.5967648362326553,[0.53526788],[1.80745564e-01 7.50001615e-17],[3.26692849e-01 2.71814782e-54],600
Kepler-1209,Gaia DR3 2131252627290713472,2.3038619605941326,[0.98274222],[2.02721740e-01 5.16652842e-21],[3.12526099e-01 3.17545811e-50],600
Kepler-377,Gaia DR3 2073157456550947200,0.8733595368456204,[0.83860735],[1.88877288e-01 1.46732191e-18],[3.28713918e-01 3.14363747e-56],600
HD 102843,Gaia DR3 3794501355731126016,0.048822562870897174,[4.27980675e-05],[1.73170023e-01 1.25635896e-15],[3.21041951e-01 1.68307362e-53],600
Kepler-994,Gaia DR3 2127904992341848960,0.39090102236524543,[0.19786549],[1.69401765e-01 6.79177485e-15],[3.15888189e-01 1.35953887e-51],600
NGTS-25,Gaia DR3 6682513094425008640,1.1799242588219296,[0.94480679],[2.54589879e-01 1.63166698e-33],[3.63097158e-01 3.39444356e-68],600
Kepler-1667,Gaia DR3 2131690988831633792,0.12430432490458229,[0.00018567],[2.37842615e-01 3.33865464e-29],[3.31914568e-01 7.37600724e-57],600
TOI-700,Gaia DR3 5284517766615850752,0.9966447580689287,[0.7152888],[1.70277753e-01 4.52764182e-15],[3.29991701e-01 5.37847316e-56],600
WASP-15,Gaia DR3 6171009049549197824,0.5528726718053381,[0.4115003],[1.93390143e-01 3.25646450e-19],[3.03198608e-01 3.74907307e-47],600
Kepler-559,Gaia DR3 2078818944993952256,0.7043423369482312,[0.56149294],[2.32112372e-01 1.56068374e-27],[3.4419871e-01 1.9111117e-61],600
Kepler-1911,Gaia DR3 2075162102458709632,2.0320213554210964,[0.91464709],[1.72593248e-01 2.01800222e-15],[3.22934940e-01 2.11555524e-53],600
TOI-4153,Gaia DR3 2299246592282070400,4.795544109295149,[0.99868557],[2.30307129e-01 2.70067525e-27],[3.17024052e-01 3.77897076e-52],600
HD 205739,Gaia DR3 6592695123423391616,1.7412168419489853,[0.96153082],[1.96641231e-01 6.35744115e-20],[3.27064434e-01 2.26975657e-55],600
HD 81040,Gaia DR3 637329067477530368,0.5510982345641853,[0.25036515],[1.64552662e-01 5.28596749e-14],[3.15875234e-01 1.68416012e-51],600
K2-283,Gaia DR3 2581916673708201216,1.8386472708393216,[0.97918376],[2.43938875e-01 9.08038668e-31],[3.46789603e-01 3.52713481e-62],600
HIP 99770,Gaia DR3 2060523518197844608,6.65626336805436,[0.96990154],[1.7290006e-01 1.4019062e-15],[3.14174347e-01 5.01028370e-51],600
HD 202206,Gaia DR3 6832155218215202944,1.9962315771754262,[0.92001534],[1.82258505e-01 4.22999706e-17],[3.24352701e-01 2.39595775e-54],600
HD 23596,Gaia DR3 224870885460646016,1.2350148969367725,[0.89899521],[1.31212510e-01 5.88036181e-09],[2.99785706e-01 4.38118791e-46],600
K2-381,Gaia DR3 4081376064109034496,0.2044106927916074,[0.03187117],[1.82843776e-01 3.08438991e-17],[3.27519919e-01 3.81134734e-55],600
TOI-2084,Gaia DR3 1652137995942479744,0.4604168594797012,[0.22449612],[1.75556704e-01 6.06395891e-16],[3.31725201e-01 3.48024217e-57],600
HD 20794,Gaia DR3 4847957293278177024,0.03681092499241751,[0.0001268],[1.59910492e-01 2.59696205e-13],[3.22903320e-01 4.85878855e-54],600
TOI-201,Gaia DR3 4767547667180525696,3.5084632830854683,[0.94842793],[1.60854580e-01 1.56106122e-13],[3.26530554e-01 4.31186054e-55],600
HD 38283,Gaia DR3 4650314511916109696,0.19683755421522492,[0.05647383],[1.51903800e-01 3.76925246e-12],[3.15799291e-01 2.68422141e-51],600
BD+03 2562,Gaia DR3 3895649725336884736,1.467481509376698,[0.88096073],[0.21586774 0.04484621],[3.41500784e-01 1.45542218e-04],41
GJ 4276,Gaia DR3 2200501793758177152,0.49765721152608566,[0.34028676],[1.78727870e-01 1.18617487e-16],[3.18681909e-01 4.57940937e-53],600
HD 211970,Gaia DR3 6508401923473282432,0.7968093572581821,[0.56517159],[1.55572082e-01 1.05250783e-12],[3.32830203e-01 5.56301748e-57],600
K2-373,Gaia DR3 650623262571412480,1.118502753313515,[0.70793605],[1.60071656e-01 2.32267663e-13],[3.30955595e-01 1.99299720e-56],600
HD 238090,Gaia DR3 1573086442800134272,4.54943875733081,[0.97999214],[1.73957037e-01 1.02997082e-15],[3.33968024e-01 1.12045325e-57],600
Kepler-1655,Gaia DR3 2100392428275714688,0.639975531722779,[0.67597858],[1.72045601e-01 1.98103495e-15],[3.23176853e-01 9.23046035e-54],600
Kepler-633,Gaia DR3 2076601917234347520,0.32083856263618676,[0.21196678],[2.05606363e-01 1.20547820e-21],[3.24361762e-01 8.67554941e-54],600
Kepler-1920,Gaia DR3 2052942900903300352,2.0246382378012346,[0.98700413],[2.14695249e-01 8.78436324e-24],[3.42315288e-01 1.17646892e-60],600
Kepler-1015,Gaia DR3 2125896459478159360,2.761053434789299,[0.98834075],[2.10068106e-01 6.79743956e-23],[3.04383578e-01 5.09133738e-48],600
HD 208897,Gaia DR3 1779772947826839808,3.1145165893489284,[0.86181717],[2.11470978e-01 3.69645991e-23],[3.19909022e-01 2.17414668e-52],600
TCP J05074264+2447555,Gaia DR3 3419143444811862912,2.245644792699432,[0.84049104],[0.09495094 0.0002461 ],[3.56888901e-01 1.74466428e-65],600
Kepler-1187,Gaia DR3 2099219867845754752,2.7781037988333606,[0.96291968],[2.38373869e-01 1.96445784e-27],[3.33842227e-01 2.96347309e-54],567
Kepler-617,Gaia DR3 2107607354856794880,1.3076851628053574,[0.77383685],[1.78366644e-01 1.47189983e-16],[3.04581482e-01 9.39522845e-48],600
K2-272,Gaia DR3 659826037455527040,0.23019306551497476,[0.00323089],[2.09313710e-01 1.07963699e-22],[3.27887935e-01 9.46566937e-56],600
HD 135625,Gaia DR3 6000000322464144896,8.790546218012608,[0.99949602],[1.59507474e-01 2.86662594e-13],[3.09091955e-01 2.29011794e-49],600
TOI-5713,Gaia DR3 1560676770454324224,1.8611098961409782,[0.9020949],[1.79090027e-01 1.31882312e-16],[3.24832567e-01 3.14507490e-54],600
HD 191806,Gaia DR3 2088526979830768512,2.551443264037187,[0.92207494],[1.69405664e-01 4.52579275e-15],[3.43221577e-01 3.83421132e-60],600
TOI-1801,Gaia DR3 3980045523465047168,4.843769762433442,[0.98211519],[1.67395411e-01 1.12673415e-14],[3.3500096e-01 1.5330628e-57],600
HD 25912,Gaia DR3 4828528063821835648,0.8296209654824397,[0.71706527],[1.60060262e-01 2.58582902e-13],[3.21795906e-01 3.33637081e-53],600
HD 167042,Gaia DR3 2149564787289902848,0.3545920950130609,[0.09294379],[1.58805653e-01 3.72037918e-13],[3.24659331e-01 1.51746804e-54],600
Kepler-614,Gaia DR3 2085519781168726912,0.37324303685078264,[0.41685641],[1.98885913e-01 3.09642991e-20],[3.22056317e-01 2.20518978e-53],600
K2-365,Gaia DR3 6246622017519183616,0.6837070246187943,[0.5604572],[1.61162786e-01 3.37834976e-13],[3.22192976e-01 5.74449124e-53],600
TOI-1710,Gaia DR3 1116613161053977472,0.5821938131574858,[0.42468004],[2.04212471e-01 1.53964855e-21],[3.30107014e-01 3.13789223e-56],600
K2-282,Gaia DR3 2580848395082660992,0.5251371461070773,[0.5460043],[2.20843131e-01 2.52380490e-25],[3.36783142e-01 4.58082368e-58],600
HD 102272,Gaia DR3 3923915248709126144,2.2054669385127164,[0.95809065],[2.21829272e-01 3.01643915e-25],[3.47188258e-01 5.30081382e-62],600
Kepler-1344,Gaia DR3 2130637038217686784,4.430415269577253,[0.99381676],[2.21072154e-01 2.47054165e-25],[3.30390073e-01 1.87820083e-55],600
HATS-51,Gaia DR3 5608644895310998272,0.45801178210671784,[0.1701455],[1.32666068e-01 2.85905322e-09],[3.45027599e-01 8.22942807e-63],600
TOI-2485,Gaia DR3 1443530266145475840,3.1250983395819114,[0.99367693],[2.52686903e-01 5.86877306e-33],[3.34306135e-01 5.38326811e-58],600
Kepler-1507,Gaia DR3 2130389785541178752,2.444897279327963,[0.97642757],[1.56933157e-01 8.60380072e-13],[3.06988489e-01 3.46895839e-48],600
TOI-1803,Gaia DR3 4031575166693272832,3.5142268291073058,[0.94587683],[1.57788709e-01 5.41668486e-13],[3.40844282e-01 3.99474783e-60],600
Kepler-1074,Gaia DR3 2107240324132394496,1.2923639062778067,[0.93285002],[1.72185232e-01 1.98759567e-15],[3.16234659e-01 3.05519586e-52],600
Kepler-202,Gaia DR3 2104376405579347968,0.10251840492823855,[0.00459431],[1.64031235e-01 4.91870987e-14],[3.21554361e-01 4.97045893e-53],600
Kepler-111,Gaia DR3 2126569051355142656,5.633126096538725,[0.99932344],[2.19191735e-01 9.71920342e-25],[3.20142947e-01 1.47322463e-52],600
Kepler-461,Gaia DR3 2126801563705846528,0.013664703592229963,[6.09754321e-14],[2.19217157e-01 1.16501757e-24],[3.25868677e-01 1.96939250e-55],600
Kepler-432,Gaia DR3 2128901871432519936,0.7954029450834206,[0.77378831],[2.14123620e-01 1.86325533e-23],[3.29823683e-01 2.01423441e-56],600
TOI-2421,Gaia DR3 4968289907406396160,1.9426687832944913,[0.97777097],[2.23479124e-01 5.67672951e-26],[3.38874675e-01 1.60652469e-59],600
HD 190647,Gaia DR3 6697758334244808192,0.32931538461993,[0.23321325],[1.53102473e-01 3.57757539e-12],[3.11232591e-01 8.36472226e-50],600
EPIC 201497682,Gaia DR3 3810098271767907840,1.978364160505047,[0.96710762],[1.88883929e-01 1.95073715e-18],[3.11412014e-01 5.99885242e-50],600
HD 14787,Gaia DR3 24570756281835392,1.6676085338918478,[0.89733788],[1.53621985e-01 2.58007480e-12],[3.26801590e-01 1.04014903e-54],600
TOI-5076,Gaia DR3 55752218851048320,0.028564641199338898,[0.00013784],[1.47367132e-01 2.51726002e-11],[3.27520279e-01 3.05790128e-55],600
Kepler-1386,Gaia DR3 2116750034560253184,1.79673434871405,[0.96144515],[2.65408884e-01 5.32589494e-35],[3.46555848e-01 1.26151920e-59],579
Kepler-580,Gaia DR3 2103578400656053632,0.19882872229287668,[0.26471823],[1.09796695e-01 1.98308042e-06],[3.21470633e-01 1.83957753e-53],600
Kepler-1444,Gaia DR3 2104172854190854528,2.5715541669743875,[0.96574027],[1.35195690e-01 1.95166265e-09],[3.04827809e-01 5.36724685e-48],600
GJ 3473,Gaia DR3 3094290054327367168,0.020381136591779134,[3.58827829e-06],[1.62950145e-01 8.73013316e-14],[3.21822334e-01 4.99690396e-53],600
Kepler-166,Gaia DR3 2129025841368107136,1.1869879750323764,[0.93778818],[2.18346031e-01 1.02156146e-24],[3.16962830e-01 2.62524935e-52],600
Kepler-304,Gaia DR3 2076565805151925760,6.680148908652825,[0.98593019],[1.53446067e-01 2.38375151e-12],[3.10649777e-01 1.06080951e-49],600
Kepler-42,Gaia DR3 2126556132093765888,0.006912770231508478,[5.71766084e-10],[1.69316997e-01 6.25757149e-15],[3.16164374e-01 5.95933738e-52],600
HATS-71,Gaia DR3 4710594412266148352,3.5379725654696226,[0.98043864],[2.06170150e-01 7.74632967e-22],[3.26096507e-01 2.24716549e-54],600
Kepler-522,Gaia DR3 2103117666624517888,1.5001880063199704,[0.98026476],[2.34395176e-01 2.87091162e-28],[3.36654921e-01 3.19036096e-58],600
HATS-68,Gaia DR3 4904279261014267648,1.4867787125376812,[0.9638034],[2.34034495e-01 3.79675152e-25],[3.30731662e-01 6.45512631e-50],536
TOI-1296,Gaia DR3 1650851223740149504,0.07539779492470465,[1.69042416e-06],[2.10790944e-01 6.79221472e-23],[3.15471418e-01 3.44232643e-51],600
Kepler-535,Gaia DR3 2134893660047959040,0.7325170717865233,[0.80696457],[2.17024415e-01 2.44317491e-24],[3.36967091e-01 2.47571011e-58],600
Kepler-1315,Gaia DR3 2080388566557873280,0.17687988708115046,[0.01658404],[1.98256106e-01 2.19541276e-20],[3.35764255e-01 3.27982629e-58],600
TOI-904,Gaia DR3 4620844400530949376,4.09397277709856,[0.96086362],[1.71533328e-01 3.47472814e-15],[3.34749903e-01 3.74995214e-58],600
HIP 56998,Gaia DR3 5378886891123024512,1.7117571870765005,[0.85251485],[1.68603743e-01 7.40003058e-15],[3.30836589e-01 1.75101802e-56],600
TOI-1266,Gaia DR3 1678074272650459008,0.5994727078545822,[0.57719961],[1.70216308e-01 5.85887751e-15],[2.97180053e-01 1.36366868e-45],600
HD 219666,Gaia DR3 6492940453524576128,0.020808714961293353,[5.21357473e-09],[2.00824441e-01 7.72085714e-21],[3.23880960e-01 1.01605568e-53],600
Kepler-500,Gaia DR3 2079563829758338432,1.5280621161247774,[0.98756709],[2.24892352e-01 2.95815416e-26],[3.46726479e-01 4.76385059e-62],600
TOI-1836,Gaia DR3 1428639816392087552,0.34862119013277926,[0.18589007],[1.86590521e-01 5.34219702e-18],[3.28372883e-01 2.42359069e-55],600
HD 2952,Gaia DR3 418206501834841600,0.6993208520660028,[0.59431128],[1.86840093e-01 5.91643200e-18],[3.18999412e-01 2.33290336e-52],600
HD 21411,Gaia DR3 5056511692465250304,1.055209486259386,[0.92822608],[1.24181578e-01 4.71878492e-08],[3.15088074e-01 1.66641356e-51],600
HD 6718,Gaia DR3 2475153682334693120,0.8425472821600718,[0.66800261],[1.78333932e-01 1.69618612e-16],[3.33358744e-01 1.42944759e-56],600
TOI-329,Gaia DR3 2407507535105410944,0.035656068472347334,[6.23614929e-07],[2.20094657e-01 8.17605864e-25],[3.51485566e-01 1.80018912e-63],600
HD 106270,Gaia DR3 3581292685166588672,1.4008502075039129,[0.83752059],[1.41155529e-01 1.57932796e-10],[3.40656933e-01 1.53738605e-59],600
HD 176986,Gaia DR3 4199396753205879040,1.1283778566956912,[0.73486592],[1.68638328e-01 9.17751172e-15],[3.21170286e-01 6.68389573e-53],600
WASP-48,Gaia DR3 2141754578242371584,0.173886600444086,[0.00636842],[1.97977017e-01 3.43150508e-20],[3.30137255e-01 1.25235476e-56],600
WASP-133,Gaia DR3 6778662809294560896,2.018717384520953,[0.94548596],[2.61972513e-01 3.98000117e-35],[3.38088598e-01 3.88311461e-59],600
Kepler-1632,Gaia DR3 2078297810838102272,0.10059101224896612,[0.00020926],[2.02346711e-01 5.67564715e-21],[3.14536699e-01 3.10776841e-51],600
TOI-733,Gaia DR3 5392409372314518656,0.205182317809567,[0.03240853],[1.61724741e-01 1.01141193e-13],[3.11402444e-01 1.33584933e-49],600
WASP-184,Gaia DR3 6173435259395017344,3.6609181993724302,[0.99568587],[2.61826145e-01 1.07254956e-33],[3.49427237e-01 1.57037645e-60],573
Kepler-337,Gaia DR3 2127851116271982848,0.44405741377795854,[0.14442327],[2.17227686e-01 2.93083940e-24],[3.34005090e-01 4.35031397e-58],600
Kepler-1598,Gaia DR3 2130770766319922560,3.1996541685460147,[0.99111882],[2.15158483e-01 6.32746887e-24],[3.32091838e-01 4.06787045e-57],600
HD 116029,Gaia DR3 1446584503287858560,1.7192470745130548,[0.85793272],[1.70836557e-01 3.62338834e-15],[3.32518034e-01 5.69620378e-57],600
K2-382,Gaia DR3 4083952670840373504,1.009742136343055,[0.85745543],[1.47305443e-01 3.19724352e-11],[3.31177356e-01 1.66908978e-56],600
Kepler-1394,Gaia DR3 2106981831520836736,1.1944912914913974,[0.88364764],[2.10042378e-01 4.03335793e-23],[3.28606545e-01 1.29393819e-55],600
Kepler-1072,Gaia DR3 2126806992544494720,1.0135951059943449,[0.77171748],[2.02229058e-01 9.04313789e-12],[3.23909755e-01 9.92531183e-30],329
HD 16141,Gaia DR3 2495335115182966016,0.07002272565433185,[0.00959923],[1.30910174e-01 6.66318990e-09],[3.16526902e-01 6.48838004e-51],600
WASP-148,Gaia DR3 1358355738906114816,1.6844128076462213,[0.92811502],[2.05156728e-01 1.49498280e-21],[3.43085931e-01 6.18616913e-61],600
Kepler-1026,Gaia DR3 2103502465633672320,2.4446531036395336,[0.8181199],[9.48728250e-02 7.59448961e-05],[3.07745855e-01 1.94997733e-49],600
Kepler-1219,Gaia DR3 2086389357427331712,0.7959502911581847,[0.72484033],[2.20388689e-01 7.02570529e-25],[3.16541346e-01 5.47586905e-52],600
Kepler-1698,Gaia DR3 2052368955838887808,2.8099324068616784,[0.93718297],[1.70555637e-01 3.02436640e-15],[3.03887531e-01 1.88305434e-47],600
GJ 1214,Gaia DR3 4393265392168829056,0.13374252256954638,[0.00349161],[1.56498026e-01 7.13991051e-13],[3.27621841e-01 2.82201742e-55],600
K2-289,Gaia DR3 4325505960880989952,0.15240223743410258,[0.01260599],[1.66772967e-01 1.43907043e-14],[3.16541597e-01 1.24363315e-51],600
HD 8326,Gaia DR3 5036553052456200320,1.2383734385840959,[0.79122642],[1.70420370e-01 8.13803997e-15],[3.09306414e-01 8.92409613e-50],600
K2-77,Gaia DR3 37619725922094336,9.010971570554187,[0.9842574],[1.29296943e-01 1.60899106e-08],[3.34362592e-01 4.08702059e-58],600
Kepler-1843,Gaia DR3 2053569485093626752,0.052598557183789314,[7.5799464e-07],[2.25841200e-01 1.77948069e-26],[3.17405014e-01 9.71697527e-52],600
G 264-012,Gaia DR3 2222540228723911168,8.623671747046915,[0.98274466],[1.26976643e-01 1.26273392e-08],[3.23798141e-01 3.70045729e-54],600
Kepler-94,Gaia DR3 2119602202081351168,0.9106359831788854,[0.87215889],[1.85080699e-01 1.26677421e-17],[3.14256618e-01 4.70703004e-51],600
Kepler-1395,Gaia DR3 2128478044059903872,2.113706569400351,[0.94052175],[2.03834642e-01 2.58125853e-21],[3.29086269e-01 8.84148394e-56],600
HD 196067,Gaia DR3 6369544118965772416,5.029169524368132,[0.99334341],[1.43104111e-01 1.14777176e-10],[3.14286195e-01 3.76020537e-51],600
Kepler-480,Gaia DR3 2135044568018500096,2.2970282207594583,[0.95614478],[2.46076270e-01 1.14035134e-30],[3.19810011e-01 6.67367751e-53],600
Kepler-424,Gaia DR3 2086877265710250496,1.238015832641815,[0.97567109],[2.36279698e-01 1.58365734e-28],[3.37811683e-01 2.41287632e-59],600
TOI-824,Gaia DR3 5880886001621564928,0.2025424873101683,[0.06485774],[1.42282841e-01 1.22756541e-10],[3.16995032e-01 1.32775934e-51],600
TOI-244,Gaia DR3 5001098681543159040,1.754177664612545,[0.92211081],[1.53006241e-01 2.31199063e-12],[3.37488925e-01 5.02722181e-59],600
WASP-110,Gaia DR3 6678937478314860160,0.012910615968987514,[1.60884391e-09],[2.05637173e-01 7.11621092e-22],[3.34069429e-01 8.20733293e-58],600
CoRoT-4,Gaia DR3 3113201890547554432,2.9844709756987933,[0.99112954],[2.16234832e-01 2.50671801e-24],[3.19621175e-01 7.72329463e-53],600
HD 213472,Gaia DR3 1909401760972212224,0.007160495061135225,[9.72770244e-09],[1.69252609e-01 6.80035452e-15],[3.27531551e-01 1.56653193e-55],600
MASCARA-4,Gaia DR3 5245968236116294016,3.387552370766388,[0.93603403],[1.26301114e-01 2.74624115e-08],[3.24735230e-01 2.53632738e-55],600
K2-171,Gaia DR3 2612301329648852224,0.36102415329521964,[0.08307276],[2.38752569e-01 2.82333375e-29],[3.17871640e-01 1.26625986e-51],600
Kepler-1232,Gaia DR3 2086814864122389760,0.10620020137272021,[0.00529878],[2.05551731e-01 5.74198643e-22],[3.31766713e-01 4.21817016e-57],600
Kepler-173,Gaia DR3 2077485271747441280,1.5144913396559632,[0.96154001],[1.97574367e-01 4.13433077e-20],[3.19355735e-01 6.24427473e-53],600
K2-118,Gaia DR3 609814922864694400,0.5413567429039853,[0.28594321],[2.11290581e-01 2.57659467e-23],[3.35945928e-01 8.87931678e-59],600
Kepler-348,Gaia DR3 2073750986669231232,1.9620888481179666,[0.98755149],[1.84992489e-01 1.14625362e-17],[3.04514082e-01 1.19286382e-47],600
Kepler-1479,Gaia DR3 2132114850564827008,0.020558542775852028,[1.32049065e-08],[2.16555675e-01 2.56912375e-24],[3.61652136e-01 2.74021697e-67],600
GJ 504,Gaia DR3 3732539683617410816,0.7120763367121418,[0.32300509],[1.69311935e-01 4.69866726e-15],[3.16737284e-01 1.07121149e-51],600
TOI-4342,Gaia DR3 6355915466181029376,6.4018891769715,[0.98973853],[1.42861188e-01 7.92119063e-11],[3.29199508e-01 6.47003145e-56],600
HIP 94235,Gaia DR3 6632318361397624960,7.299085254888338,[0.98698654],[1.57469769e-01 7.81578221e-13],[3.18603377e-01 1.69437597e-52],600
TOI-1601,Gaia DR3 338382713564401920,1.1661339063950595,[0.86688371],[1.98321905e-01 3.71057334e-20],[3.19619637e-01 1.78557692e-52],600
XO-6,Gaia DR3 1114308481603347584,1.624698366844746,[0.95406634],[1.98820895e-01 1.43706867e-20],[3.15841252e-01 1.72833682e-51],600
WASP-186,Gaia DR3 2790691147020786816,2.447399050431309,[0.99068104],[2.05795552e-01 8.51809392e-22],[3.42796004e-01 1.62656701e-60],600
K2-101,Gaia DR3 661004400386393984,238190.85211592243,1.0,[1.25626009e-01 4.57333350e-08],[3.16143410e-01 1.11878011e-51],600
HD 168009,Gaia DR3 2115351387048328832,0.25005494234104914,[0.06826499],[1.65436706e-01 2.56302332e-14],[3.26344096e-01 6.21551719e-55],600
WASP-142,Gaia DR3 5674618444832114304,0.33909355959535686,[0.04056248],[2.24438199e-01 7.69342562e-26],[3.24780589e-01 4.06607562e-54],600
KOI-3503,Gaia DR3 2077601373302068352,0.20994579428793814,[0.02999379],[2.32134399e-01 8.93716511e-28],[3.59462902e-01 1.09359425e-66],600
Kepler-1084,Gaia DR3 2129464546506876928,1.5966421999781142,[0.96509308],[2.18270907e-01 1.41785904e-24],[3.08109261e-01 7.01426896e-49],600
HD 1605,Gaia DR3 2862328869351558272,0.3224125170820907,[0.19618834],[1.67954732e-01 1.34460830e-14],[3.24309602e-01 1.12073534e-53],600
K2-406,Gaia DR3 6214868495365748096,0.901192700514556,[0.65979718],[1.32736343e-01 3.58411076e-09],[3.07643093e-01 1.76928794e-48],600
HD 89744,Gaia DR3 804739952015901056,4.656333103625215,[0.95715989],[1.65655831e-01 1.68990194e-14],[3.16935684e-01 4.96809987e-52],600
HD 92788,Gaia DR3 3802549437248150656,0.9412850579957752,[0.64909049],[1.68298068e-01 9.36013798e-15],[3.23602821e-01 1.82747230e-54],600
Kepler-1936,Gaia DR3 2127007584695708416,5.086333600150609,[0.99641848],[1.89642632e-01 1.12141546e-18],[3.28269112e-01 2.10895033e-55],600
HD 137388,Gaia DR3 5778418870846853888,1.191028632356621,[0.88922858],[1.40115943e-01 2.93078384e-10],[3.15403442e-01 2.41203219e-51],600
Kepler-352,Gaia DR3 2085281530744134272,0.8092266565000693,[0.59211165],[1.93023141e-01 3.56332739e-19],[3.19923157e-01 4.02023634e-53],600
HD 4917,Gaia DR3 2376225982619175424,2.7407392277972535,[0.98639255],[2.14707658e-01 1.26716519e-23],[3.30726745e-01 1.91193866e-56],600
K2-243,Gaia DR3 3597570989175080576,0.6981569065236625,[0.63209727],[2.10973494e-01 4.33032378e-23],[3.30295053e-01 2.15873575e-56],600
K2-91,Gaia DR3 149858216482858112,3.319586346109861,[0.92401901],[1.30921164e-01 5.78729839e-09],[3.19466805e-01 7.06081962e-53],600
GJ 3470,Gaia DR3 654687847820642560,3.4553579960552896,[0.95609529],[1.56150285e-01 1.69269085e-12],[3.19941761e-01 2.12029875e-52],600
HD 27631,Gaia DR3 4840050395924931968,1.6103409580385202,[0.83740712],[1.58292208e-01 4.27765154e-13],[3.30565167e-01 8.87480761e-57],600
TOI-1444,Gaia DR3 2274696151198328960,0.3930025943438983,[0.16241453],[1.62360679e-01 1.15065394e-13],[3.30194834e-01 9.56035422e-57],600
NGTS-4,Gaia DR3 2891248292906892032,0.013017071738962391,[1.21159926e-07],[1.68835908e-01 6.01773625e-15],[3.39978324e-01 1.03747809e-59],600
WASP-150,Gaia DR3 1416731285125373184,1.5716971926161283,[0.90990533],[2.11409267e-01 4.17240778e-23],[3.50164216e-01 7.11330400e-63],600
HATS-25,Gaia DR3 6287125101007614080,0.6020999164186026,[0.65509539],[2.37683184e-01 8.13831504e-29],[3.22088303e-01 3.29070312e-53],600
HD 32518,Gaia DR3 497653157602636928,0.5167936417284332,[0.41145798],[1.84790000e-01 8.27761256e-18],[3.13477265e-01 1.27041481e-50],600
KELT-24,Gaia DR3 1076970406751899008,7.824980320903892,[0.95875558],[1.70033050e-01 4.99045481e-15],[3.12290187e-01 3.79024235e-50],600
HD 28109,Gaia DR3 4668163021600295552,1.356167866492846,[0.89729393],[1.75749118e-01 3.85870069e-16],[3.48207552e-01 1.75114188e-62],600
K2-254,Gaia DR3 3596876269626641664,2.4282913516292157,[0.94350631],[2.17158241e-01 4.44609690e-24],[3.18031042e-01 3.98324145e-52],600
Kepler-530,Gaia DR3 2131736137528127744,1.1475848797395491,[0.90996342],[2.26825142e-01 2.41038978e-26],[3.34326541e-01 8.37795119e-58],600
Kepler-1499,Gaia DR3 2103741437614605312,2.060202635779237,[0.95563105],[1.59173777e-01 5.13402372e-13],[3.21424284e-01 1.54334060e-53],600
Kepler-339,Gaia DR3 2128911251641171200,2.869108993354504,[0.98853224],[2.15086988e-01 4.51402731e-24],[3.42639789e-01 2.35713113e-60],600
K2-207,Gaia DR3 2549087623029238400,0.4049485426245749,[0.1557827],[2.38324071e-01 6.38788203e-29],[3.53393387e-01 2.11300048e-64],600
K2-335,Gaia DR3 658060049982487040,1.3911351555031761,[0.78678236],[2.21547593e-01 2.86354594e-25],[3.44473199e-01 3.50998216e-62],600
TOI-4443,Gaia DR3 4529634417760144896,2.7403993661954034,[0.96750748],[1.49688248e-01 9.88797758e-12],[3.24661988e-01 9.83001280e-55],600
Kepler-368,Gaia DR3 2126660856277325696,0.4028351510688675,[0.17794224],[2.06194517e-01 2.73248654e-22],[3.10878721e-01 8.94021439e-50],600
KELT-2 A,Gaia DR3 3438059369839738624,0.8093623275523922,[0.3641253],[1.84997356e-01 1.06760590e-17],[3.35025434e-01 1.50311307e-57],600
Kepler-1310,Gaia DR3 2103628462794226304,2.2341669654379066,[0.96021603],[2.25063491e-01 3.31355130e-26],[3.27013041e-01 3.66554228e-55],600
Kepler-157,Gaia DR3 2052941389074846336,1.4913523806760278,[0.98025919],[2.18757316e-01 1.10364548e-24],[3.47830582e-01 1.46321180e-62],600
PH2,Gaia DR3 2139300262131379584,4.861382987079433,[0.97459195],[1.50959769e-01 9.13604877e-12],[3.20769166e-01 1.68617112e-53],600
Kepler-1010,Gaia DR3 2102899314789524480,0.8091907468871901,[0.87706792],[2.34528288e-01 2.13435160e-28],[3.35462767e-01 1.32008730e-58],600
HD 25463,Gaia DR3 3301771025223950336,1.3161398947939063,[0.90306294],[1.50618652e-01 7.82136805e-12],[3.22080372e-01 2.16442119e-53],600
Kepler-1130,Gaia DR3 2106406069684947840,0.883453284211079,[0.69511369],[1.5939021e-01 2.8453152e-13],[3.24391184e-01 7.90722893e-55],600
HD 219139,Gaia DR3 2810597431380568448,3.403270381607776,[0.98831162],[1.78444213e-01 2.38023479e-16],[3.14695070e-01 6.19678448e-51],600
Kepler-2000,Gaia DR3 2132144056342471168,0.3502994905349384,[0.36886882],[1.50971720e-01 6.60184574e-12],[3.23533486e-01 5.64132432e-54],600
Kepler-1850,Gaia DR3 2106001651264391040,2.248158023438559,[0.94315827],[1.73922461e-01 8.70107904e-16],[3.30109210e-01 1.28092164e-56],600
TOI-1472,Gaia DR3 402396521052843264,1.2149294129260566,[0.91472229],[1.63226818e-01 4.59845464e-14],[3.12731144e-01 2.22870382e-50],600
TOI-2589,Gaia DR3 5566108398204103424,0.40438109942079836,[0.22065757],[1.30414951e-01 6.51110205e-09],[3.13035075e-01 7.95073590e-51],600
TOI-451,Gaia DR3 4844691297067063424,3.4366390016784294,[0.98354654],[1.62627364e-01 1.09733519e-13],[3.22099391e-01 1.72431877e-53],600
WASP-77 A,Gaia DR3 5178405479961698048,0.5819226016602472,[0.3303887],[1.58046136e-01 6.02294618e-13],[3.37098830e-01 4.47985565e-58],600
HAT-P-7,Gaia DR3 2129256395211984000,0.12241254308419774,[0.0029073],[1.71309870e-01 2.82648576e-15],[3.27326764e-01 4.43848888e-55],600
G 261-6,Gaia DR3 2289304297045379456,5.790112385136695,[0.92008064],[1.53225489e-01 2.83554377e-12],[3.25114128e-01 1.06073009e-54],600
TOI-1744,Gaia DR3 2239296103032464768,3.858142156453396,[0.91873899],[1.89165529e-01 1.29051787e-18],[3.32690362e-01 1.26909851e-57],600
EPIC 212297394,Gaia DR3 6294955311720593024,2.3200612217810748,[0.9921413],[2.27427807e-01 9.33140599e-27],[3.36219430e-01 2.26386244e-58],600
AF Lep,Gaia DR3 3009908378049913216,6.678331304613789,[0.98727072],[1.50941585e-01 6.08809824e-12],[3.25651466e-01 5.58648937e-55],600
HIP 66074,Gaia DR3 1712614124767394816,0.3026942351537575,[0.04726495],[1.85627896e-01 8.70732302e-18],[3.13056151e-01 2.13246648e-50],600
KELT-10,Gaia DR3 6710517793025165696,1.1728373436672115,[0.8447945],[1.99342222e-01 2.94313952e-20],[3.03388630e-01 1.27567599e-47],600
Kepler-100,Gaia DR3 2101733244046205568,0.03128587644052763,[5.69419451e-05],[1.5141985e-01 5.3847086e-12],[3.17098164e-01 9.99143561e-52],600
EPIC 201238110,Gaia DR3 3600975145895223040,3.744062648887249,[0.98900111],[1.80054700e-01 8.79808684e-17],[3.29970756e-01 2.79820987e-56],600
WASP-118,Gaia DR3 2562569564026683520,2.2638301126924953,[0.99138391],[2.27510960e-01 7.23601124e-27],[3.56729215e-01 9.12100057e-66],600
Kepler-1398,Gaia DR3 2128776801985730048,0.16039051371222515,[0.00610632],[2.20287803e-01 9.93448069e-25],[3.39583076e-01 7.06055948e-60],600
K2-140,Gaia DR3 3579426053724051584,2.9354941891243396,[0.96410254],[2.24926766e-01 7.29619294e-26],[3.55073618e-01 2.95699468e-65],600
HD 112640,Gaia DR3 1679187115856566528,2.2578730477363593,[0.97327348],[1.99983193e-01 9.00523279e-21],[3.46575808e-01 2.57703651e-62],600
WASP-107,Gaia DR3 3578638842054261248,3.60549607304309,[0.96713945],[1.53207761e-01 2.59654529e-12],[3.30520222e-01 2.82203950e-56],600
K2-355,Gaia DR3 650463970824290816,6.363856567899013,[0.98817977],[2.09224153e-01 1.60730864e-22],[3.49296059e-01 2.55318450e-63],600
TOI-669,Gaia DR3 3777506754255516800,0.009781523243243143,[1.05202108e-08],[1.91457865e-01 5.76088144e-19],[3.33692130e-01 2.21299774e-57],600
Kepler-1934,Gaia DR3 2051019683267537024,4.729441267893385,[0.99459373],[1.50943436e-01 6.36927000e-12],[3.30004409e-01 3.40579159e-56],600
WASP-87,Gaia DR3 6077185317188247936,1.5565623194414169,[0.85748182],[1.62354400e-01 1.03731528e-13],[3.14729399e-01 1.78918740e-51],600
K2-5,Gaia DR3 3791512745687354496,0.3750701464081153,[0.05942153],[1.94179824e-01 1.95809348e-19],[3.2602747e-01 5.1590110e-55],600
HIP 109384,Gaia DR3 2230429435107258752,0.013359674640269385,[1.53686737e-07],[1.54520580e-01 1.40132507e-12],[3.34215649e-01 1.45003066e-57],600
K2-10,Gaia DR3 3798690151434945280,0.29898814043001076,[0.06751775],[2.00598052e-01 1.09606545e-20],[3.23824938e-01 2.35762698e-54],600
TOI-128,Gaia DR3 4621607053580909568,1.5724549755218953,[0.88773193],[1.41990062e-01 1.65611472e-10],[3.16013971e-01 2.79763713e-51],600
GJ 357,Gaia DR3 5664814198431308288,0.11906158174830836,[0.00392759],[1.54862752e-01 1.57460952e-12],[3.19066441e-01 1.46037221e-52],600
Kepler-1139,Gaia DR3 2099735057762220288,2.2690812639781424,[0.99691207],[1.98903558e-01 2.41714201e-20],[3.17992949e-01 4.10123367e-52],600
Kepler-190,Gaia DR3 2127179245948119424,0.7378826530753746,[0.73502899],[1.91384034e-01 4.11614296e-19],[3.30531432e-01 1.42772800e-56],600
TOI-892,Gaia DR3 3010759262610139776,3.0619932555661684,[0.96709948],[1.22641922e-01 6.85119304e-08],[3.06520497e-01 4.03151140e-48],600
HD 202696,Gaia DR3 1847742385838236416,0.5096720045670905,[0.45693213],[1.81318806e-01 6.72397903e-17],[3.17149439e-01 6.36476015e-52],600
Kepler-112,Gaia DR3 2078722600285671936,0.005936412850189843,[9.83284844e-11],[1.77649947e-01 2.56107911e-16],[3.19299136e-01 1.22059377e-52],600
Kepler-1480,Gaia DR3 2129758940745727488,1.74946111595919,[0.97174426],[1.74800090e-01 6.45725763e-16],[3.12029476e-01 2.07746741e-50],600
Kepler-1692,Gaia DR3 2130641436264397568,0.26247042510418894,[0.01908351],[2.26644052e-01 1.15549596e-26],[3.31684535e-01 1.39361402e-56],600
Kepler-10,Gaia DR3 2132155017099178624,0.040391331276870585,[4.50496507e-06],[1.80315445e-01 4.98383362e-17],[3.1206718e-01 5.4674611e-50],600
Kepler-16,Gaia DR3 2133476355197071616,1.3662800786056086,[0.83026877],[1.72599050e-01 1.58383232e-15],[3.39308257e-01 2.89285520e-59],600
Kepler-124,Gaia DR3 2131287021388901504,0.2566251017614599,[0.02475264],[2.08432301e-01 2.58570539e-22],[3.34551934e-01 1.10476269e-57],600
K2-206,Gaia DR3 2549096011101118080,1.069298291515184,[0.86865822],[2.28440334e-01 1.01771359e-26],[3.41370012e-01 1.25887748e-60],600
HD 10697,Gaia DR3 95652018353917056,0.47957731516066393,[0.58703019],[1.30554931e-01 6.03301346e-09],[3.12862548e-01 1.10710276e-50],600
1RXS J160929.1-210524,Gaia DR3 6243841249531772800,4600.407708474562,1.0,[0.0805182  0.00224959],[2.99161445e-01 6.84633054e-46],600
K2-413,Gaia DR3 2439890557725244800,0.6755547245342556,[0.63055607],[2.32874904e-01 4.27931391e-28],[3.48647880e-01 5.41358741e-62],600
HD 110537,Gaia DR3 3681795018676501120,0.312465278787576,[0.0411543],[1.77849835e-01 3.24183364e-16],[3.20162877e-01 9.53362903e-53],600
K2-367,Gaia DR3 2601048588348190976,0.08654225442705032,[0.00031298],[2.12154772e-01 3.14914706e-23],[3.28524063e-01 6.50517334e-55],600
Kepler-11,Gaia DR3 2076960598545789824,0.3001831251005149,[0.27809703],[1.94831998e-01 1.45548139e-19],[3.44119882e-01 4.23914065e-61],600
Kepler-1743,Gaia DR3 2129407784218783488,0.7488396563628923,[0.57023133],[1.99551731e-01 1.01852498e-20],[3.28785274e-01 8.99572521e-56],600
Kepler-466,Gaia DR3 2134719834131370496,2.0022593013616814,[0.97266277],[1.94108180e-01 1.87478739e-19],[3.22709634e-01 1.64353343e-53],600
Gl 410,Gaia DR3 3988689609004982912,6.5672773706251375,[0.98807869],[1.58827155e-01 3.33468604e-13],[3.25850403e-01 5.93376114e-55],600
HAT-P-11,Gaia DR3 2086512227851023872,0.3995375713301607,[0.23997935],[1.62176098e-01 1.05248800e-13],[3.18788596e-01 1.80878725e-52],600
K2-322,Gaia DR3 3860369901894562304,3.9818497406822013,[0.96735148],[1.72113107e-01 1.71100443e-15],[3.35322557e-01 4.69734198e-58],600
HD 112570,Gaia DR3 1530780980576364032,1.1366685751144092,[0.87901209],[1.50335202e-01 1.13422507e-11],[3.15585781e-01 2.57426322e-51],600
HD 28254,Gaia DR3 4781553628548774656,0.7479980344158125,[0.76934132],[1.45279043e-01 5.11092706e-11],[3.15344134e-01 1.37025041e-51],600
Kepler-507,Gaia DR3 2135314184585149696,0.7404392910431583,[0.576463],[2.03319495e-01 1.99836434e-21],[3.37176500e-01 6.49702829e-59],600
Kepler-201,Gaia DR3 2077386315701921920,2.205408074607213,[0.96689903],[1.95676007e-01 9.89971846e-20],[3.23398847e-01 1.82997897e-53],600
Kepler-161,Gaia DR3 2102046952760377728,1.46701213814144,[0.87985603],[1.91760914e-01 5.02738160e-19],[3.27880263e-01 1.48013367e-55],600
Kepler-5,Gaia DR3 2079018300195390464,4.534382247325849,[0.99242027],[2.41378764e-01 1.15105312e-29],[3.41271233e-01 2.41696020e-59],600
Kepler-826,Gaia DR3 2100219392634493568,0.7412843250783401,[0.62866925],[2.30731779e-01 4.55849553e-27],[3.12371584e-01 7.92375273e-50],600
TOI-1260,Gaia DR3 1053809778428567680,0.7074081625211494,[0.45907477],[1.84988572e-01 8.71363198e-18],[3.30819480e-01 9.05075637e-57],600
HD 20782,Gaia DR3 5060104351007433472,0.694229693187116,[0.68606116],[1.40996181e-01 2.79772234e-10],[3.28773435e-01 1.41478608e-55],600
TOI-3984 A,Gaia DR3 1291955578869575552,1.9562502975983664,[0.9522043],[1.79218464e-01 1.17148225e-16],[3.16966088e-01 1.35732674e-51],600
WASP-117,Gaia DR3 4746157737910069888,0.3677794595594448,[0.06422857],[2.22128075e-01 2.11457535e-25],[3.46030538e-01 8.55472611e-62],600
Kepler-1988,Gaia DR3 2078996825361036160,2.415134586327678,[0.98879235],[1.84003034e-01 1.63957483e-17],[3.19860435e-01 3.42297009e-53],600
K2-265,Gaia DR3 2597119620985658496,2.8212463005591126,[0.972898],[2.02635290e-01 3.55553709e-21],[3.32798333e-01 5.70723277e-57],600
HD 95544,Gaia DR3 1133573746387113856,0.1403491697857533,[0.00168804],[1.82373331e-01 3.08155248e-17],[3.30242544e-01 2.81592902e-56],600
WASP-56,Gaia DR3 4001613814138156416,1.4144650078577476,[0.83894854],[2.01047092e-01 6.95056800e-21],[3.53690939e-01 2.11716412e-64],600
K2-158,Gaia DR3 3596003497911958528,0.21376063342462923,[0.0291425],[2.09113964e-01 1.09085575e-22],[3.28724587e-01 4.85541038e-56],600
Kepler-1816,Gaia DR3 2135427576021495168,0.21408684636250205,[0.01745547],[2.04324895e-01 8.79706478e-22],[3.11675480e-01 8.93796097e-50],600
Kepler-114,Gaia DR3 2128939873302216320,0.21673800634640844,[0.00833995],[1.83840656e-01 2.01475103e-17],[3.27071203e-01 7.53931997e-56],600
K2-334,Gaia DR3 610858393758591104,7.411969061103581,[0.95916797],[1.88666259e-01 2.14763853e-18],[3.35333138e-01 2.32972413e-58],600
TOI-2373,Gaia DR3 5097529733950580736,0.08041488941156948,[2.00663606e-05],[2.51383590e-01 8.72568683e-33],[3.40504840e-01 1.37259889e-59],600
TOI-5301,Gaia DR3 2776823148594090752,3.2815245392993933,[0.98103255],[2.58693634e-01 9.37401894e-27],[3.28647421e-01 8.53873111e-44],470
K2-285,Gaia DR3 2657374606238804992,1.359940165605283,[0.86771518],[1.72622646e-01 1.76877487e-15],[3.02641038e-01 8.16147444e-47],600
K2-231,Gaia DR3 4184182737768311296,3670.0000511944463,1.0,[1.59996450e-01 4.66562815e-13],[3.30898271e-01 1.33130365e-56],600
HAT-P-14,Gaia DR3 1340497608486742400,4.566739333991083,[0.99509008],[1.88747900e-01 1.55427415e-18],[3.51068774e-01 5.59786004e-64],600
HD 97658,Gaia DR3 3997075206232885888,5.394087755803547,[0.96604533],[1.53674711e-01 1.99679408e-12],[3.37201906e-01 2.58345220e-58],600
HD 79498,Gaia DR3 686996756484129664,1.308153069024416,[0.872875],[1.76554954e-01 3.55039081e-16],[3.26420111e-01 1.40262003e-54],600
Kepler-1446,Gaia DR3 2127777307254217472,0.8629955835872107,[0.74310414],[1.61602874e-01 1.45192886e-13],[3.36878460e-01 8.29594425e-59],600
TOI-2842,Gaia DR3 3046327742219111808,1.959334858072249,[0.88947729],[1.85552664e-01 8.99586965e-18],[3.26689069e-01 3.80397695e-55],600
Kepler-76,Gaia DR3 2052441008208934144,3.3846691619916687,[0.98181247],[1.88170763e-01 2.15693230e-18],[3.45664248e-01 9.10044120e-62],600
kap CrB,Gaia DR3 1372702716380418688,0.4010940089371815,[0.29624988],[1.69211492e-01 6.15932325e-15],[3.06310796e-01 3.88003251e-48],600
HD 11977,Gaia DR3 4697508196671120000,0.41606843623317047,[0.51608829],[1.46389327e-01 3.36364094e-11],[3.30254599e-01 1.78273213e-56],600
Kepler-621,Gaia DR3 2053067935992494848,1.2052819056200985,[0.95202712],[2.06489479e-01 7.23688111e-22],[3.25667656e-01 2.03298993e-54],600
WASP-193,Gaia DR3 5453063823882876032,0.20907213773593933,[0.02277769],[1.98404131e-01 2.40141604e-20],[3.20375896e-01 4.34893451e-52],600
K2-251,Gaia DR3 3675248118423392256,3.190989992820039,[0.99336413],[1.64112615e-01 5.03293029e-14],[3.19969382e-01 2.06752212e-53],600
TOI-2337,Gaia DR3 2239684947894267392,0.2020123014549991,[0.01299165],[2.04517292e-01 1.32991790e-21],[3.34706442e-01 6.15441568e-58],600
TOI-672,Gaia DR3 5396580575830873728,1.1407231194394547,[0.73867159],[1.64914771e-01 3.69798301e-14],[3.20579669e-01 1.05318861e-52],600
xi Aql,Gaia DR3 4298361114753012992,0.5336802763032228,[0.39815074],[1.91483915e-01 5.69388135e-19],[3.27125528e-01 3.35368738e-55],600
HD 147018,Gaia DR3 5831054382288870912,0.907181616943093,[0.71732006],[1.51092504e-01 5.77251690e-12],[3.27279986e-01 3.69711138e-55],600
K2-348,Gaia DR3 690310993768911104,0.15146021893700068,[0.1529292],[1.19293678e-01 4.43987778e-07],[3.18092883e-01 4.67336327e-52],600
HD 19994,Gaia DR3 3265335443260522112,13.76274821942436,[0.9967799],[1.45554333e-01 4.27785721e-11],[3.10777653e-01 7.91333682e-50],600
HD 125271,Gaia DR3 5772625505422769024,0.47372909643615,[0.21632753],[1.51611759e-01 5.03175391e-12],[3.24338583e-01 3.72875288e-54],600
K2-176,Gaia DR3 49842515651843200,1.1863489464978603,[0.88909877],[1.96673914e-01 4.23925863e-20],[3.31192253e-01 1.64931395e-56],600
Kepler-1735,Gaia DR3 2119222252094710912,0.3140561303708316,[0.27936028],[1.55463342e-01 1.26697488e-12],[3.31796448e-01 1.01657672e-56],600
HAT-P-4,Gaia DR3 1291120362349158016,0.4280500339059219,[0.07170082],[2.46797404e-01 4.59848971e-31],[3.32362301e-01 1.01586603e-56],600
Kepler-1935,Gaia DR3 2073307917844452480,0.15525979062139725,[0.03501656],[1.90061703e-01 1.66546149e-18],[3.42868873e-01 2.48269584e-60],600
Kepler-568,Gaia DR3 2086543048537237760,0.1550226223683742,[0.04522955],[1.50455496e-01 7.22397818e-12],[3.20977862e-01 2.18505552e-53],600
K2-39,Gaia DR3 2609222216055014144,0.3001511902334914,[0.06419411],[2.22105286e-01 2.36445127e-25],[3.47043836e-01 2.22131468e-62],600
CoRoT-36,Gaia DR3 4477340334766250496,3.0563575514854127,[0.98694603],[2.32809731e-01 6.88150677e-28],[3.22613981e-01 4.92380598e-54],600
TOI-262,Gaia DR3 5019835424832215424,0.3247135142631609,[0.21572273],[1.73571266e-01 1.36019742e-15],[3.0356148e-01 1.9774243e-47],600
WASP-90,Gaia DR3 1737061349198867456,0.43964505311939517,[0.06015143],[2.73925473e-01 1.74125053e-38],[3.61942412e-01 2.78182178e-67],600
HD 105779,Gaia DR3 3567602184853029760,0.8598588324580997,[0.55711114],[1.66508343e-01 1.99555466e-14],[3.18559215e-01 4.95482276e-52],600
HATS-3,Gaia DR3 6805886373600546176,0.3715431484252374,[0.21765424],[2.38249461e-01 4.71601401e-29],[3.38151209e-01 4.66498164e-59],600
K2-385,Gaia DR3 2552976943549668352,0.048824811087869936,[1.68924611e-06],[2.46502508e-01 1.79931903e-31],[3.59001656e-01 7.37812844e-67],600
Kepler-1868,Gaia DR3 2078226308223597696,7.222378199993404,[0.99220327],[1.6658716e-01 1.9352856e-14],[3.01047696e-01 4.84866885e-47],600
HD 143361,Gaia DR3 5991331601015519104,0.47600654755524213,[0.41164279],[1.41837698e-01 1.81268815e-10],[3.17245855e-01 2.03541356e-51],600
CoRoT-3,Gaia DR3 4263427117767106816,1.3803377321872523,[0.9450595],[2.12766832e-01 3.05078901e-23],[3.43967783e-01 6.13872420e-61],600
Kepler-271,Gaia DR3 2105343799713595904,0.6459169903019121,[0.75798744],[2.00284611e-01 1.26939564e-20],[3.14312424e-01 1.23980182e-50],600
K2-132,Gaia DR3 3582339626395387264,1.3474834332775116,[0.93491669],[3.04882348e-01 1.11241152e-31],[3.58439212e-01 5.98275783e-43],391
HD 40979,Gaia DR3 961428192989499904,2.847768285326532,[0.96777647],[1.71624425e-01 4.50746678e-15],[3.17234298e-01 1.35985910e-51],600
Kepler-1576,Gaia DR3 2101318556367845888,6.25187992748919,[0.99290349],[1.64613527e-01 5.75963706e-14],[3.29027246e-01 9.26591569e-56],600
Kepler-1338,Gaia DR3 2103743018162573952,0.6044625175754359,[0.35196129],[2.35204004e-01 2.56606736e-28],[3.16436577e-01 5.65719950e-51],600
HD 221287,Gaia DR3 6489603813690967808,1.4218691341735452,[0.96271972],[1.54175151e-01 1.31215665e-12],[3.28205736e-01 7.34716936e-56],600
HD 154088,Gaia DR3 6029992663310612096,1.8814391128342363,[0.89449676],[1.59596236e-01 3.07268040e-13],[3.02575877e-01 2.30993098e-47],600
Kepler-805,Gaia DR3 2126508676995012352,0.5415334638344554,[0.35058232],[2.18818257e-01 4.92983042e-25],[3.33018886e-01 1.49193782e-56],600
K2-404,Gaia DR3 3884361314332210304,0.03320421687141317,[3.7977265e-05],[1.60090776e-01 1.87640846e-13],[3.18486668e-01 3.45682034e-52],600
TOI-519,Gaia DR3 5707485527450614656,4.4380778596794865,[0.98766818],[1.85845378e-01 5.99769492e-18],[3.31095174e-01 9.07772568e-57],600
Kepler-516,Gaia DR3 2073155184495069184,1.6113077323265992,[0.93561833],[1.89028002e-01 1.83033040e-18],[3.29620975e-01 7.22204069e-56],600
Kepler-1178,Gaia DR3 2127340290041707520,1.3618964687438195,[0.89123532],[2.03028969e-01 2.71275304e-21],[3.38576959e-01 4.16242113e-59],600
Kepler-1704,Gaia DR3 2136191736602006016,1.789511298499562,[0.97490044],[2.46560098e-01 2.22582749e-31],[3.50895208e-01 2.30747268e-63],600
EPIC 201841433,Gaia DR3 3909373932553827072,3.663488790180594,[0.99473057],[2.27837031e-01 7.48306673e-27],[3.31934541e-01 2.81849335e-56],600
Kepler-22,Gaia DR3 2127941757262806656,0.12920630865701863,[0.00372409],[1.81878534e-01 2.91491910e-17],[2.98059884e-01 7.26802482e-46],600
GJ 806,Gaia DR3 2070115588901082368,5.837182333231055,[0.98159242],[1.71406683e-01 3.06020787e-15],[3.30211222e-01 3.61109850e-56],600
TOI-1855,Gaia DR3 1247603719345703808,0.054070284739764475,[4.10186135e-05],[1.98587315e-01 1.88045552e-20],[3.26588900e-01 2.13653407e-55],600
Kepler-1346,Gaia DR3 2126604991642285312,1.458654067252375,[0.94366488],[2.20639690e-01 6.17164309e-25],[3.34538022e-01 4.45682149e-58],600
HR 5183,Gaia DR3 3721126409323324416,0.4537010373072706,[0.00154216],[1.89377162e-01 1.56813228e-18],[3.25646576e-01 1.07661192e-54],600
K2-368,Gaia DR3 2613924969021549440,0.8616642838247716,[0.66388071],[2.12479782e-01 2.44355324e-23],[3.29957362e-01 1.08022042e-55],600
Kepler-889,Gaia DR3 2130131297229656832,0.11911629135643499,[0.00017763],[2.12205895e-01 2.33645821e-23],[3.30904504e-01 5.09943844e-56],600
K2-230,Gaia DR3 3676684252407983488,0.723528032806674,[0.64624498],[2.86800403e-01 1.81421573e-40],[3.49302898e-01 1.00792448e-59],567
EPIC 220674823,Gaia DR3 2582617711154563968,0.37911010082659125,[0.18335466],[2.14178647e-01 1.98877197e-23],[3.30241805e-01 6.89528778e-56],600
HIP 70849,Gaia DR3 6099000589942631424,3.1111410582900505,[0.99131169],[1.52500798e-01 3.67135717e-12],[3.26833680e-01 1.75871764e-55],600
HD 31527,Gaia DR3 2972622770521857664,0.7017027778222228,[0.71005232],[1.34194755e-01 2.37941260e-09],[3.20353881e-01 1.90756947e-52],600
HIP 65407,Gaia DR3 1553084230347385344,1.2350162485080378,[0.88492805],[1.61562749e-01 1.02060105e-13],[3.19853468e-01 9.81212142e-53],600
WASP-173 A,Gaia DR3 2323985539482908416,0.35922720606287917,[0.17983187],[2.25760221e-01 7.10200552e-26],[3.34332548e-01 5.22731634e-57],600
Kepler-495,Gaia DR3 2100073393808483328,2.383019219419218,[0.98103373],[2.07466988e-01 3.18657135e-22],[3.27255703e-01 2.42908596e-55],600
HD 180053,Gaia DR3 2050321081068398720,0.857802233163054,[0.77299184],[1.51725256e-01 4.83380093e-12],[3.11049226e-01 1.42500138e-49],600
HD 181433,Gaia DR3 6434153380720177664,0.28521334399879017,[0.16803825],[1.54246607e-01 1.70336179e-12],[3.20335128e-01 3.60129437e-53],600
TOI-1279,Gaia DR3 1574358783911530624,0.1790688744186043,[0.06364501],[1.52388057e-01 4.39601633e-12],[3.04448852e-01 5.86454874e-48],600
Kepler-56,Gaia DR3 2077617930392844800,0.11539130487623322,[0.00034364],[2.09609851e-01 1.11367720e-22],[3.41487678e-01 6.10888516e-60],600
K2-269,Gaia DR3 603087247436468608,0.5853660892820166,[0.15333145],[2.00561439e-01 1.11503829e-20],[3.46142169e-01 1.63141444e-61],600
WASP-101,Gaia DR3 2924661867160818304,4.505378763733518,[0.97906395],[1.71180873e-01 2.35088632e-15],[3.19059644e-01 1.19178742e-52],600
TOI-2669,Gaia DR3 5735664051960550144,0.2635229753753351,[0.00982573],[2.00325174e-01 8.30767927e-21],[3.51309472e-01 7.56744824e-64],600
HIP 90988,Gaia DR3 6703673951620872192,0.8905343220122548,[0.54572142],[1.64677713e-01 3.63240487e-14],[3.12407368e-01 1.56185262e-50],600
HATS-44,Gaia DR3 2907577758566408960,1.197146659276696,[0.86017157],[1.79089229e-01 2.07373611e-16],[3.47808726e-01 9.06039160e-63],600
Kepler-1533,Gaia DR3 2079749956462030720,0.5484190635740219,[0.20425822],[2.60291701e-01 2.78951026e-28],[3.18577559e-01 2.73456549e-42],488
HD 69123,Gaia DR3 5544699390684005248,8.31422453262646,[0.98501354],[1.74288549e-01 7.49022608e-16],[3.34292695e-01 8.61119672e-58],600
TOI-1420,Gaia DR3 2221164434736927360,1.304056507018265,[0.87280751],[1.89081634e-01 1.33968575e-18],[3.26298383e-01 6.44362625e-55],600
Kepler-970,Gaia DR3 2101379205604338688,6.467478664720324,[0.98863232],[1.44562577e-01 1.12225169e-10],[3.06884387e-01 3.06486819e-49],600
Kepler-534,Gaia DR3 2134886100904948608,0.7254435304265175,[0.76357051],[1.97156543e-01 3.96290366e-20],[3.30274289e-01 2.19491453e-56],600
HD 174205,Gaia DR3 2265446887586501120,3.3650574518394785,[0.99428653],[1.92357567e-01 6.98036889e-19],[3.19582977e-01 5.22662728e-52],600
TOI-715,Gaia DR3 5262666416118954368,0.27526290063003006,[0.05560138],[1.68758197e-01 9.81812755e-15],[3.14727937e-01 4.02990391e-51],600
HD 158038,Gaia DR3 4574156834713113600,0.7257075773303137,[0.6245838],[1.67408275e-01 1.48629184e-14],[3.17420286e-01 3.42401636e-52],600
Kepler-93,Gaia DR3 2052747119115620352,0.23976095532079966,[0.02559851],[1.80608941e-01 5.01459447e-17],[3.22486855e-01 8.33034657e-54],600
Kepler-1542,Gaia DR3 2105526799680172032,3.300343670010212,[0.97787496],[1.63831164e-01 5.03175256e-14],[3.20855725e-01 1.05157839e-52],600
K2-196,Gaia DR3 3625009164407557760,3.1236878222116253,[0.97710052],[2.34374850e-01 8.36165411e-23],[3.56686643e-01 4.36307512e-52],482
K2-268,Gaia DR3 604743013163971072,3.4187640672539366,[0.97561596],[2.23021031e-01 8.00738599e-26],[3.43043459e-01 1.91193180e-61],600
Kepler-92,Gaia DR3 2102224661326132864,1.1295028371812916,[0.92653571],[2.03648112e-01 1.70680224e-21],[3.31060505e-01 7.45450161e-57],600
WASP-95,Gaia DR3 6518399301667782016,0.47932720717400296,[0.14488408],[2.05764770e-01 1.11731745e-21],[3.38082762e-01 7.89166579e-59],600
K2-255,Gaia DR3 3682825883842696832,2.333770618779651,[0.95676024],[1.88786318e-01 1.76408367e-18],[3.37168417e-01 6.54026145e-59],600
HD 26161,Gaia DR3 169149766470219520,0.9023536113897658,[0.7434941],[1.42661853e-01 1.27485777e-10],[3.16519000e-01 1.03063925e-51],600
WASP-52,Gaia DR3 2666015878575546496,2.2723421525318095,[0.96527438],[1.85309153e-01 8.70388658e-18],[3.19599206e-01 3.39743578e-52],600
HD 24064,Gaia DR3 549832131164952832,0.615984131147985,[0.66869085],[1.99894010e-01 1.29677768e-20],[3.30302623e-01 3.35720685e-56],600
Kepler-822,Gaia DR3 2053165655089863808,2.5303646903511026,[0.98244347],[2.29817500e-01 3.92001757e-27],[3.43187177e-01 4.46203478e-61],600
L 168-9,Gaia DR3 6491962300492857472,0.80907656900097,[0.695344],[1.49805428e-01 1.13686134e-11],[3.15187322e-01 1.89301725e-51],600
HATS-52,Gaia DR3 5631530950664938240,0.21203622459983662,[0.03207659],[1.88193364e-01 2.46326254e-18],[3.29068189e-01 4.60660323e-56],600
TOI-4137,Gaia DR3 497750842338402560,0.4588707286832865,[0.26313086],[1.95589077e-01 6.48334406e-20],[3.52534566e-01 2.04821803e-64],600
Kepler-1096,Gaia DR3 2080058266393766656,1.514272613236594,[0.96205964],[1.62640550e-01 7.52297238e-14],[3.34509156e-01 1.14367024e-57],600
HD 156668,Gaia DR3 4575374857376398976,5.302874884641907,[0.97827607],[1.68357303e-01 1.08511604e-14],[3.16537994e-01 2.30739348e-51],600
HD 3167,Gaia DR3 2554032474712538880,0.34698264736275763,[0.0702734],[1.78281783e-01 1.43056151e-16],[3.18489113e-01 3.45034856e-52],600
K2-195,Gaia DR3 3624969886932157568,1.6806650614540974,[0.97493046],[2.08295070e-01 1.49705859e-22],[3.26530549e-01 8.30781607e-55],600
Kepler-564,Gaia DR3 2080326444152019456,2.078065858487102,[0.98444966],[2.16169113e-01 4.15789437e-24],[3.25568868e-01 5.96350706e-55],600
Kepler-1569,Gaia DR3 2051721480924900224,2.7776816291794386,[0.98242665],[2.26867275e-01 1.40022897e-26],[3.29497511e-01 9.95341826e-56],600
Kepler-1223,Gaia DR3 2105969082532659328,0.12547736184484698,[0.00198062],[2.01494183e-01 6.62803592e-21],[3.25148898e-01 1.28180912e-54],600
HD 210702,Gaia DR3 1775004778213735168,4.043543712478679,[0.98541661],[1.81726916e-01 4.95618093e-17],[3.44775316e-01 1.06247538e-60],600
Wolf 1061,Gaia DR3 4330690742322011520,2.3743988620200494,[0.9184451],[1.58525333e-01 7.56977084e-13],[3.25002132e-01 2.75451909e-54],600
HIP 35965,Gaia DR3 5493625121366825984,0.010489427131245349,[4.96581856e-07],[1.57679934e-01 4.61587717e-13],[3.24756152e-01 7.35153931e-55],600
HATS-38,Gaia DR3 5472386851683941376,1.5152204288629398,[0.92037132],[1.96449975e-01 6.42180407e-20],[3.27326645e-01 6.88822996e-55],600
HD 4760,Gaia DR3 2556428551067486720,0.025710408065533142,[1.24000746e-07],[2.12175825e-01 1.64854671e-23],[3.39769466e-01 1.23255970e-59],600
Kepler-196,Gaia DR3 2104094071610116608,0.6828037614344211,[0.67948017],[2.11217880e-01 6.58227631e-23],[3.49896333e-01 1.89987334e-62],600
Kepler-1617,Gaia DR3 2130376453962481024,1.0625586521146726,[0.87684482],[2.32126128e-01 1.24539604e-27],[3.44062153e-01 3.97774133e-60],600
Kepler-513,Gaia DR3 2132325200882204544,0.25808571537482106,[0.05320498],[2.11084198e-01 3.74474437e-23],[3.58117771e-01 9.44602175e-67],600
TOI-3261,Gaia DR3 4640654168385886592,0.31893068740806246,[0.13732646],[2.18602503e-01 1.08524285e-24],[3.30001663e-01 2.18334783e-56],600
TOI-564,Gaia DR3 5710154317045164416,5.096419769763762,[0.98166899],[2.02295029e-01 4.92994019e-21],[3.45687034e-01 5.46076909e-62],600
Kepler-1693,Gaia DR3 2129417198787412608,4.725537455181966,[0.99370041],[2.27590945e-01 1.17036614e-26],[3.43383841e-01 2.63217842e-60],600
Kepler-1252,Gaia DR3 2085514146171216768,0.47138295228412336,[0.45121129],[1.98176874e-01 3.12792299e-20],[3.31217922e-01 2.02368364e-56],600
HAT-P-44,Gaia DR3 1506159170017461888,1.7985716697374632,[0.89985963],[2.19919896e-01 5.48628381e-25],[3.51583661e-01 3.55353090e-63],600
HD 11755,Gaia DR3 558504529130235136,0.0009075396997343588,[1.1113037e-20],[1.97786112e-01 4.38967983e-20],[3.16528322e-01 1.54227269e-51],600
Kepler-674,Gaia DR3 2132161785967577728,1.1734693204756754,[0.90561219],[2.01638713e-01 5.25386456e-21],[3.33839554e-01 7.86843386e-58],600
WASP-119,Gaia DR3 4672607178880426624,2.6512646311484303,[0.97303154],[2.09353016e-01 1.80108436e-22],[3.17656061e-01 5.30836831e-52],600
TOI-6054,Gaia DR3 474143193821024256,4.41195285792454,[0.97335838],[1.52739409e-01 3.70413602e-12],[3.23338277e-01 2.25082907e-54],600
LTT 9779,Gaia DR3 2307504062045842688,0.32735968400998494,[0.14959095],[1.63705321e-01 6.91489592e-14],[3.23304872e-01 3.74198578e-53],600
WASP-79,Gaia DR3 4884779765893739904,4.551597670085978,[0.96105524],[2.06657429e-01 6.12220878e-22],[3.35569942e-01 3.04853177e-58],600
TOI-5174,Gaia DR3 3793743895297313408,0.2630489945029323,[0.02374267],[2.13104062e-01 2.35241010e-23],[3.16385611e-01 1.14113528e-51],600
WASP-99,Gaia DR3 4745660479479743488,2.42399062290166,[0.98663763],[2.08189151e-01 1.87916826e-22],[3.18767483e-01 1.83842090e-52],600
WASP-5,Gaia DR3 6533307957785865856,2.014472107100567,[0.98961443],[2.32075534e-01 1.28026407e-27],[3.29317315e-01 1.24133266e-56],600
HD 169830,Gaia DR3 4048037707717866880,2.166071445793676,[0.93070855],[1.73641833e-01 8.64229151e-16],[3.07134411e-01 4.58440472e-48],600
HD 141937,Gaia DR3 6248534171318085376,2.449843997439098,[0.93775009],[1.70726005e-01 4.25843610e-15],[3.17452595e-01 4.10539978e-52],600
Kepler-1109,Gaia DR3 2052983514114840192,0.20561107071925017,[0.05228751],[1.87342189e-01 4.12720447e-18],[3.37536187e-01 3.82681919e-59],600
Kepler-517,Gaia DR3 2077409645964537472,0.006677170944816357,[5.39214269e-08],[1.47231778e-01 2.41635157e-11],[3.13627085e-01 5.67706010e-50],600
TOI-2134,Gaia DR3 4610267648427698816,1.7333771893463088,[0.88184782],[1.69265839e-01 9.02594552e-15],[3.18332508e-01 5.89110508e-52],600
NGTS-24,Gaia DR3 5397086969654628864,2.4917583340570277,[0.99209918],[2.17950763e-01 1.67150373e-24],[3.37369114e-01 1.78521313e-58],600
K2-55,Gaia DR3 6825931948041984256,2.857624035350903,[0.96646754],[1.94250394e-01 1.11308648e-19],[3.38409049e-01 7.64661660e-59],600
Kepler-439,Gaia DR3 2117331813650826624,0.99488619711206,[0.77176105],[2.25400843e-01 4.17543234e-26],[3.16735730e-01 5.79178096e-52],600
Kepler-640,Gaia DR3 2077119748545602304,0.41620812625288667,[0.28248369],[1.89460482e-01 2.69646881e-18],[3.21544500e-01 1.73679959e-53],600
Kepler-1871,Gaia DR3 2051948633156991232,3.7208900573072556,[0.98720299],[2.31947740e-01 4.61875979e-28],[3.37653162e-01 2.26279226e-58],600
K2-386,Gaia DR3 2576755978444329216,2.956984935600071,[0.95387618],[2.52834950e-01 1.72569367e-32],[3.59824790e-01 2.73775323e-67],600
HAT-P-13,Gaia DR3 1014520826353577088,3.9728586503736563,[0.96427457],[2.28923862e-01 4.62018624e-27],[3.35361630e-01 2.86737259e-58],600
Kepler-268,Gaia DR3 2051908157384215296,1.4362475509467632,[0.95256918],[2.15769472e-01 3.84219841e-24],[3.44354137e-01 1.50550760e-60],600
Kepler-1742,Gaia DR3 2106221351731318784,3.845023280577411,[0.99419683],[2.42988187e-01 1.77464950e-30],[3.23382768e-01 3.33636327e-54],600
Kepler-1809,Gaia DR3 2101194109695286272,0.15634540504082328,[0.04555388],[1.42912478e-01 9.95930624e-11],[3.34171284e-01 4.72869468e-57],600
HD 25171,Gaia DR3 4670023700215616768,1.4202590792414294,[0.85548338],[1.39906804e-01 2.57635432e-10],[3.18380544e-01 1.63458709e-52],600
Kepler-1514,Gaia DR3 2051866238502437632,4.199714254776368,[0.96458537],[1.49592241e-01 1.28034230e-11],[3.21683604e-01 2.94393968e-53],600
HD 129445,Gaia DR3 5800013451037514496,0.5106325417927785,[0.56068014],[1.33226552e-01 2.08583697e-09],[3.07712399e-01 4.33702938e-49],600
BD-210397,Gaia DR3 5124636303346779008,1.4045178728855274,[0.83085704],[1.45849036e-01 5.93613018e-11],[3.09985530e-01 2.11924919e-49],600
TIC 241249530,Gaia DR3 995754258812449024,2.0942520828602933,[0.96260354],[2.03115591e-01 1.23004876e-21],[3.43414090e-01 5.99294341e-61],600
WASP-66,Gaia DR3 5444147952811517696,0.4355071307576049,[0.17384246],[1.95677900e-01 9.15586718e-20],[3.14191484e-01 9.06585826e-51],600
HAT-P-31,Gaia DR3 4583004815239650176,2.9684151172552906,[0.97544456],[1.22303774e-01 5.74899058e-08],[3.28064772e-01 1.98779729e-55],600
GJ 680,Gaia DR3 5946986063684477056,0.21989453136200432,[0.01927139],[1.58548726e-01 5.00885517e-13],[3.24526564e-01 9.47242403e-54],600
K2-66,Gaia DR3 2614121364991061888,0.7423130931454518,[0.76365481],[2.24094717e-01 5.01117156e-26],[3.23181678e-01 7.42400298e-54],600
NGTS-5,Gaia DR3 1159042833731813760,2.1628204466218657,[0.92543588],[2.18776903e-01 9.00301716e-25],[3.33489836e-01 4.11268659e-57],600
HD 109246,Gaia DR3 1692267077979468544,0.9451746580317498,[0.79803763],[1.64654123e-01 3.87115316e-14],[3.19224857e-01 1.59249157e-52],600
HD 4313,Gaia DR3 2557541493057378048,2.112976103091974,[0.95441454],[1.81838717e-01 3.87062935e-17],[3.40009288e-01 5.33399525e-59],600
WASP-25,Gaia DR3 6186950525042445824,5.816799305958068,[0.99180235],[1.86395033e-01 4.71535375e-18],[3.40751937e-01 8.82321684e-60],600
GSC 06214-00210,Gaia DR3 6244440552088537600,54.65603731966192,1.0,[9.48414719e-02 8.51899044e-05],[3.00393815e-01 3.40682560e-46],600
Kepler-454,Gaia DR3 2099541715513813504,0.22195744683975238,[0.01626345],[1.78981829e-01 1.47187146e-16],[3.16928050e-01 3.31228113e-52],600
HATS-4,Gaia DR3 2937583121652951936,5.778538741218657,[0.97191837],[1.91418985e-01 6.79596708e-19],[3.41575778e-01 8.34085621e-61],600
Kepler-1656,Gaia DR3 2103392720630278656,1.3222907515139366,[0.9534088],[1.76691996e-01 4.31435351e-16],[3.20013039e-01 1.07003257e-52],600
HIP 21152,Gaia DR3 3285426613077584384,1378.2121404354323,1.0,[1.44520341e-01 8.48220901e-11],[3.17639145e-01 1.22869117e-51],600
Kepler-103,Gaia DR3 2101243789577188736,1.5864733139695812,[0.9430545],[1.83616194e-01 2.91062879e-17],[3.19568785e-01 6.52469179e-53],600
Kepler-545,Gaia DR3 2101191326556650368,1.0167038303406324,[0.91822803],[2.28694607e-01 5.81481178e-27],[3.43867069e-01 5.23509528e-61],600
HD 102956,Gaia DR3 845335158256083584,2.569083807978562,[0.9489094],[1.91111250e-01 7.24447477e-19],[3.18350707e-01 3.11733614e-52],600
Kepler-332,Gaia DR3 2130683904901068800,0.15667908293407964,[0.03400321],[1.42976872e-01 1.29951540e-10],[3.17422313e-01 9.58971433e-52],600
HD 211810,Gaia DR3 2201556328489610752,0.403845664628013,[0.20904809],[1.81391443e-01 3.59104606e-17],[3.34312156e-01 1.34120730e-57],600
Kepler-136,Gaia DR3 2077203178296653056,1.2713966012880775,[0.93495614],[1.71598622e-01 1.76365161e-15],[3.26817616e-01 2.21746281e-55],600
TOI-3629,Gaia DR3 2881820324294985856,0.07753874694321297,[0.00027441],[1.81677533e-01 3.39566149e-17],[3.20589384e-01 2.95580374e-53],600
HIP 8541,Gaia DR3 4912062772547406976,0.065117486578103,[0.00021146],[1.95379316e-01 8.33244318e-20],[3.26801438e-01 5.39314035e-55],600
Kepler-1311,Gaia DR3 2102877015319104640,1.1919762722879985,[0.87530664],[2.12487570e-01 5.53242132e-23],[3.30705915e-01 1.55333108e-56],600
HD 47536,Gaia DR3 5583831735369515008,0.015994734387984422,[2.4125131e-06],[1.66835731e-01 1.48495701e-14],[3.35393708e-01 4.43341196e-58],600
K2-205,Gaia DR3 2536584771367726336,1.321373308470517,[0.93436606],[2.10087099e-01 1.37410562e-22],[3.44362813e-01 2.71167730e-61],600
HD 49674,Gaia DR3 951427000863064192,6.802033028569812,[0.98372968],[1.56332553e-01 1.36848315e-12],[3.22375638e-01 1.39101672e-53],600
Kepler-1776,Gaia DR3 2129103700534539136,3.830770049529336,[0.99632525],[2.11516486e-01 4.32936975e-23],[3.30304841e-01 1.71234010e-56],600
Kepler-880,Gaia DR3 2105274977158196480,1.6048048767463243,[0.94066749],[1.97519386e-01 2.64434812e-20],[3.25547278e-01 1.79757227e-54],600
TOI-849,Gaia DR3 5023809953208388352,0.7655792573931669,[0.7342836],[2.34798301e-01 5.61013762e-28],[3.31736224e-01 4.32327152e-57],600
HD 18599,Gaia DR3 4728513943538448512,3.0492582203538205,[0.97428512],[1.4949921e-01 1.1047029e-11],[3.13845310e-01 1.44000725e-50],600
HATS-53,Gaia DR3 3465357945752055040,0.08261159095204734,[0.00013069],[2.24916506e-01 5.39633335e-26],[3.46555759e-01 7.04170786e-62],600
Kepler-119,Gaia DR3 2077236713401973888,0.6642392496752498,[0.67174208],[1.91163953e-01 6.57295125e-19],[3.46255476e-01 3.37888792e-62],600
HD 203387,Gaia DR3 6835905927256722688,5.014569700181434,[0.9955005],[1.63079291e-01 8.31275702e-14],[3.22977709e-01 7.02880705e-54],600
HIP 57274,Gaia DR3 4021079911593673600,0.11271536257289068,[0.01428705],[1.40498091e-01 2.29866144e-10],[3.16413084e-01 2.06656424e-51],600
HD 125612,Gaia DR3 6296703260330865536,5.168457049934096,[0.98732128],[1.60554863e-01 2.04164732e-13],[3.15726757e-01 1.02251710e-51],600
HD 24040,Gaia DR3 43802039287826432,0.26764546208420087,[0.32538282],[1.13641250e-01 7.59804506e-07],[3.26695523e-01 1.40686790e-54],600
Kepler-982,Gaia DR3 2130393938771375104,2.3158791043257763,[0.9862247],[2.20073848e-01 3.77518607e-25],[3.21044557e-01 4.82733084e-53],600
HIP 39017,Gaia DR3 3068540350999693952,2.480658723195188,[0.94718455],[1.79646859e-01 7.54479117e-17],[3.32730102e-01 4.80330773e-57],600
HATS-33,Gaia DR3 6640975950310072960,1.159293479876622,[0.92379955],[1.93860134e-01 1.94525963e-19],[3.32103074e-01 4.86064360e-56],600
Kepler-1775,Gaia DR3 2100001036496903040,3.4166157687645566,[0.99306285],[2.24102382e-01 7.49307086e-26],[3.45704138e-01 8.80028219e-62],600
Kepler-1869,Gaia DR3 2125751461382627840,0.4046449924088859,[0.08108226],[1.82682412e-01 1.68634728e-17],[3.17573607e-01 3.04322643e-52],600
Kepler-567,Gaia DR3 2086532122140235904,3.1200068814078348,[0.98688016],[1.89962603e-01 1.12437206e-18],[3.04649970e-01 3.37074487e-47],600
HD 98219,Gaia DR3 3534621989981179520,0.3438349439035563,[0.11093496],[1.68532165e-01 8.06067949e-15],[3.34839064e-01 2.19882903e-57],600
HD 98736,Gaia DR3 3977050728669174912,5.473092223176857,[0.99236321],[1.75374020e-01 5.10046047e-16],[3.31257383e-01 1.96088510e-56],600
K2-168,Gaia DR3 6826271727199243264,0.785396692333912,[0.83794716],[1.92604369e-01 3.99207470e-19],[3.28231090e-01 4.21695586e-55],600
HD 93083,Gaia DR3 5450573881018549760,0.44011229208723546,[0.16236205],[1.56433741e-01 6.30719576e-13],[3.34107526e-01 1.25835755e-57],600
Kepler-1763,Gaia DR3 2076537252208879104,0.2450677696438557,[0.02814302],[2.11668301e-01 3.34934752e-23],[3.38367308e-01 1.00096436e-58],600
HD 62549,Gaia DR3 3056551894686671616,0.03347975184948196,[7.69412392e-06],[1.52138397e-01 3.63161342e-12],[3.13796716e-01 1.49364548e-50],600
Kepler-1996,Gaia DR3 2107311723669410560,0.42405154094659325,[0.42163391],[2.03255618e-01 2.06051122e-21],[3.55554755e-01 8.91835670e-66],600
TOI-1670,Gaia DR3 1651911084230149248,4.1014822985007475,[0.97059949],[1.70168096e-01 3.97074642e-15],[3.32001134e-01 8.62671920e-57],600
HD 73344,Gaia DR3 666427539629086976,3.6490801526870826,[0.98542159],[1.60302225e-01 2.75926883e-13],[3.22454904e-01 3.79467868e-53],600
EPIC 211822797,Gaia DR3 658607950370340608,14874.1603882601,1.0,[1.21453777e-01 1.88586546e-07],[3.19096299e-01 3.28634525e-52],600
Kepler-531,Gaia DR3 2131181055955983232,0.38757182837057297,[0.21843641],[1.65055515e-01 2.97155752e-14],[3.27993237e-01 1.68714070e-55],600
Kepler-1421,Gaia DR3 2131173187575866496,0.6127630021584143,[0.66486941],[2.25761015e-01 1.51151498e-26],[3.66857400e-01 1.18393889e-69],600
HD 189733,Gaia DR3 1827242816201846144,2.278095514597273,[0.96136368],[1.67339708e-01 1.36388155e-14],[3.27617750e-01 1.82298865e-55],600
HD 151450,Gaia DR3 4134094524223600640,0.3230123035271924,[0.10913645],[1.62981373e-01 6.60428212e-14],[3.26818539e-01 6.62367040e-55],600
HAT-P-66,Gaia DR3 852608874351434752,0.7092306449607653,[0.48253343],[3.08851664e-01 2.07898183e-10],[3.33833885e-01 7.90550393e-12],120
Kepler-1164,Gaia DR3 2099632837540824192,5.279724992990379,[0.97992308],[1.65927131e-01 2.23848507e-14],[3.23085915e-01 1.51972947e-53],600
K2-53,Gaia DR3 6244643373326639360,0.38298522066579366,[0.63470914],[0.05226815 0.11830754],[2.73488985e-01 1.70567687e-38],600
K2-275,Gaia DR3 661598415839633024,3.403443957310078,[0.9604369],[1.65386118e-01 3.84254091e-14],[3.14873182e-01 5.41567438e-51],600
Kepler-1761,Gaia DR3 2131817707546856320,0.7231734458554987,[0.5208863],[1.50658017e-01 7.37028012e-12],[3.19543117e-01 1.89362698e-52],600
Kepler-997,Gaia DR3 2132709613336959744,1.809944740580592,[0.94784276],[1.93266535e-01 2.96134682e-19],[3.27394223e-01 5.24313856e-55],600
Kepler-1947,Gaia DR3 2077219499172974848,2.728090832067933,[0.9664311],[1.64305652e-01 5.50103299e-14],[3.16593837e-01 5.25956648e-52],600
HATS-65,Gaia DR3 6766134630213144704,3.015174001751331,[0.98419326],[2.24684548e-01 2.98453677e-26],[3.54495943e-01 8.18278092e-65],600
Kepler-130,Gaia DR3 2101305259145506816,0.35538474578973284,[0.26618817],[1.41513328e-01 2.36705491e-10],[3.07142301e-01 9.74501089e-49],600
Kepler-1536,Gaia DR3 2126773904116001536,0.7058965429686334,[0.59199824],[1.84475463e-01 7.21527395e-18],[3.29931472e-01 5.64241692e-56],600
K2-379,Gaia DR3 4072055435329128576,1.9689487507577852,[0.94495453],[1.61091382e-01 1.42771044e-13],[3.30553418e-01 1.05485967e-55],600
TOI-4438,Gaia DR3 4606416269652179328,0.05227963159542676,[3.30989809e-07],[1.91037851e-01 8.67341347e-19],[3.20277548e-01 7.07328043e-53],600
GJ 1148,Gaia DR3 772430527947893632,6.679340003596034,[0.99074025],[1.50456750e-01 7.22079478e-12],[3.39404774e-01 1.03696515e-59],600
TOI-905,Gaia DR3 5795534040654879744,0.34067619490583195,[0.10296694],[1.78030535e-01 2.18712097e-16],[3.13391057e-01 6.06855921e-51],600
Kepler-806,Gaia DR3 2079752464723012096,0.2494871221779439,[0.05153034],[1.60949657e-01 1.50610971e-13],[3.24373249e-01 1.23453821e-54],600
HR 2562,Gaia DR3 5480006192386819456,9.54361378354236,[0.99602937],[1.59124659e-01 3.85074921e-13],[3.07226521e-01 9.15596957e-49],600
Kepler-1972,Gaia DR3 2099783127036908416,0.7565995306712956,[0.69010503],[1.59330696e-01 3.06151588e-13],[3.24334765e-01 7.14109372e-54],600
WASP-151,Gaia DR3 2657135741633337088,3.905923693286703,[0.98719692],[2.39442031e-01 1.70377159e-29],[3.52430276e-01 3.73703056e-64],600
K2-60,Gaia DR3 2597973387468989568,0.32551808976645796,[0.13123388],[2.18891539e-01 1.13457502e-24],[3.45914526e-01 1.97333151e-61],600
HD 20868,Gaia DR3 5053536074700031616,0.4076857282544563,[0.42423204],[1.56293430e-01 1.45775278e-12],[3.23050594e-01 1.01838701e-53],600
HD 103949,Gaia DR3 3492633633781166336,3.1518088650981047,[0.9778173],[1.69129325e-01 6.74057256e-15],[3.20809699e-01 4.68772671e-53],600
HD 20003,Gaia DR3 4642472794978268800,0.6198168004550014,[0.321325],[1.50355651e-01 7.82965528e-12],[3.16488347e-01 8.59454017e-52],600
K2-242,Gaia DR3 3595647565382917120,5.224180358586895,[0.9683465],[1.78508168e-01 1.91208540e-16],[3.29882170e-01 9.17056512e-56],600
HD 150010,Gaia DR3 1654516686269888896,0.8368460277591432,[0.57403663],[1.77860296e-01 2.34722311e-16],[3.27188360e-01 3.97447216e-55],600
Kepler-207,Gaia DR3 2101898759208960640,1.1188990081076702,[0.84615352],[2.06251309e-01 4.08267696e-22],[3.50453903e-01 3.35767691e-63],600
Kepler-62,Gaia DR3 2107001283431633408,0.088371467137813,[0.00144292],[1.75966855e-01 4.25126016e-16],[3.19487390e-01 1.05562358e-52],600
HD 120084,Gaia DR3 1715055487257379968,4.362989998977672,[0.97351976],[1.71727473e-01 3.41277626e-15],[3.29513530e-01 2.06705945e-56],600
HD 56957,Gaia DR3 5561488078545298176,0.39527603859835475,[0.06280561],[1.61689465e-01 1.48130486e-13],[3.19299204e-01 1.50392651e-52],600
Kepler-591,Gaia DR3 2131901682747346432,0.7349977781405764,[0.60016441],[2.34532514e-01 1.70407279e-28],[3.4895108e-01 4.1996207e-62],600
Kepler-979,Gaia DR3 2085337502756644224,1.1419959602296004,[0.87890562],[1.94902645e-01 1.40936861e-19],[3.19696903e-01 4.79244418e-52],600
TOI-1742,Gaia DR3 1651818622174190208,0.8694979672798309,[0.64128502],[1.66962112e-01 1.19427494e-14],[3.14311576e-01 5.52623273e-51],600
Kepler-1477,Gaia DR3 2116740104595955328,0.8738982980981096,[0.8050309],[2.28838781e-01 1.12957023e-26],[3.42976266e-01 1.78362355e-60],600
TOI-1130,Gaia DR3 6715688452614516736,5.363283056414263,[0.9791085],[1.63063688e-01 1.09266397e-13],[3.26488976e-01 4.45590132e-55],600
WASP-172,Gaia DR3 6086712585429729536,4.253576159725188,[0.98269665],[1.88428808e-01 1.79106550e-18],[3.19113778e-01 1.14301640e-52],600
Kepler-887,Gaia DR3 2101093092063293824,1.7528476307801246,[0.96632167],[2.31904903e-01 1.13018129e-27],[3.28360056e-01 1.96256276e-55],600
TOI-1298,Gaia DR3 1647136729864424576,0.1221517488425521,[5.47344714e-05],[2.44126672e-01 8.14273717e-31],[3.30937411e-01 6.57466519e-57],600
8 UMi,Gaia DR3 1700658653802527104,6.644883251550657,[0.96824589],[1.83901960e-01 1.96252027e-17],[3.28679911e-01 1.52357842e-55],600
TOI-1696,Gaia DR3 270260649602149760,3.084708552137626,[0.95188699],[1.57550007e-01 8.81694838e-13],[3.08399082e-01 1.01420985e-48],600
BD-11 4672,Gaia DR3 4154598526336121600,0.106944325906133,[0.01941989],[1.53456248e-01 2.49020902e-12],[3.21288324e-01 2.68160856e-52],600
HD 17092,Gaia DR3 438865809918353280,1.0192410276456272,[0.79027184],[1.85119325e-01 1.88562551e-17],[3.26053417e-01 9.71910669e-55],600
NGTS-12,Gaia DR3 3464620139089832960,2.9276832579496483,[0.98008724],[1.78567143e-01 1.35326260e-16],[3.33464301e-01 4.19793272e-57],600
Kepler-1312,Gaia DR3 2053550106200274688,4.8877293713013685,[0.98388889],[1.52572739e-01 3.57860483e-12],[3.25309198e-01 1.12990328e-54],600
Kepler-1276,Gaia DR3 2100623600597189504,2.7469473037661714,[0.99213649],[2.18799433e-01 9.80303182e-25],[3.32780871e-01 1.85767295e-57],600
Kepler-642,Gaia DR3 2077764169742391808,3.339222155570386,[0.98930067],[2.19204923e-01 1.29198593e-24],[3.19053366e-01 1.81707753e-52],600
Kepler-1537,Gaia DR3 2078291832243170048,1.7143870688105585,[0.88204434],[1.85288206e-01 9.41270955e-18],[3.27742982e-01 3.19612998e-55],600
K2-248,Gaia DR3 3582057258065666816,0.5355148261156435,[0.43104853],[2.11677253e-01 3.04579045e-23],[3.44489178e-01 3.11364568e-61],600
WASP-68,Gaia DR3 6860535606196306304,1.903539200986211,[0.96328292],[2.22141529e-01 1.90029914e-25],[3.17881780e-01 4.46583654e-52],600
Kepler-652,Gaia DR3 2130397585201614080,0.46957081151192026,[0.29684758],[1.89136428e-01 1.40514526e-18],[3.26139632e-01 6.46460800e-54],600
Kepler-1710,Gaia DR3 2051808789021826432,1.3142261871718455,[0.84737406],[1.52201496e-01 2.81316859e-12],[3.39696413e-01 8.14750321e-60],600
Kepler-52,Gaia DR3 2133589776693414016,4.500314756699811,[0.99005801],[1.68611924e-01 9.81947878e-15],[3.21094948e-01 1.99471549e-53],600
HD 332231,Gaia DR3 2056007995732413312,1.2202733077860652,[0.90973358],[1.78802267e-01 1.48743772e-16],[3.11718239e-01 1.76524680e-50],600
K2-105,Gaia DR3 651907079835937280,0.5981462592209987,[0.63361008],[1.32215284e-01 8.77293033e-09],[3.10741842e-01 9.90308443e-50],600
Kepler-1675,Gaia DR3 2103688489257523584,1.9883954918167053,[0.94858711],[2.26806576e-01 8.59625053e-27],[3.38194370e-01 7.20358593e-59],600
TOI-907,Gaia DR3 5910312231273215872,0.8458136804457705,[0.78500262],[1.61269001e-01 1.48237796e-13],[3.12020867e-01 1.71340493e-50],600
K2-343,Gaia DR3 685818492336147072,0.16100628945150255,[0.18708439],[1.11780411e-01 2.47757694e-06],[3.15821826e-01 1.75410571e-51],600
HAT-P-23,Gaia DR3 1808938730710633984,1.6134401940539282,[0.93988191],[2.15240729e-01 8.03689134e-24],[3.16200006e-01 1.61336093e-51],600
HAT-P-52,Gaia DR3 128623485853170432,0.06700839502628793,[0.00011562],[2.02980915e-01 4.20704490e-21],[3.19463359e-01 1.32536450e-52],600
HATS-1,Gaia DR3 3540018633568783488,2.835885027859038,[0.95739265],[1.94677636e-01 1.34009277e-19],[3.34245972e-01 1.41492253e-57],600
K2-161,Gaia DR3 3598019899158204160,0.3094843162385219,[0.09098849],[2.64002067e-01 3.40529022e-07],[3.48012403e-01 3.41173902e-12],112
K2-263,Gaia DR3 657756997089784960,1.4831103269989707,[0.81718444],[1.48283786e-01 4.25758837e-11],[3.30410458e-01 4.82117563e-56],600
KIC 5479689,Gaia DR3 2075056519291867648,0.6587387581721673,[0.6585149],[1.58871321e-01 2.41897792e-13],[3.00221421e-01 1.53557271e-46],600
HD 165155,Gaia DR3 4050284898932499072,0.8542160035342967,[0.56126598],[1.59029317e-01 3.25438934e-13],[3.39106582e-01 6.53039121e-60],600
Kepler-1588,Gaia DR3 2130980910480096384,1.928657923108822,[0.95565326],[2.14321662e-01 1.85170174e-23],[3.45652728e-01 5.99171359e-60],594
Kepler-367,Gaia DR3 2087250476887856256,3.574176828096351,[0.97930204],[1.67501733e-01 1.14328433e-14],[3.32427065e-01 6.12818909e-57],600
70 Vir,Gaia DR3 3740176925743994752,0.29590103370041376,[0.0167557],[1.63794045e-01 4.34086319e-14],[3.15281960e-01 3.24239592e-51],600
HATS-6,Gaia DR3 2966680597368750720,5.9326761322289565,[0.96973417],[1.60020514e-01 2.24862005e-13],[3.26144169e-01 3.78259054e-55],600
GJ 3634,Gaia DR3 5452743423618768000,0.9907914817938128,[0.72694258],[1.57571255e-01 7.16517242e-13],[3.14539007e-01 6.97278955e-51],600
HD 29399,Gaia DR3 4675576135153914368,0.48924564331320036,[0.35394896],[1.42541267e-01 8.81959259e-11],[3.30458064e-01 1.89458007e-56],600
HD 131496,Gaia DR3 1236429004715336576,1.7575446161292738,[0.74231939],[1.62941862e-01 7.07274935e-14],[3.22944583e-01 2.60013989e-53],600
Kepler-320,Gaia DR3 2128079230577866880,0.8074320504547474,[0.83357633],[2.19991866e-01 5.28494502e-25],[3.32227279e-01 3.64672685e-57],600
TOI-4562,Gaia DR3 5288681857665822080,3.5084839364513756,[0.99481795],[1.86050251e-01 1.35832361e-17],[3.21260847e-01 7.52444768e-54],600
HIP 35173,Gaia DR3 3059948148669499008,1.7718710098455737,[0.94838534],[1.64821421e-01 5.03825810e-14],[3.20888917e-01 5.44433504e-53],600
HD 1690,Gaia DR3 2430036837596487424,0.6221822324337064,[0.05708084],[3.03146899e-01 1.64952507e-07],[3.10035046e-01 1.14044027e-07],90
Kepler-1277,Gaia DR3 2076601230039790592,0.052253084091092444,[2.05658303e-05],[2.05026912e-01 1.88497966e-21],[3.06754304e-01 3.39697603e-48],600
K2-228,Gaia DR3 3583611726988838144,1.5102746799235316,[0.92874228],[1.80003588e-01 8.98932521e-17],[3.21478389e-01 1.19727430e-53],600
WASP-17,Gaia DR3 6042793005779654656,2.6824047990923825,[0.97971925],[1.74817047e-01 4.16800918e-16],[3.26850900e-01 6.45708929e-55],600
Kepler-1714,Gaia DR3 2128069334973424000,1.5324796223512769,[0.93017339],[2.04297150e-01 1.47830591e-21],[3.31264620e-01 1.55651684e-56],600
HD 221420,Gaia DR3 6353376831270492800,2.145320173383148,[0.91727946],[1.78355361e-01 1.68108270e-16],[3.3757678e-01 5.9107156e-59],600
K2-203,Gaia DR3 2535901287452166400,2.8074105967153433,[0.9656714],[1.9088614e-01 7.4440835e-19],[3.28810161e-01 1.37421178e-55],600
GPX-1,Gaia DR3 457317534880081152,1.869067487652509,[0.95382179],[1.16335977e-01 4.05362494e-07],[3.14053578e-01 5.49100828e-51],600
BD-10 3166,Gaia DR3 3758629479636689536,0.44459318262752445,[0.24258411],[1.67251093e-01 1.41203615e-14],[3.15992086e-01 5.25160233e-51],600
HD 73534,Gaia DR3 603083781399095936,0.22484144886961224,[0.00468797],[1.8541151e-01 8.3254478e-18],[3.36254074e-01 8.69429192e-59],600
Kepler-1253,Gaia DR3 2131628282308860288,0.11115595501757658,[0.00021634],[2.16416988e-01 2.75846275e-24],[3.44799857e-01 4.33650060e-62],600
TOI-1439,Gaia DR3 1643587094013359360,1.594714553647059,[0.9484167],[2.10730499e-01 6.39806220e-23],[3.37663039e-01 6.96016425e-59],600
HIP 48714,Gaia DR3 1051547052218220160,0.8919047199585217,[0.72128932],[1.72250638e-01 1.61822170e-15],[3.12581896e-01 1.12085840e-50],600
WASP-13,Gaia DR3 702295464353437952,2.8180397729211992,[0.94148618],[1.91822963e-01 5.67119001e-19],[3.38049256e-01 8.11073573e-59],600
HATS-49,Gaia DR3 4919770108539385472,1.0242876726221486,[0.94783201],[2.30893978e-01 2.71299546e-27],[3.49814466e-01 1.58203099e-62],600
Kepler-965,Gaia DR3 2075412451819530624,1.4261288518105348,[0.93842881],[1.72498200e-01 1.85985965e-15],[3.19603113e-01 2.75164161e-53],600
BD+49 828,Gaia DR3 439327501725338752,3.75218694126459,[0.97644649],[1.99942428e-01 7.20670709e-21],[3.13328447e-01 5.79902280e-50],600
HAT-P-17,Gaia DR3 1849786481032616960,0.10494912603439745,[0.00340798],[1.95516703e-01 9.85784211e-20],[3.18890693e-01 4.73647389e-52],600
Gl 49,Gaia DR3 522863309964987520,1.8129834894080596,[0.86022765],[1.68846426e-01 9.48399707e-15],[3.12112658e-01 6.44997781e-50],600
TOI-558,Gaia DR3 4727755005637190016,2.0958638639848144,[0.97860521],[2.08851807e-01 1.61743817e-22],[3.36650280e-01 1.02538811e-57],600
Kepler-393,Gaia DR3 2127390970655877888,1.331178913729144,[0.91841871],[2.24403023e-01 5.77352713e-26],[3.30115591e-01 3.11647014e-56],600
TOI-1235,Gaia DR3 1070387905514406400,0.614173783907732,[0.27149165],[1.72290816e-01 2.41910049e-15],[3.21254484e-01 1.76166517e-53],600
TYC 2187-512-1,Gaia DR3 1791995119082190848,1.2569725312149291,[0.7095166],[1.62573361e-01 1.06191105e-13],[3.52060215e-01 3.97614250e-64],600
GJ 625,Gaia DR3 1428427236986209024,2.59849250045665,[0.96720699],[1.53946251e-01 2.19036530e-12],[3.13398833e-01 9.01734193e-51],600
Kepler-63,Gaia DR3 2132628489996257920,6.370471595661231,[0.98911667],[1.69175414e-01 7.86737398e-15],[3.05828947e-01 9.79780737e-48],600
HD 208487,Gaia DR3 6586580842340695040,5.211733100895478,[0.97120042],[1.56529121e-01 1.09981301e-12],[3.24036815e-01 1.71680584e-53],600
Kepler-1424,Gaia DR3 2101117418758956416,5.029243215238048,[0.99693668],[1.87988715e-01 2.51046755e-18],[3.44161490e-01 1.38379226e-60],600
Kepler-849,Gaia DR3 2129512821938786176,2.7679787366186956,[0.99217482],[2.17458958e-01 1.95513066e-24],[3.31114848e-01 1.75467742e-56],600
Kepler-464,Gaia DR3 2134798444914611712,0.38348806770909794,[0.1023588],[2.29438949e-01 4.32405451e-27],[3.54306468e-01 7.43882954e-65],600
HATS-10,Gaia DR3 6771939433131924096,3.087486673379011,[0.98165526],[2.39402536e-01 2.46845866e-29],[3.39210200e-01 4.73054324e-60],600
HD 187085,Gaia DR3 6692069568458919040,2.9697738188848164,[0.96561348],[1.61683710e-01 1.33629621e-13],[3.26270844e-01 8.19114235e-55],600
Kepler-901,Gaia DR3 2101525749889208576,0.03270807542158815,[1.37975676e-05],[1.67265666e-01 1.86054963e-14],[3.01147752e-01 1.64845678e-46],600
HAT-P-9,Gaia DR3 898130030131443584,2.604316797019175,[0.92959743],[2.25145751e-01 4.77973551e-26],[3.47835937e-01 3.94275888e-62],600
HD 42618,Gaia DR3 3319126988068404096,0.12525882418626771,[0.03865033],[1.29893913e-01 9.32626677e-09],[3.06693707e-01 2.93004902e-48],600
EPIC 212587672,Gaia DR3 3616620814104819328,1.3569368617443363,[0.908922],[2.32012987e-01 1.18792446e-27],[3.23977432e-01 4.94435061e-54],600
K2-280,Gaia DR3 6772454416893148928,3.1448645819851855,[0.98531992],[1.91110817e-01 9.03754197e-19],[3.16062159e-01 6.11135108e-51],600
HD 86226,Gaia DR3 5660492297395345408,4.675955592679672,[0.98450608],[1.74115106e-01 1.09120809e-15],[3.42472984e-01 8.10592224e-61],600
Kepler-537,Gaia DR3 2133263737136893696,0.9274693197472569,[0.78805428],[1.89667433e-01 8.29766353e-19],[3.21553570e-01 2.13147067e-53],600
HD 149143,Gaia DR3 4432401099808805888,2.379779728778988,[0.95272825],[1.38560017e-01 3.98962723e-10],[3.22643475e-01 4.06087861e-53],600
HD 166724,Gaia DR3 6724520279784564864,5.468121180540571,[0.96626956],[1.71946292e-01 3.12794238e-15],[2.92188592e-01 4.66186428e-44],600
HD 181342,Gaia DR3 6770761168986617600,0.603602892065194,[0.44140416],[1.86027312e-01 6.36837120e-18],[3.09079725e-01 2.80964026e-49],600
TOI-540,Gaia DR3 4785886941312921344,4.160090734302904,[0.96929911],[1.63107440e-01 6.29321508e-14],[3.12228873e-01 2.66321873e-50],600
TOI-561,Gaia DR3 3850421005290172416,0.11185222882967914,[0.00184547],[1.64740926e-01 4.41027839e-14],[3.20010388e-01 3.75681697e-53],600
K2-214,Gaia DR3 2551946391916754176,0.9175948297017135,[0.78818047],[2.32892154e-01 1.02046229e-27],[3.37509829e-01 1.59198728e-58],600
TOI-663,Gaia DR3 3762515188088861184,0.673993871841757,[0.7047249],[1.71436473e-01 2.12025996e-15],[3.32632891e-01 5.19384335e-57],600
HD 18742,Gaia DR3 5079636934554540160,1.9361431175072212,[0.96642815],[1.89865046e-01 1.09196687e-18],[3.49012493e-01 8.86418948e-63],600
Kepler-48,Gaia DR3 2075112109039378688,0.7150633448524671,[0.69433974],[1.2773574e-01 1.3080736e-08],[2.95131063e-01 3.43704015e-45],600
HD 100777,Gaia DR3 3786035184916139136,2.923959951903434,[0.97409764],[1.73174052e-01 1.50340840e-15],[3.33641816e-01 4.57418705e-57],600
Kepler-491,Gaia DR3 2102468134431912064,0.49605452797041666,[0.40689522],[2.17124713e-01 2.55283581e-24],[3.25598488e-01 1.72685703e-54],600
K2-167,Gaia DR3 2594479109451475456,0.8042428703135923,[0.7663658],[1.65335862e-01 2.97536331e-14],[3.13084739e-01 1.70783921e-50],600
K2-116,Gaia DR3 2602406721431348096,1.628609199049734,[0.94242315],[1.82078749e-01 3.05731252e-17],[3.10171727e-01 1.84507638e-49],600
K2-220,Gaia DR3 2581918597853527424,3.0054521144595983,[0.98827922],[2.14771161e-01 8.45348560e-24],[3.34721249e-01 2.41732635e-57],600
Kepler-1198,Gaia DR3 2127139491730929536,1.7327426032159863,[0.95384723],[1.92438905e-01 2.36618358e-19],[3.26429317e-01 2.68193145e-54],600
HD 136352,Gaia DR3 5902750168276592256,0.00686325212906531,[7.62416177e-11],[1.73701946e-01 1.29013592e-15],[3.14915592e-01 1.03406304e-51],600
Kepler-162,Gaia DR3 2078852754973778560,2.4000937657767567,[0.98178548],[2.50382388e-01 6.44414384e-32],[3.45009133e-01 2.01519471e-61],600
K2-102,Gaia DR3 661310756111835392,1561054.112759292,1.0,[1.30352437e-01 1.61062775e-08],[3.29376372e-01 8.77054881e-56],600
HD 191939,Gaia DR3 2248126315275354496,0.13703785939927385,[0.0145088],[1.50650354e-01 6.74564091e-12],[3.13170435e-01 1.95684427e-50],600
HD 105618,Gaia DR3 3906803888551408000,5.040320987116728,[0.98191565],[1.70291656e-01 5.06028856e-15],[3.27395074e-01 1.74588825e-55],600
bet Pic,Gaia DR3 4792774797545800832,4.922739243374013,[0.98248944],[1.59998969e-01 3.08745073e-13],[3.20886891e-01 5.45286237e-53],600
Kepler-1434,Gaia DR3 2135594392551675520,0.6459599326620366,[0.73279269],[2.29493953e-01 3.39132397e-27],[3.37964443e-01 2.68954167e-59],600
HIP 113103,Gaia DR3 6541360574788758016,2.7685117059017346,[0.94987935],[1.66347814e-01 2.37432839e-14],[3.25199919e-01 2.93077458e-54],600
Kepler-1091,Gaia DR3 2075987599477644672,1.9465572779573859,[0.97873633],[2.31629218e-01 2.52152901e-27],[3.50270588e-01 3.04760568e-63],600
NGTS-2,Gaia DR3 6220602384081327104,2.6099235322681524,[0.9750749],[1.97662816e-01 3.38976550e-20],[3.36707997e-01 3.05577791e-58],600
HD 196050,Gaia DR3 6454954010413575296,0.11571805586248803,[0.00842311],[1.67841146e-01 1.48755429e-14],[3.35075798e-01 7.22798839e-58],600
Kepler-1193,Gaia DR3 2133404474624835840,0.2079241140276443,[0.02625778],[2.34836805e-01 2.24792300e-28],[3.41567874e-01 5.71773522e-60],600
HAT-P-30,Gaia DR3 3096441729861716224,0.27868081437744224,[0.08118653],[1.63961518e-01 3.10483298e-14],[3.11858986e-01 3.51708187e-50],600
HD 37124,Gaia DR3 3402798414192387328,0.16225544282856738,[7.0547095e-08],[1.44217550e-01 8.99277601e-11],[3.32199779e-01 7.35543813e-57],600
Kepler-145,Gaia DR3 2126237131982289280,2.4272217873471402,[0.96926997],[2.02359019e-01 2.91275618e-21],[3.37047239e-01 7.22380254e-59],600
HD 102195,Gaia DR3 3799626935341796096,7.407812575016592,[0.99577445],[1.42647753e-01 9.62045965e-11],[3.28030895e-01 3.17464818e-55],600
Kepler-1300,Gaia DR3 2101241285613832192,0.9851426008407241,[0.8738507],[2.01210448e-01 5.03537111e-21],[3.25582412e-01 7.33207444e-55],600
Kepler-1959,Gaia DR3 2079749303627032448,4.636580744262802,[0.99720246],[1.91069282e-01 7.38177604e-19],[3.21233447e-01 3.37647746e-53],600
Kepler-560,Gaia DR3 2082162147537254400,0.04771924714139377,[3.35452916e-05],[1.76976255e-01 2.31745971e-16],[3.22674792e-01 2.58720461e-53],600
WASP-21,Gaia DR3 2831084391023184128,0.016764722905879506,[1.79602822e-10],[2.12461777e-01 3.55127906e-23],[3.32612890e-01 6.62337122e-57],600
HATS-18,Gaia DR3 3483636295773117440,3.0579665355788803,[0.97345747],[2.16334871e-01 2.16615580e-24],[3.41285169e-01 5.68239069e-60],600
Kepler-1447,Gaia DR3 2133132276778226176,2.3994066583800286,[0.97971529],[2.18246015e-01 1.91716229e-24],[3.32953566e-01 4.01291046e-57],600
Kepler-1870,Gaia DR3 2077299694799977856,3.9426412800032717,[0.99755395],[1.51760708e-01 3.78703449e-12],[3.27003450e-01 4.59888754e-55],600
Kepler-1009,Gaia DR3 2105151526917259520,0.6540008345903195,[0.6766644],[9.41388133e-02 8.57302280e-05],[3.11183383e-01 2.64420160e-50],600
K2-390,Gaia DR3 2435650050614494336,0.18645286150398468,[0.0057404],[2.35795658e-01 9.41176479e-29],[3.44326417e-01 1.34532360e-61],600
Kepler-81,Gaia DR3 2077816087307845248,0.8443218850180902,[0.76458046],[1.40761205e-01 2.28399433e-10],[3.16654555e-01 2.11212976e-51],600
NGTS-14 A,Gaia DR3 6585082036193768832,0.5351599290135687,[0.50166861],[2.28445722e-01 5.98439108e-27],[3.50058144e-01 3.65080298e-63],600
HIP 78530,Gaia DR3 6243537406369453824,1134.1760815902846,1.0,[0.07293174 0.00783676],[3.07300466e-01 2.76027517e-48],600
K2-38,Gaia DR3 6237129658760381056,0.7401940943420349,[0.70864614],[1.31520614e-01 6.15963517e-09],[3.13394071e-01 4.51701338e-50],600
Kepler-1558,Gaia DR3 2130633430445267584,4.091371912748128,[0.98814922],[1.76548300e-01 4.03643343e-16],[3.18051054e-01 5.93584344e-52],600
HD 168443,Gaia DR3 4157584215800708736,0.7027068124097993,[0.3075393],[1.70290332e-01 3.36459579e-15],[3.48847525e-01 1.30937552e-62],600
Kepler-149,Gaia DR3 2100015089629466112,3.2773606156491626,[0.98149167],[2.07347823e-01 3.37730367e-22],[3.37926410e-01 4.43642013e-59],600
Kepler-319,Gaia DR3 2101230049979183232,2.4956156673967334,[0.99415351],[2.02805700e-01 6.92215554e-21],[3.10707223e-01 1.01625460e-49],600
TOI-3568,Gaia DR3 1950477552581609984,0.037459929028180905,[1.29928476e-07],[1.95527593e-01 1.23623427e-19],[3.25661219e-01 1.06428103e-54],600
HD 219077,Gaia DR3 6489771832811810432,0.05812859595464521,[0.00053611],[1.65692029e-01 2.73921886e-14],[3.19975495e-01 2.06620402e-52],600
GJ 740,Gaia DR3 4282578724832056576,0.20515459842318118,[0.02233324],[1.55661016e-01 1.36489049e-12],[3.14432797e-01 3.81257233e-50],600
Kepler-1786,Gaia DR3 2051947739803854336,0.3973410704943302,[0.15345437],[2.28308729e-01 7.95786501e-27],[3.39773575e-01 5.09868006e-59],600
HD 9446,Gaia DR3 302956655074266112,2.9812804982759444,[0.92540831],[1.62606128e-01 9.94513651e-14],[3.23484754e-01 4.72907905e-54],600
Kepler-1571,Gaia DR3 2082286632869692928,2.064591494381241,[0.99000407],[2.19858466e-01 1.50529108e-24],[3.16640225e-01 4.13372221e-52],600
K2-113,Gaia DR3 2564787622577189760,0.19760441056147182,[0.0001333],[2.58941532e-01 2.57022615e-23],[3.60826332e-01 9.44663675e-46],402
TOI-199,Gaia DR3 4762582895440787712,1.3289060163703417,[0.81737878],[1.73433268e-01 1.27417011e-15],[3.19734807e-01 1.07522188e-52],600
BD+60 1417,Gaia DR3 1579929906250111232,4.3274322042739675,[0.97222659],[1.70412448e-01 4.29120441e-15],[3.28039864e-01 3.15226487e-55],600
Kepler-601,Gaia DR3 2104705193915993216,0.49066703859537686,[0.31830371],[1.90847642e-01 6.07578031e-19],[3.20696972e-01 1.18798460e-52],600
HD 63454,Gaia DR3 5209903017765189760,1.0797776556538874,[0.8084435],[1.73193432e-01 2.01756556e-15],[3.27156847e-01 6.31991510e-55],600
HD 86264,Gaia DR3 5685917541714610688,2.3732285731531033,[0.87962933],[1.57393192e-01 5.13271922e-13],[3.31668562e-01 4.56592445e-57],600
Kepler-1568,Gaia DR3 2127941413665428992,0.24071573853625824,[0.0141071],[2.14945406e-01 1.02422937e-23],[3.38204237e-01 5.92163987e-58],600
HD 16905,Gaia DR3 4724771790072689664,0.10986682243664533,[0.0021558],[1.73882980e-01 1.35416928e-15],[3.01808524e-01 1.48587869e-46],600
Kepler-1602,Gaia DR3 2053284398043177216,0.8728261860779841,[0.81463948],[1.95960718e-01 9.38934186e-20],[3.27945276e-01 1.75253337e-55],600
HD 190007,Gaia DR3 4247023886053586304,1.1206400859491614,[0.80930565],[1.71577146e-01 2.00299544e-15],[3.14127441e-01 4.24251929e-51],600
GJ 3222,Gaia DR3 4852870701505115904,6.169467970293222,[0.99572329],[1.49368197e-01 1.32269163e-11],[3.15215506e-01 3.41013089e-51],600
HD 117618,Gaia DR3 6083860761505899904,2.2660912767073564,[0.95161632],[1.75829256e-01 5.09604483e-16],[3.35269497e-01 3.89353977e-58],600
Kepler-1316,Gaia DR3 2073591420052466048,0.5860858366127334,[0.68678296],[2.06590607e-01 4.10942963e-22],[3.39220048e-01 4.99007784e-59],600
Kepler-338,Gaia DR3 2104344141784539264,0.16396772815471863,[0.00163089],[2.22806301e-01 1.09670419e-25],[3.33626600e-01 9.35490963e-58],600
Kepler-1339,Gaia DR3 2131677584235170048,0.4509526355978841,[0.32656438],[1.75877180e-01 6.02355121e-16],[3.27814453e-01 8.05133608e-56],600
Kepler-1874,Gaia DR3 2105697533221828224,0.2873398961121302,[0.27736717],[1.32185027e-01 4.23657182e-09],[3.04784834e-01 4.58154029e-48],600
HD 155193,Gaia DR3 4443815297524544000,1.285050746532005,[0.78572329],[1.61861593e-01 1.06685021e-13],[3.21178017e-01 4.35402837e-53],600
HD 35843,Gaia DR3 4799563663371481344,0.48465695389914965,[0.3996938],[1.70151690e-01 3.77059105e-15],[3.26048426e-01 6.30994277e-55],600
TOI-2529,Gaia DR3 5513558648705418368,0.21197604897889155,[0.13820318],[1.22294157e-01 6.69805669e-08],[3.23767081e-01 3.79156079e-54],600
HD 80869,Gaia DR3 702119851729696640,0.42272206615604413,[0.20208721],[1.76319562e-01 2.86096136e-16],[3.48585185e-01 9.91068723e-63],600
Kepler-1121,Gaia DR3 2086505630781210752,1.7184083243390957,[0.94920118],[2.05937251e-01 1.22072594e-21],[3.29752466e-01 4.16420280e-56],600
TOI-4582,Gaia DR3 1636984973365053056,0.34819567754343567,[0.12857377],[1.94381482e-01 1.04796165e-19],[3.27424194e-01 1.09906895e-55],600
TOI-1723,Gaia DR3 1096515188009314688,2.4015047215555247,[0.94314442],[1.88312499e-01 1.31912806e-18],[3.22245385e-01 1.00582987e-53],600
WASP-34,Gaia DR3 3537110837630877568,0.2657005605118798,[0.01069837],[1.89027570e-01 1.10561036e-18],[3.40485579e-01 1.09889823e-59],600
Kepler-1939,Gaia DR3 2103800158408255872,1.2296829003881005,[0.87929885],[1.77600075e-01 2.61453520e-16],[3.06631838e-01 1.42144470e-48],600
WASP-58,Gaia DR3 2115245554756763392,0.05240232350694785,[7.40384197e-05],[1.81075902e-01 5.35228440e-17],[3.45331394e-01 5.76730654e-62],600
Kepler-1877,Gaia DR3 2128517003703948032,1.8074135484120415,[0.91004525],[1.75986012e-01 3.49798861e-16],[3.29831924e-01 7.63424204e-56],600
HD 188641,Gaia DR3 6691193566928966528,0.252404645132236,[0.0473593],[1.69416688e-01 6.01503466e-15],[3.16325736e-01 9.73257898e-52],600
K2-241,Gaia DR3 3594882751966012160,0.08781255401269733,[0.00111397],[1.86953386e-01 6.48419637e-18],[3.19356999e-01 1.43848074e-52],600
HD 87646,Gaia DR3 623313901995781632,6.803034167032225,[0.97706066],[1.69601991e-01 5.27415000e-15],[3.23328992e-01 1.25846038e-53],600
KELT-9,Gaia DR3 2064327278651198336,2.8875456478745902,[0.9838289],[1.54523231e-01 1.61686539e-12],[3.28830200e-01 5.57041121e-56],600
Kepler-28,Gaia DR3 2125731464014361088,3.5815381295770314,[0.96705568],[1.97981469e-01 2.49570880e-20],[3.45021901e-01 9.56549378e-62],600
Kepler-407,Gaia DR3 2132086400701217792,3.3929135156829364,[0.98432822],[1.81458620e-01 6.33958783e-17],[3.21241570e-01 1.44038806e-53],600
HD 141004,Gaia DR3 4430238051199001216,0.2775325770602815,[0.0645992],[1.65477264e-01 2.66588143e-14],[3.34658803e-01 3.20938372e-58],600
WASP-64,Gaia DR3 5583523425437258240,0.5942160270367763,[0.42619792],[1.64052533e-01 4.62150132e-14],[3.32749476e-01 9.63701380e-58],600
Kepler-554,Gaia DR3 2135507634212719104,0.114571926326606,[0.00022212],[2.33041965e-01 2.51289177e-28],[3.47323727e-01 2.87944202e-62],600
K2-229,Gaia DR3 3583630934082556416,0.6171819363208464,[0.43049224],[1.59054494e-01 3.75579016e-13],[3.34537746e-01 3.54274581e-58],600
K2-182,Gaia DR3 601480723509077632,0.5771426761071435,[0.6085163],[1.30645315e-01 7.99192770e-09],[3.31714200e-01 1.08586123e-56],600
Kepler-1459,Gaia DR3 2107084399639196544,0.15472303424127107,[0.00379555],[2.08483347e-01 2.75353636e-22],[3.46837731e-01 5.55569993e-62],600
CD Cet,Gaia DR3 3179036008830848,0.2062854275526947,[0.02146346],[1.65244578e-01 4.28601840e-14],[3.13098430e-01 6.20055143e-51],600
HD 217107,Gaia DR3 2648914040357320576,1.4383852751577142,[0.85017192],[1.68868071e-01 7.91618032e-15],[3.08303261e-01 6.07573256e-49],600
HD 181720,Gaia DR3 6745589980571162752,0.009757232859576854,[1.65392752e-07],[1.67965087e-01 1.19541403e-14],[3.14814435e-01 2.51538459e-51],600
HD 34445,Gaia DR3 3241295308714904960,0.08633422330417609,[0.0170137],[1.44945214e-01 8.01555992e-11],[3.05226573e-01 2.68767418e-47],600
Kepler-958,Gaia DR3 2130326460543631360,2.5431750631220065,[0.98121839],[2.02374536e-01 4.37124794e-21],[3.46120180e-01 3.48023782e-61],600
K2-225,Gaia DR3 3579573358218514944,0.2884011214371618,[0.05424384],[2.17084558e-01 2.15376953e-24],[3.33140986e-01 3.45086254e-57],600
HD 171238,Gaia DR3 4048636941542753152,1.5120032755042927,[0.85619677],[1.78937178e-01 1.23574117e-16],[3.24184547e-01 3.39081156e-54],600
Kepler-106,Gaia DR3 2082074942519913344,0.7686152223725558,[0.75782862],[1.72030315e-01 1.87799534e-15],[3.23374679e-01 1.50487616e-53],600
HD 216536,Gaia DR3 1935534781543619968,4.075505587164646,[0.98936492],[2.22473517e-01 1.95058904e-25],[3.25494339e-01 7.85976749e-55],600
Kepler-969,Gaia DR3 2130979570450326912,4.189302429026428,[0.98498076],[2.00295871e-01 7.16408204e-21],[3.43598058e-01 4.03199030e-61],600
EPIC 201757695,Gaia DR3 3813040874121398912,1.6775430584980007,[0.98665323],[2.77183598e-01 3.88752835e-28],[3.64841094e-01 1.52898007e-49],425
Kepler-159,Gaia DR3 2076764576237957504,1.1776542202051057,[0.87462133],[1.34915238e-01 1.53090715e-09],[3.17470836e-01 6.11659512e-52],600
WASP-65,Gaia DR3 596931979481073152,2.1828990407594646,[0.93891534],[1.72407183e-01 1.43041481e-15],[3.22410334e-01 3.77238690e-54],600
HD 180314,Gaia DR3 2042983077905233792,0.2570951872031713,[0.02285324],[1.69352321e-01 4.36403695e-15],[3.16995799e-01 1.63007906e-51],600
Kepler-1716,Gaia DR3 2078735519547912832,0.20789955568020368,[0.00984555],[1.76833874e-01 2.78927339e-16],[3.22519562e-01 2.91708582e-53],600
Kepler-1854,Gaia DR3 2099068444479581184,0.5704073415179096,[0.56989999],[1.88517327e-01 1.84993036e-18],[3.38711074e-01 1.45257364e-59],600
HD 103774,Gaia DR3 3574907305749250432,11.169657848394314,[0.99103265],[1.67715918e-01 1.47590698e-14],[3.24301422e-01 3.09431739e-54],600
WASP-19,Gaia DR3 5411736896952029568,3.5935845991416655,[0.95408031],[1.53527004e-01 2.00858472e-12],[3.04021237e-01 8.02627476e-48],600
Kepler-1540,Gaia DR3 2104452752917443584,2.87697173571941,[0.98366949],[1.50362367e-01 7.13255088e-12],[3.15900123e-01 3.74103854e-51],600
EPIC 212424622,Gaia DR3 3608139421926380544,1.3163166122626024,[0.92401253],[2.65936359e-01 3.77510323e-26],[3.65597880e-01 2.83846268e-49],425
Kepler-363,Gaia DR3 2104466153215402624,0.22575670987543117,[0.00895324],[2.32121985e-01 1.39208865e-27],[3.23301207e-01 2.87104646e-54],600
BD+45 564,Gaia DR3 353030751066772480,0.1846684709371474,[0.10369713],[1.37808365e-01 6.89679953e-10],[3.30434128e-01 3.02279095e-56],600
HD 192263,Gaia DR3 4224259562941398400,0.4293130015445059,[0.35673174],[1.60642403e-01 2.08112424e-13],[3.25645478e-01 3.19520400e-54],600
Kepler-1860,Gaia DR3 2135104903719129984,0.6508238867705379,[0.78700601],[2.08185407e-01 2.44802337e-22],[3.14221252e-01 8.86439928e-51],600
WASP-42,Gaia DR3 6139698733664726784,5.301569624580052,[0.98184456],[1.51413055e-01 4.48890457e-12],[3.24015910e-01 4.79799761e-54],600
HATS-2,Gaia DR3 3492502001623237888,0.6011020746003122,[0.40838965],[1.90869097e-01 6.96978749e-19],[3.46685644e-01 8.08449245e-62],600
TIC 237913194,Gaia DR3 4715813347286590080,2.057749351318215,[0.97238057],[2.46360620e-01 2.82919679e-31],[3.52779297e-01 1.28386100e-64],600
HD 11506,Gaia DR3 5137855525488932864,1.1054992927023592,[0.72381887],[1.67756095e-01 1.62724933e-14],[3.17415990e-01 7.83994107e-52],600
Kepler-1349,Gaia DR3 2131184938606509952,0.3675976138141313,[0.37919186],[1.61034335e-01 1.99490992e-13],[3.12440252e-01 2.27152143e-50],600
HAT-P-53,Gaia DR3 323386882492982144,4.0320759581854135,[0.99221799],[2.48582969e-01 1.26732758e-31],[3.33883242e-01 1.92385011e-58],600
HD 60532,Gaia DR3 5619121248267202688,1.3188516308329745,[0.83243196],[1.49749566e-01 8.84425210e-12],[3.13066341e-01 2.11619053e-50],600
K2-329,Gaia DR3 2632880927441296640,2.281062738944743,[0.9865445],[2.24850449e-01 8.41311601e-26],[3.13033026e-01 2.16986722e-50],600
TOI-1859,Gaia DR3 2259354802894412928,1.8661105588983247,[0.94694133],[1.86028392e-01 9.02186054e-18],[3.24499569e-01 1.72064759e-54],600
2MASS J21252752-8138278,Gaia DR3 6348514275456913792,10.275192561112831,[0.99272783],[1.40327367e-01 1.84253628e-10],[3.21176895e-01 5.38322768e-53],600
K2-174,Gaia DR3 46217666333148416,3.439784935344186,[0.96084705],[1.39303225e-01 5.62711517e-10],[3.23564671e-01 1.99470856e-53],600
HD 66141,Gaia DR3 3087964941891149952,0.04480749235400297,[8.09405448e-05],[1.70727445e-01 2.99293053e-15],[3.43473311e-01 5.70391492e-61],600
Kepler-408,Gaia DR3 2131593785132997632,0.7755208174877546,[0.55857137],[1.74795215e-01 7.78182321e-16],[3.25372133e-01 5.60756142e-55],600
K2-156,Gaia DR3 3596250888028092160,0.25229161731065003,[0.06111477],[1.68790570e-01 7.70708967e-15],[3.32137103e-01 2.49386129e-57],600
Kepler-638,Gaia DR3 2104054832788419072,0.5287208944948055,[0.18929919],[2.61907927e-01 5.95205182e-17],[3.38924865e-01 9.12733071e-28],283
HD 285507,Gaia DR3 45159901786885632,51884.87229418384,1.0,[1.27500203e-01 1.35724423e-08],[3.13499559e-01 1.24922780e-50],600
Kepler-953,Gaia DR3 2127132821641254272,0.0366887074317836,[1.46494107e-07],[2.19824999e-01 5.22690589e-25],[3.17761279e-01 3.23898746e-52],600
Ross 508,Gaia DR3 1208695640675619584,0.04022028107218287,[6.48396119e-07],[1.87924799e-01 3.95846483e-18],[3.27690194e-01 6.45093700e-55],600
WASP-166,Gaia DR3 5664957444179338240,5.148700254462084,[0.99106786],[1.91400595e-01 6.36414219e-19],[3.35685820e-01 5.55322827e-58],600
HD 30562,Gaia DR3 3188395880157173120,0.09649134498669405,[0.0037157],[1.50630917e-01 9.78276705e-12],[3.26620426e-01 3.22712899e-55],600
K2-146,Gaia DR3 661192902209491456,0.43419718445348976,[0.12542546],[1.77164637e-01 2.75869913e-16],[3.38482021e-01 5.69334444e-59],600
Kepler-956,Gaia DR3 2129703552846891136,0.9065614913274195,[0.89920126],[2.07639878e-01 2.92865343e-22],[3.31434880e-01 3.34597341e-56],600
HD 24085,Gaia DR3 4666907516760096512,1.495998918402351,[0.86231257],[1.37151850e-01 6.76605856e-10],[3.42399744e-01 1.09653268e-60],600
Kepler-1541,Gaia DR3 2131643641112197888,0.02274962331725231,[5.17364013e-07],[1.90257905e-01 6.84296824e-19],[3.29710712e-01 6.72497596e-56],600
Kepler-144,Gaia DR3 2104839471773324032,0.8829710965216195,[0.76614233],[1.77400771e-01 1.60491876e-16],[3.22096928e-01 3.26883366e-53],600
K2-370,Gaia DR3 144150720342734208,0.5073570984721077,[0.80893211],[1.18351172e-01 3.40777327e-07],[3.22816531e-01 6.74386109e-53],600
Kepler-1907,Gaia DR3 2119409512668086656,1.0835106243339065,[0.80245489],[1.71312751e-01 2.82322036e-15],[3.30413389e-01 3.07323787e-56],600
Kepler-1473,Gaia DR3 2129558760909448064,0.2787217532908107,[0.03260943],[2.18334370e-01 1.37230771e-24],[3.4048268e-01 4.2475859e-60],600
LHS 1478,Gaia DR3 549007291282705024,0.0340863625218762,[1.84306551e-05],[1.74107105e-01 1.89630649e-15],[3.07480653e-01 2.93440136e-48],600
TOI-1853,Gaia DR3 1233227944114002688,1.7826880193645684,[0.93970815],[1.91477478e-01 3.94559352e-19],[3.24953869e-01 3.55174299e-54],600
TOI-3757,Gaia DR3 996878131494639488,3.3706077868317053,[0.96990969],[1.89416412e-01 1.33349834e-18],[3.27353901e-01 2.79948903e-55],600
TOI-2096,Gaia DR3 1126422935076082176,1.0202787248233658,[0.73619213],[1.64654663e-01 3.47028416e-14],[3.37790510e-01 7.92609759e-59],600
K2-175,Gaia DR3 55077599749605504,1.2052634542180403,[0.8457286],[1.83409451e-01 2.26416200e-17],[3.28742520e-01 3.83475293e-56],600
K2-126,Gaia DR3 3606785098479012864,3.117762415600372,[0.89967111],[1.70577619e-01 3.37033506e-15],[3.50088685e-01 1.61620227e-62],600
GJ 1252,Gaia DR3 6468968316900356736,0.011256409517084403,[1.44772762e-07],[1.71776412e-01 4.50452379e-15],[3.19315451e-01 1.48523485e-52],600
Qatar 8,Gaia DR3 1076515002779544960,0.7027612969387279,[0.59462537],[1.96865639e-01 6.70413404e-20],[3.40687959e-01 4.54734905e-60],600
rho CrB,Gaia DR3 1323427759184545536,0.20503292828505904,[0.03612145],[1.51781095e-01 3.75957686e-12],[3.20194536e-01 7.54155993e-53],600
Kepler-1605,Gaia DR3 2130676478898097792,0.9491248664049297,[0.83379968],[2.10128619e-01 8.61977244e-23],[3.32665786e-01 1.57470051e-56],600
GJ 676 A,Gaia DR3 5925209583053212800,0.3170040532937318,[0.17277999],[1.64387606e-01 4.78215330e-14],[3.10492640e-01 9.79404237e-50],600
HAT-P-49,Gaia DR3 1835842749465226368,0.6215566284964604,[0.73904593],[1.75797606e-01 4.85116398e-16],[3.16948624e-01 1.11979798e-51],600
K2-383,Gaia DR3 4098446119569242752,0.18998219729434293,[0.01905584],[1.80072147e-01 1.37974798e-16],[3.29667547e-01 5.56886450e-56],600
GJ 649,Gaia DR3 4572835535272627712,1.1945657862217536,[0.78045941],[1.63147982e-01 6.53715666e-14],[3.42055995e-01 1.85694223e-60],600
Kepler-1117,Gaia DR3 2129755573491351040,2.1826913171128086,[0.98482081],[2.04161247e-01 1.45061311e-21],[3.24872445e-01 3.78481543e-54],600
HD 155358,Gaia DR3 1334643739861016832,0.0902758972548988,[0.00424546],[1.54405324e-01 2.04391550e-12],[3.27578985e-01 1.87991733e-55],600
Kepler-392,Gaia DR3 2102948483573807616,0.02671384426336996,[6.27505158e-10],[2.25015835e-01 3.76540818e-26],[3.31358093e-01 1.44430812e-56],600
TOI-3837,Gaia DR3 726500525642401536,0.06866377117735457,[2.69335506e-06],[2.13439269e-01 1.04423123e-23],[3.51907996e-01 1.62137939e-63],600
K2-170,Gaia DR3 2599451994385832448,2.595723442079671,[0.94906581],[2.40526756e-01 1.03538172e-29],[3.53434470e-01 7.38308319e-64],600
WASP-169,Gaia DR3 5723772524469252096,0.6400047773481741,[0.31702279],[2.16642002e-01 1.52946589e-24],[3.41340810e-01 7.99041799e-61],600
HD 110082,Gaia DR3 5765748511163751936,4.0187567214651345,[0.95166192],[1.42970996e-01 1.15109872e-10],[3.16007418e-01 4.23151474e-51],600
TOI-1899,Gaia DR3 2073530190996615424,4.1006312269769705,[0.97153013],[1.56358530e-01 1.22878836e-12],[3.00276056e-01 1.22791940e-46],600
Kepler-174,Gaia DR3 2106008493152187392,0.004006785907214221,[2.22458516e-10],[1.837751e-01 1.808410e-17],[3.24212455e-01 1.49883413e-53],600
Kepler-272,Gaia DR3 2085701097508446464,0.3029643461731216,[0.06771751],[2.03874841e-01 2.32852243e-21],[3.44556037e-01 6.12449500e-61],600
HATS-43,Gaia DR3 2905983466705521792,5.433297914548823,[0.95365859],[2.08508708e-01 2.08985999e-22],[3.35815446e-01 3.14598160e-58],600
K2-50,Gaia DR3 3817000078053804672,1.9267187706552975,[0.97805073],[2.10015014e-01 1.19116122e-22],[3.36913216e-01 6.38627524e-59],600
Kepler-1998,Gaia DR3 2107658516506930048,2.3089908827528696,[0.91126517],[1.85894919e-01 1.35390769e-17],[3.28897706e-01 1.28210633e-55],600
NGTS-13,Gaia DR3 5385076140853434752,1.9199937659731965,[0.95886231],[2.24747696e-01 3.19584898e-26],[3.42300374e-01 5.78319762e-61],600
TOI-1199,Gaia DR3 861975270310252416,1.1212167911982602,[0.7728607],[2.09034070e-01 1.61527528e-22],[3.34667605e-01 5.04690918e-58],600
Kepler-521,Gaia DR3 2079005651508492032,1.214178248953078,[0.95931742],[2.30155740e-01 4.50244662e-27],[3.46308704e-01 5.29069250e-62],600
HD 206255,Gaia DR3 6561908626047094144,2.1342225518790756,[0.90979982],[1.89677200e-01 1.18733088e-18],[3.22643081e-01 1.39820939e-53],600
TOI-4201,Gaia DR3 2997312063605005056,1.6729184172957878,[0.96161065],[1.59457688e-01 3.96908902e-13],[3.22304379e-01 2.78428795e-53],600
HIP 65891,Gaia DR3 5870273893372957440,6.168945169604426,[0.97538209],[1.04476876e-01 1.44402023e-05],[3.05656913e-01 2.91758198e-48],600
Kepler-206,Gaia DR3 2101715862321812736,2.7990445945182323,[0.96601059],[1.95693523e-01 8.41465324e-20],[3.50925980e-01 8.15366947e-64],600
CoRoT-9,Gaia DR3 4285571629874670080,0.5261986411662727,[0.53418407],[1.18803874e-01 1.92213980e-07],[3.05335623e-01 3.05461969e-48],600
Kepler-949,Gaia DR3 2085527924426959104,0.39297790144252365,[0.29531272],[1.97541421e-01 4.54164963e-20],[3.05415910e-01 2.87915586e-48],600
HS Psc,Gaia DR3 295713106830535424,7.552539792354078,[0.98718294],[1.33905089e-01 1.88059534e-09],[3.14715239e-01 3.32237579e-51],600
WASP-60,Gaia DR3 2868528637464028160,1.0216927129658064,[0.85221615],[2.21211811e-01 2.53498043e-25],[3.40561299e-01 3.13548112e-60],600
K2-84,Gaia DR3 44062348664673152,0.83799443794344,[0.46303658],[2.13195992e-01 1.86968368e-23],[3.51385410e-01 7.09104116e-64],600
TOI-2076,Gaia DR3 1490845584382687232,15.039007360031237,[0.9730106],[1.71407156e-01 2.88389820e-15],[3.19004545e-01 1.88659636e-52],600
HD 211403,Gaia DR3 2198848918548722304,2.77501058529585,[0.9501746],[1.69299345e-01 5.29998114e-15],[3.34423843e-01 3.06990398e-57],600
HD 43197,Gaia DR3 2896745747966986240,0.10613690541463457,[0.01074938],[1.41602871e-01 1.66591230e-10],[3.00116610e-01 3.45660929e-46],600
HD 4208,Gaia DR3 2343647384368388608,0.04387150463801686,[0.00027913],[1.56790441e-01 7.07784844e-13],[3.36795486e-01 7.22683141e-58],600
Kepler-1994,Gaia DR3 2080271674728481280,5.043287062249068,[0.98362969],[1.84107638e-01 1.11389046e-17],[3.11552060e-01 6.58778015e-50],600
Kepler-935,Gaia DR3 2080476321330727808,0.4541611345027513,[0.33309806],[2.00040850e-01 7.45628573e-21],[3.30520479e-01 3.53029492e-56],600
WASP-69,Gaia DR3 6910753016653587840,4.147378462877174,[0.97052875],[1.70278492e-01 5.39252912e-15],[3.29268865e-01 9.55180018e-56],600
TOI-2109,Gaia DR3 4558177980124887936,4.354251770872495,[0.99483363],[1.86225184e-01 5.84182650e-18],[3.05959688e-01 1.31485546e-48],600
USco1621 A,Gaia DR3 6048608906890968960,25.664392771363364,[0.96553812],[0.06127315 0.04195115],[3.02969249e-01 9.87577741e-48],600
TOI-122,Gaia DR3 6411096106487783296,0.007215139639535461,[5.64886771e-07],[1.44012701e-01 9.23097114e-11],[3.16474750e-01 8.68439555e-52],600
K2-389,Gaia DR3 2435647095676990592,0.1431765321600482,[0.00091551],[2.23180257e-01 1.21792319e-25],[3.41846841e-01 9.33581418e-60],600
TOI-1634,Gaia DR3 223158499179138432,1.1821043691415556,[0.78040694],[1.4432991e-01 1.2110120e-10],[3.26042105e-01 3.62563020e-54],600
Kepler-520,Gaia DR3 2077598384004774912,0.9882683563442008,[0.91318273],[2.16699667e-01 3.48817107e-24],[3.27924660e-01 2.76893091e-55],600
KELT-6,Gaia DR3 1464700950221781504,1.541073903344761,[0.94423341],[2.17266198e-01 1.96195158e-24],[3.23078531e-01 6.49656241e-54],600
TOI-628,Gaia DR3 3126717023056016256,3.533860471287312,[0.98342997],[1.86787579e-01 3.44843405e-18],[3.20194630e-01 1.14770489e-52],600
HATS-45,Gaia DR3 2926039005480063616,2.8127013046699836,[0.97034693],[1.36473911e-01 8.39320889e-10],[3.16082926e-01 5.17065373e-52],600
TOI-836,Gaia DR3 6230733559097425152,4.525344187632741,[0.97423346],[1.56592390e-01 7.99596167e-13],[3.03162871e-01 4.64213605e-47],600
Kepler-1981,Gaia DR3 2099583977992504576,3.852826445138853,[0.99618456],[2.00404270e-01 7.37995648e-21],[3.45835877e-01 1.64777071e-61],600
Kepler-570,Gaia DR3 2129531822874416640,2.8180301848553917,[0.98871529],[2.16629481e-01 2.71981484e-24],[3.50736421e-01 5.64575015e-63],600
TOI-2458,Gaia DR3 3233785128901216128,0.1005758507016851,[0.00282266],[1.64210119e-01 2.97516471e-14],[3.32332771e-01 3.34903446e-57],600
WASP-39,Gaia DR3 3643098875168270592,0.48344153145919594,[0.14836329],[2.06295509e-01 5.17057150e-22],[3.32611954e-01 5.28201015e-57],600
Kepler-1190,Gaia DR3 2132028912560212096,2.237407726103323,[0.94701181],[1.94517774e-01 1.67931592e-19],[3.21197179e-01 1.84207929e-53],600
Kepler-886,Gaia DR3 2105673726221976576,1.5585194131656752,[0.9588935],[2.14450263e-01 6.24683110e-24],[3.26364851e-01 1.82211663e-54],600
Kepler-50,Gaia DR3 2132885161540029952,4.508401159678067,[0.98204642],[1.73165251e-01 1.33714347e-15],[3.33181210e-01 2.11812214e-57],600
KOI-1783,Gaia DR3 2127790368255394048,0.25178029620274306,[0.09627402],[1.99821421e-01 1.85192127e-20],[3.47456235e-01 2.40764716e-61],600
CoRoT-7,Gaia DR3 3107267177757848576,1.859634534423226,[0.92083154],[1.82633122e-01 1.61073811e-17],[3.27165024e-01 1.68268500e-55],600
Kepler-804,Gaia DR3 2126432677554353280,0.9294211341358996,[0.90280789],[2.08314607e-01 2.10528256e-22],[3.35488220e-01 3.25838663e-58],600
Kepler-184,Gaia DR3 2125831210335846016,0.29089877826005295,[0.07517073],[2.18524356e-01 9.31500640e-25],[3.38180421e-01 5.76065798e-59],600
6 Lyn,Gaia DR3 1004358968092652544,0.21003771443102284,[0.03935703],[1.52853088e-01 3.55759937e-12],[3.30243693e-01 2.81334419e-56],600
Kepler-563,Gaia DR3 2128258141734121600,0.28464681383899654,[0.21049655],[1.93006875e-01 2.65777971e-19],[3.25366211e-01 2.07152562e-54],600
HD 31253,Gaia DR3 3295354481521174656,1.4658099793369768,[0.86873252],[1.47116171e-01 4.82732941e-11],[3.15396597e-01 1.51510172e-50],600
HD 135694,Gaia DR3 1696831425624356480,0.0251219480034317,[1.36252398e-05],[1.63304278e-01 8.49660076e-14],[3.34613782e-01 2.10245062e-58],600
GJ 3998,Gaia DR3 4540061704989418240,0.7616085869194542,[0.65061197],[1.73380612e-01 1.38289406e-15],[3.21868979e-01 4.66758394e-54],600
Kepler-796,Gaia DR3 2099651529238509696,0.19420860569871748,[0.00274489],[2.31068169e-01 2.21564096e-27],[3.20730119e-01 1.42977138e-52],600
WASP-145 A,Gaia DR3 6458529931463278848,0.43637314760184104,[0.16506374],[1.90338594e-01 4.92681956e-19],[3.40686841e-01 3.58566595e-60],600
Kepler-581,Gaia DR3 2076595869920511104,0.016857259423245546,[5.74968486e-07],[1.71822564e-01 2.30027687e-15],[3.31705591e-01 2.15246731e-56],600
HD 13724,Gaia DR3 4942867480584948352,2.628566057345804,[0.98348912],[1.54255299e-01 1.86852511e-12],[3.19244236e-01 1.03349362e-52],600
HD 139357,Gaia DR3 1597757387783227008,50.46326118723108,1.0,[1.51031961e-01 7.76479905e-12],[3.13201904e-01 1.56354018e-50],600
WASP-93,Gaia DR3 415703635408772480,1.4559727912130087,[0.89413817],[1.95095126e-01 1.10716334e-19],[3.15836542e-01 2.60937325e-51],600
Kepler-154,Gaia DR3 2133022669212268800,0.9168879174857878,[0.81080139],[2.2491080e-01 2.5123937e-25],[3.26632919e-01 2.03959335e-53],588
HD 205158,Gaia DR3 6458219559946927872,1.9104594909095536,[0.9609453],[1.63297942e-01 8.51701234e-14],[3.15323795e-01 3.14103980e-51],600
K2-152,Gaia DR3 3596508242468505216,4.036776898225728,[0.97661779],[1.59989602e-01 2.27477595e-13],[3.13154390e-01 2.95853082e-50],600
WASP-190,Gaia DR3 4994237247949280000,0.44999377706149646,[0.3624247],[2.10537314e-01 3.44068170e-16],[3.24296275e-01 1.42979789e-37],416
HAT-P-35,Gaia DR3 3094733088793018240,2.6498408211625737,[0.96621648],[1.93035687e-01 1.94215921e-19],[3.32580323e-01 1.38777868e-57],600
K2-232,Gaia DR3 3406687485600728192,0.5125154996984992,[0.65475319],[1.25902625e-01 3.60928169e-08],[3.33102276e-01 8.85292345e-57],600
TOI-2498,Gaia DR3 3330907293088717824,1.481713766071254,[0.93427818],[1.63934446e-01 3.49612241e-14],[3.13644223e-01 5.00679532e-51],600
K2-139,Gaia DR3 4084602654011029376,1.9140655399054596,[0.95244742],[1.58927901e-01 4.14089563e-13],[3.20066655e-01 1.92679578e-52],600
TOI-2141,Gaia DR3 4548496986402688384,0.27645717880254256,[0.05355091],[1.60258769e-01 1.76141178e-13],[3.25593990e-01 3.78539697e-55],600
Kepler-1789,Gaia DR3 2104539202019666432,0.2514394851018968,[0.01437922],[2.22307312e-01 7.83063157e-26],[3.20337148e-01 3.59564881e-53],600
TOI-2368,Gaia DR3 5325498111172934784,1.8025173410949151,[0.90668698],[1.30128875e-01 5.98532341e-09],[3.28363063e-01 5.19479731e-56],600
HD 6434,Gaia DR3 4988158666636598272,0.016034705398184797,[1.36730793e-05],[1.46568197e-01 3.60276555e-11],[3.35617735e-01 5.86836278e-58],600
HD 156098,Gaia DR3 5979460655025099776,1.674016620317156,[0.86887143],[1.68066453e-01 1.21606124e-14],[3.19641002e-01 6.16477710e-52],600
HD 154672,Gaia DR3 5917231492323978880,0.6667074014561299,[0.42672215],[1.48622097e-01 1.19937939e-11],[3.33196719e-01 3.29937966e-57],600
KOI-351,Gaia DR3 2132193431285570304,1.9087680535625458,[0.96051091],[1.93679253e-01 4.35580442e-18],[3.36752111e-01 1.32508411e-53],559
HATS-55,Gaia DR3 5592019557950033536,1.9895177868840077,[0.80923537],[1.54159357e-01 1.84398954e-12],[3.40936545e-01 1.22180053e-59],600
K2-337,Gaia DR3 658978451430055936,0.0481445528233536,[7.2020904e-09],[2.18710622e-01 7.67853837e-25],[3.56195777e-01 4.12566291e-65],600
HD 95127,Gaia DR3 781641961487762816,1.2189054592871122,[0.9131959],[2.94732153e-01 1.13065206e-32],[3.48893524e-01 2.50264752e-45],431
HD 156411,Gaia DR3 5950535424666050304,1.0940986142561966,[0.77421809],[1.64126652e-01 5.00592391e-14],[3.25140395e-01 3.07028744e-54],600
K2-239,Gaia DR3 3857872051994269824,1.2829397525700712,[0.74347788],[1.81368170e-01 4.42482775e-17],[3.29369545e-01 4.52328037e-56],600
HD 141399,Gaia DR3 1398218223733415552,13.656333417791577,[0.99018179],[1.48589929e-01 1.10989836e-11],[3.36630343e-01 8.05538245e-59],600
K2-149,Gaia DR3 2557342829345854208,2.1564897577505096,[0.95057016],[1.60812406e-01 2.28282527e-13],[3.07898344e-01 1.46647228e-48],600
HAT-P-68,Gaia DR3 675443053940533760,1.1327367602459835,[0.71386333],[1.87104672e-01 3.21749225e-18],[3.26746452e-01 4.52477449e-55],600
WASP-102,Gaia DR3 2736318583335936128,0.9225952724604031,[0.89185809],[2.57277357e-01 6.19564835e-34],[3.3671838e-01 1.5069060e-58],600
TOI-1683,Gaia DR3 152451414656258560,1.200866502185294,[0.72027648],[1.44922341e-01 6.82196298e-11],[3.41889442e-01 3.44803342e-60],600
TOI-1693,Gaia DR3 3451908921382409472,5.33790601108064,[0.97651769],[1.40490120e-01 2.92364081e-10],[3.30630077e-01 1.05403594e-56],600
K2-131,Gaia DR3 3580920878437938688,4.51908926990198,[0.98441983],[1.72808545e-01 1.64084075e-15],[3.32899479e-01 4.19143948e-57],600
HD 114386,Gaia DR3 6166971574132849792,0.4157380934244725,[0.03632028],[1.95887348e-01 8.98654159e-20],[3.29089185e-01 1.37551731e-55],600
GJ 160.2,Gaia DR3 5091077112524265344,0.022529414623512958,[0.00034277],[1.27823352e-01 1.23350708e-08],[3.09250669e-01 3.00835035e-49],600
Kepler-1390,Gaia DR3 2086485186737501696,0.07235348907516202,[4.38378863e-05],[2.15945086e-01 4.66012916e-24],[3.36422602e-01 1.52042639e-58],600
K2-123,Gaia DR3 685065155072248192,0.48485158774892595,[0.48617474],[1.46757965e-01 8.02931849e-11],[3.05142096e-01 4.26082783e-48],600
TOI-5153,Gaia DR3 2942084865853011712,0.1809082486173449,[0.08565437],[1.52234490e-01 6.73753687e-12],[3.24668919e-01 1.21341775e-54],600
Kepler-879,Gaia DR3 2135398473324811392,0.548129473280787,[0.56405801],[2.41472906e-01 2.97462773e-30],[3.36401527e-01 1.22606682e-58],600
HD 203030,Gaia DR3 1846882224145757056,6.209714626187785,[0.97783726],[1.58485040e-01 3.78667097e-13],[3.53509968e-01 1.14246009e-64],600
Kepler-908,Gaia DR3 2076194101502797952,2.1177377433361486,[0.94984637],[1.58689431e-01 4.08586292e-13],[3.04975692e-01 4.81494175e-48],600
Kepler-483,Gaia DR3 2101719263935952768,0.719419253120881,[0.6607058],[2.12295166e-01 1.86203407e-23],[3.52979361e-01 8.41360653e-64],600
Sol,Sol,3.239,[0.9394868],[1.67424512e-01 1.31931283e-14],[3.25162577e-01 3.74782220e-54],600
